fund_name,nav_date,nav_value,sell_price,buy_price,net_asset,proj_id,comp_name_th
1AM-DAILY-RA,2026-10-07,13.0914,13.0915,13.0914,1268691231.38,M0746_2550,บริษัทหลักทรัพย์จัดการกองทุน วรรณ จำกัด
1AM-DAILY-SSF,2026-10-07,13.0892,13.0893,13.0892,183074805.89,M0746_2550,บริษัทหลักทรัพย์จัดการกองทุน วรรณ จำกัด
1AM-TG,2026-10-07,12.7921,12.7922,12.7921,689307282.87,M0626_2551,บริษัทหลักทรัพย์จัดการกองทุน วรรณ จำกัด
1AMSET50-RA,2026-10-07,70.809,70.9985,70.632,1286030248.94,M0512_2546,บริษัทหลักทรัพย์จัดการกองทุน วรรณ จำกัด
1AMSET50-RU,2026-10-07,70.3049,70.6811,70.3049,169075456.69,M0512_2546,บริษัทหลักทรัพย์จัดการกองทุน วรรณ จำกัด
1DIV,2026-10-07,13.8769,0.0,0.0,263661821.28,M0437_2554,บริษัทหลักทรัพย์จัดการกองทุน วรรณ จำกัด
1GLOBALBOND,2026-10-05,8.6254,8.6255,8.6254,4821944.85,M0430_2550,บริษัทหลักทรัพย์จัดการกองทุน วรรณ จำกัด
1I01BSET50,2026-10-07,3.4135,0.0,0.0,3413501.43,M0277_2568,บริษัทหลักทรัพย์จัดการกองทุนรวม  บัวหลวง จำกัด
1US-OPP,2026-10-06,26.2537,26.6476,26.2537,207392138.09,M0235_2551,บริษัทหลักทรัพย์จัดการกองทุน วรรณ จำกัด
1VAL-RD,2026-10-07,12.8016,12.8359,12.7696,270507532.24,M0280_2548,บริษัทหลักทรัพย์จัดการกองทุน วรรณ จำกัด
2I01BSET50,2026-10-07,2.3546,0.0,0.0,63574649.0,M0278_2568,บริษัทหลักทรัพย์จัดการกองทุนรวม  บัวหลวง จำกัด
2X01BSET50,2026-10-07,8.2237,0.0,0.0,24671359.04,M0279_2568,บริษัทหลักทรัพย์จัดการกองทุนรวม  บัวหลวง จำกัด
A-AIRR,2026-10-06,9.4582,9.5765,9.4582,41661457.33,M0059_2569,บริษัทหลักทรัพย์จัดการกองทุน แอสเซท พลัส จำกัด
A-ASEMI,2026-10-07,15.0078,15.1955,15.0078,1259923509.6,M0184_2569,บริษัทหลักทรัพย์จัดการกองทุน แอสเซท พลัส จำกัด
A-GRID,2026-10-06,10.4216,10.552,10.4216,1215642975.9,M0036_2569,บริษัทหลักทรัพย์จัดการกองทุน แอสเซท พลัส จำกัด
A-HUMANOID,2026-10-06,10.0821,10.2082,10.0821,153298535.28,M0420_2569,บริษัทหลักทรัพย์จัดการกองทุน แอสเซท พลัส จำกัด
A-JEDI,2026-10-06,9.8549,9.9782,9.8549,448015042.01,M0008_2569,บริษัทหลักทรัพย์จัดการกองทุน แอสเซท พลัส จำกัด
A-RING,2026-10-06,10.5322,10.664,10.5322,1197302448.5,M0999_2568,บริษัทหลักทรัพย์จัดการกองทุน แอสเซท พลัส จำกัด
A-SLVP,2026-10-06,10.8868,11.023,10.8868,896846464.0,M1031_2568,บริษัทหลักทรัพย์จัดการกองทุน แอสเซท พลัส จำกัด
ABAGS,2026-10-06,19.0387,19.3244,19.0387,299387938.68,M0562_2558,บริษัทหลักทรัพย์จัดการกองทุน อเบอร์ดีน (ประเทศไทย) จำกัด
ABAGS-SSF,2026-10-06,19.0565,19.0566,19.0565,3223694.42,M0562_2558,บริษัทหลักทรัพย์จัดการกองทุน อเบอร์ดีน (ประเทศไทย) จำกัด
ABALL-TESGX1,2026-10-07,12.1367,12.1368,12.1367,44868010.77,M0462_2568,บริษัทหลักทรัพย์จัดการกองทุน อเบอร์ดีน (ประเทศไทย) จำกัด
ABALL-TESGX2,2026-10-07,12.1376,12.1377,12.1376,643877391.99,M0462_2568,บริษัทหลักทรัพย์จัดการกองทุน อเบอร์ดีน (ประเทศไทย) จำกัด
ABAPAC,2026-10-06,27.3503,27.7607,27.3503,1145436414.07,M0582_2548,บริษัทหลักทรัพย์จัดการกองทุน อเบอร์ดีน (ประเทศไทย) จำกัด
ABAPAC-RMF,2026-10-06,19.3333,19.3334,19.3333,668928246.39,M0774_2554,บริษัทหลักทรัพย์จัดการกองทุน อเบอร์ดีน (ประเทศไทย) จำกัด
ABAPAC-SSF,2026-10-06,27.3462,27.3463,27.3462,7884141.48,M0582_2548,บริษัทหลักทรัพย์จัดการกองทุน อเบอร์ดีน (ประเทศไทย) จำกัด
ABCA-A,2026-09-30,9.6662,9.8113,9.6662,123665356.47,M0303_2564,บริษัทหลักทรัพย์จัดการกองทุน อเบอร์ดีน (ประเทศไทย) จำกัด
ABCG,2026-09-30,11.3736,11.5443,11.3736,159150170.75,M0401_2552,บริษัทหลักทรัพย์จัดการกองทุน อเบอร์ดีน (ประเทศไทย) จำกัด
ABCG-SSF,2026-09-30,11.3595,11.3596,11.3595,6887138.09,M0401_2552,บริษัทหลักทรัพย์จัดการกองทุน อเบอร์ดีน (ประเทศไทย) จำกัด
ABEG,2026-10-06,12.2122,12.3955,12.2122,150576798.67,M0363_2549,บริษัทหลักทรัพย์จัดการกองทุน อเบอร์ดีน (ประเทศไทย) จำกัด
ABFI-MF PVD,2026-10-07,11.0199,11.02,11.0199,120308258.83,M0488_2562,บริษัทหลักทรัพย์จัดการกองทุน อเบอร์ดีน (ประเทศไทย) จำกัด
ABFTH,2026-10-07,1307.8253,1310.4411,1305.2096,10938058706.41,M0145_2549,บริษัทหลักทรัพย์จัดการกองทุน กสิกรไทย จำกัด
ABG,2026-10-07,96.1765,96.1766,95.2147,1284789646.02,M0020_2539,บริษัทหลักทรัพย์จัดการกองทุน อเบอร์ดีน (ประเทศไทย) จำกัด
ABGDD-A,2026-10-06,11.9933,12.1733,11.9933,460790461.86,M0250_2564,บริษัทหลักทรัพย์จัดการกองทุน อเบอร์ดีน (ประเทศไทย) จำกัด
ABGDD-R,2026-10-06,11.9599,12.1394,11.9599,153341327.78,M0250_2564,บริษัทหลักทรัพย์จัดการกองทุน อเบอร์ดีน (ประเทศไทย) จำกัด
ABGDD-RMF,2026-10-06,13.3493,13.3494,13.3493,140228041.47,M0570_2565,บริษัทหลักทรัพย์จัดการกองทุน อเบอร์ดีน (ประเทศไทย) จำกัด
ABGDD-SSF,2026-10-06,11.9666,11.9667,11.9666,44281305.12,M0250_2564,บริษัทหลักทรัพย์จัดการกองทุน อเบอร์ดีน (ประเทศไทย) จำกัด
ABGEM,2026-10-06,21.8898,22.2182,21.8898,422661996.95,M0157_2550,บริษัทหลักทรัพย์จัดการกองทุน อเบอร์ดีน (ประเทศไทย) จำกัด
ABGFIX-A,2026-10-06,10.8422,10.9507,10.8422,240250949.01,M0581_2566,บริษัทหลักทรัพย์จัดการกองทุน อเบอร์ดีน (ประเทศไทย) จำกัด
ABGS-A,2026-10-06,7.1878,7.2957,7.1878,19404763.82,M0045_2564,บริษัทหลักทรัพย์จัดการกองทุน อเบอร์ดีน (ประเทศไทย) จำกัด
ABGS-SSF,2026-10-06,7.2068,7.2069,7.2068,2512441.21,M0045_2564,บริษัทหลักทรัพย์จัดการกองทุน อเบอร์ดีน (ประเทศไทย) จำกัด
ABIG,2026-10-06,20.6655,20.9756,20.6655,331863489.66,M0041_2554,บริษัทหลักทรัพย์จัดการกองทุน อเบอร์ดีน (ประเทศไทย) จำกัด
ABINNO-A,2026-10-06,10.9175,11.0814,10.9175,29148822.13,M0536_2564,บริษัทหลักทรัพย์จัดการกองทุน อเบอร์ดีน (ประเทศไทย) จำกัด
ABINNO-SSF,2026-10-06,10.929,10.9291,10.929,3303136.05,M0536_2564,บริษัทหลักทรัพย์จัดการกองทุน อเบอร์ดีน (ประเทศไทย) จำกัด
ABJO,2026-10-06,24.0197,24.3801,24.0197,311957729.33,M0532_2556,บริษัทหลักทรัพย์จัดการกองทุน อเบอร์ดีน (ประเทศไทย) จำกัด
ABMIX70,2026-10-07,9.1136,9.1137,9.0908,117824737.66,M0529_2559,บริษัทหลักทรัพย์จัดการกองทุน อเบอร์ดีน (ประเทศไทย) จำกัด
ABMM-MF PVD,2026-10-07,10.6264,10.6265,10.6264,97193292.64,M0470_2562,บริษัทหลักทรัพย์จัดการกองทุน อเบอร์ดีน (ประเทศไทย) จำกัด
ABSC-RMF,2026-10-07,76.2383,76.2384,76.2383,2827088184.45,M0140_2545,บริษัทหลักทรัพย์จัดการกองทุน อเบอร์ดีน (ประเทศไทย) จำกัด
ABSI-RMF,2026-10-07,13.2663,13.2664,13.2663,543669710.02,M0141_2545,บริษัทหลักทรัพย์จัดการกองทุน อเบอร์ดีน (ประเทศไทย) จำกัด
ABSL,2026-10-07,38.2696,38.461,38.1739,134301614.94,M0035_2547,บริษัทหลักทรัพย์จัดการกองทุน อเบอร์ดีน (ประเทศไทย) จำกัด
ABSM,2026-10-07,48.6406,49.1271,48.6406,714915181.58,M0413_2548,บริษัทหลักทรัพย์จัดการกองทุน อเบอร์ดีน (ประเทศไทย) จำกัด
ABSM-RMF,2026-10-07,9.1186,9.1187,9.1186,41823420.73,M0569_2565,บริษัทหลักทรัพย์จัดการกองทุน อเบอร์ดีน (ประเทศไทย) จำกัด
ABSM-SSF,2026-10-07,48.6287,48.6288,48.6287,6789709.71,M0413_2548,บริษัทหลักทรัพย์จัดการกองทุน อเบอร์ดีน (ประเทศไทย) จำกัด
ABTED,2026-10-07,3.424,3.4583,3.424,15119106.91,M0071_2546,บริษัทหลักทรัพย์จัดการกองทุน อเบอร์ดีน (ประเทศไทย) จำกัด
ABTESSF,2026-10-07,9.9508,9.9509,9.9508,46430595.86,M0187_2563,บริษัทหลักทรัพย์จัดการกองทุน อเบอร์ดีน (ประเทศไทย) จำกัด
ABTESSFX,2026-10-07,9.9602,9.9603,9.9602,33404473.44,M0187_2563,บริษัทหลักทรัพย์จัดการกองทุน อเบอร์ดีน (ประเทศไทย) จำกัด
ABTOPP,2026-10-07,39.1069,39.107,39.0091,3038095659.99,M0698_2547,บริษัทหลักทรัพย์จัดการกองทุน อเบอร์ดีน (ประเทศไทย) จำกัด
ABV,2026-10-07,35.3629,35.5398,35.2745,110683710.31,M0285_2546,บริษัทหลักทรัพย์จัดการกองทุน อเบอร์ดีน (ประเทศไทย) จำกัด
ABWOOF,2026-10-06,17.8688,18.1369,17.8688,71844686.02,M0065_2549,บริษัทหลักทรัพย์จัดการกองทุน อเบอร์ดีน (ประเทศไทย) จำกัด
AEOB,2026-10-06,16.4176,16.5819,16.4176,101092068.8,M0256_2550,บริษัทหลักทรัพย์จัดการกองทุน อเบอร์ดีน (ประเทศไทย) จำกัด
AFMOAT-HA,2026-10-06,11.633,11.7494,11.633,199769838.58,M0478_2564,บริษัทหลักทรัพย์จัดการกองทุน ทาลิส จำกัด
AFMOAT-HSSF,2026-10-06,11.627,11.6271,11.627,23245020.13,M0478_2564,บริษัทหลักทรัพย์จัดการกองทุน ทาลิส จำกัด
AFMOATHRMF,2026-10-06,12.5229,12.523,12.5229,33341887.57,M0525_2566,บริษัทหลักทรัพย์จัดการกองทุน ทาลิส จำกัด
AGF,2026-10-07,3.6101,3.6283,3.6101,28998730.39,M0023_2536,บริษัทหลักทรัพย์จัดการกองทุน เอ็มเอฟซี จำกัด (มหาชน)
AIA-DFI,2026-10-06,8.201,8.3327,8.201,259901789.09,M0520_2563,บริษัทหลักทรัพย์จัดการกองทุน เอไอเอ (ประเทศไทย) จำกัด
AIA-ES50,2026-10-07,14.2775,14.5068,14.2775,16826120449.42,M0307_2563,บริษัทหลักทรัพย์จัดการกองทุน เอไอเอ (ประเทศไทย) จำกัด
AIA-GAA,2026-10-06,13.5773,13.7953,13.5773,18300601122.18,M0354_2563,บริษัทหลักทรัพย์จัดการกองทุน เอไอเอ (ประเทศไทย) จำกัด
AIA-GAA-UH,2026-10-06,11.8186,12.0084,11.8186,4195985304.86,M0511_2568,บริษัทหลักทรัพย์จัดการกองทุน เอไอเอ (ประเทศไทย) จำกัด
AIA-GAIF,2026-10-06,11.7153,11.9034,11.7153,6804159631.26,M0167_2568,บริษัทหลักทรัพย์จัดการกองทุน เอไอเอ (ประเทศไทย) จำกัด
AIA-GCA,2026-10-06,9.5219,9.6748,9.5219,410800585.3,M0348_2563,บริษัทหลักทรัพย์จัดการกองทุน เอไอเอ (ประเทศไทย) จำกัด
AIA-GEQ,2026-10-06,12.0931,12.2873,12.0931,10508089332.44,M0602_2563,บริษัทหลักทรัพย์จัดการกองทุน เอไอเอ (ประเทศไทย) จำกัด
AIA-GMA,2026-10-06,11.3831,11.5659,11.3831,2782702172.08,M0351_2563,บริษัทหลักทรัพย์จัดการกองทุน เอไอเอ (ประเทศไทย) จำกัด
AIA-GMA-UH,2026-10-06,11.2341,11.4145,11.2341,239006250.88,M0665_2568,บริษัทหลักทรัพย์จัดการกองทุน เอไอเอ (ประเทศไทย) จำกัด
AIA-GMSH,2026-10-06,10.6333,10.8041,10.6333,632997300.1,M0669_2568,บริษัทหลักทรัพย์จัดการกองทุน เอไอเอ (ประเทศไทย) จำกัด
AIA-IAA,2026-10-06,12.2802,12.4774,12.2802,11101803057.28,M0521_2564,บริษัทหลักทรัพย์จัดการกองทุน เอไอเอ (ประเทศไทย) จำกัด
AIA-IC,2026-10-07,11.5627,11.5628,11.5627,10321867726.46,M0253_2563,บริษัทหลักทรัพย์จัดการกองทุน เอไอเอ (ประเทศไทย) จำกัด
AIA-ICA,2026-10-06,11.7429,11.9315,11.7429,558612336.99,M0512_2564,บริษัทหลักทรัพย์จัดการกองทุน เอไอเอ (ประเทศไทย) จำกัด
AIA-IMA,2026-10-06,12.0214,12.2144,12.0214,4870468688.92,M0520_2564,บริษัทหลักทรัพย์จัดการกองทุน เอไอเอ (ประเทศไทย) จำกัด
AIA-PVD-EQ,2026-10-07,10.0093,10.0094,10.0093,1732066036.98,M0822_2569,บริษัทหลักทรัพย์จัดการกองทุน เอไอเอ (ประเทศไทย) จำกัด
AIA-PVD-FI1,2026-10-07,10.0015,10.0016,10.0015,2159087032.45,M0821_2569,บริษัทหลักทรัพย์จัดการกองทุน เอไอเอ (ประเทศไทย) จำกัด
AIA-PVD-FI2,2026-10-07,10.0036,10.0037,10.0036,10568086911.41,M0580_2569,บริษัทหลักทรัพย์จัดการกองทุน เอไอเอ (ประเทศไทย) จำกัด
AIA-SEL,2026-10-06,14.1429,14.37,14.1429,3836803814.87,M0485_2566,บริษัทหลักทรัพย์จัดการกองทุน เอไอเอ (ประเทศไทย) จำกัด
AIA-ST,2026-10-07,10.8029,10.803,10.8029,2977127059.13,M0342_2563,บริษัทหลักทรัพย์จัดการกองทุน เอไอเอ (ประเทศไทย) จำกัด
AIA-TAA,2026-10-07,11.3026,11.4841,11.3026,1978176583.1,M0526_2564,บริษัทหลักทรัพย์จัดการกองทุน เอไอเอ (ประเทศไทย) จำกัด
AIA-TCA,2026-10-07,11.4319,11.6155,11.4319,173303502.23,M0522_2564,บริษัทหลักทรัพย์จัดการกองทุน เอไอเอ (ประเทศไทย) จำกัด
AIA-TEQ,2026-10-07,13.9563,14.1804,13.9563,12332248271.52,M0335_2563,บริษัทหลักทรัพย์จัดการกองทุน เอไอเอ (ประเทศไทย) จำกัด
AIA-THDIS,2026-10-07,13.7824,14.0037,13.7824,2166334108.6,M0331_2563,บริษัทหลักทรัพย์จัดการกองทุน เอไอเอ (ประเทศไทย) จำกัด
AIA-TMA,2026-10-07,11.4544,11.6383,11.4544,1133415253.68,M0525_2564,บริษัทหลักทรัพย์จัดการกองทุน เอไอเอ (ประเทศไทย) จำกัด
AIA-US500,2026-10-06,17.5764,17.7646,17.5764,6154433069.7,M0472_2563,บริษัทหลักทรัพย์จัดการกองทุน เอไอเอ (ประเทศไทย) จำกัด
ASIA-E,2026-10-06,15.1188,15.3457,15.1188,17888216.44,M0147_2549,บริษัทหลักทรัพย์จัดการกองทุน ยูโอบี (ประเทศไทย) จำกัด
ASP,2026-10-07,16.4329,16.433,16.4329,357756270.47,M0142_2542,บริษัทหลักทรัพย์จัดการกองทุน แอสเซท พลัส จำกัด
ASP-AAA-A,2026-10-06,12.7242,12.7879,12.7242,144894448.12,M0488_2561,บริษัทหลักทรัพย์จัดการกองทุน แอสเซท พลัส จำกัด
ASP-AAA-R,2026-10-06,12.618,12.6812,12.618,24651857.99,M0488_2561,บริษัทหลักทรัพย์จัดการกองทุน แอสเซท พลัส จำกัด
ASP-ACTFIX,2026-10-07,10.0726,10.0727,10.0726,146173313.08,M0925_2568,บริษัทหลักทรัพย์จัดการกองทุน แอสเซท พลัส จำกัด
ASP-AIEQ,2026-10-06,22.0535,22.3844,22.0535,980958017.11,M0417_2560,บริษัทหลักทรัพย์จัดการกองทุน แอสเซท พลัส จำกัด
ASP-AIEQRMF,2026-10-06,20.1063,20.1064,20.1063,299113483.88,M0542_2560,บริษัทหลักทรัพย์จัดการกองทุน แอสเซท พลัส จำกัด
ASP-ASIAN,2026-10-06,18.3319,18.607,18.3319,69731436.97,M0428_2550,บริษัทหลักทรัพย์จัดการกองทุน แอสเซท พลัส จำกัด
ASP-BIC,2026-10-06,7.9482,8.1073,7.9482,21047491.51,M0424_2550,บริษัทหลักทรัพย์จัดการกองทุน แอสเซท พลัส จำกัด
ASP-CHINA,2026-10-05,6.0407,0.0,0.0,20208072.72,M0227_2557,บริษัทหลักทรัพย์จัดการกองทุน แอสเซท พลัส จำกัด
ASP-CHINABOND-A,2026-10-05,8.6592,0.0,0.0,6947478.29,M0308_2564,บริษัทหลักทรัพย์จัดการกองทุน แอสเซท พลัส จำกัด
ASP-CHINABOND-R,2026-10-05,8.6075,0.0,0.0,5890829.59,M0308_2564,บริษัทหลักทรัพย์จัดการกองทุน แอสเซท พลัส จำกัด
ASP-CRYPTO-UI,2026-10-06,7.7408,7.857,7.7408,175654875.21,M0052_2568,บริษัทหลักทรัพย์จัดการกองทุน แอสเซท พลัส จำกัด
ASP-CSEMI,2026-10-07,6.0363,6.1269,6.0363,187352320.5,M0576_2569,บริษัทหลักทรัพย์จัดการกองทุน แอสเซท พลัส จำกัด
ASP-DAPP 3M5,2026-10-06,7.7368,0.0,7.7368,258147578.6,M0881_2568,บริษัทหลักทรัพย์จัดการกองทุน แอสเซท พลัส จำกัด
ASP-DEFENSE,2026-10-06,9.4799,9.5985,9.4799,416970495.53,M0817_2568,บริษัทหลักทรัพย์จัดการกองทุน แอสเซท พลัส จำกัด
ASP-DEQ ThaiESGX-LTF,2026-10-07,13.2022,0.0,13.2022,31119570.88,M0437_2568,บริษัทหลักทรัพย์จัดการกองทุน แอสเซท พลัส จำกัด
ASP-DEQ ThaiESGX-T,2026-10-07,13.1925,13.1926,13.1925,1607255.34,M0437_2568,บริษัทหลักทรัพย์จัดการกองทุน แอสเซท พลัส จำกัด
ASP-DEQ ThaiESGX-X68,2026-10-07,13.1989,0.0,13.1989,38898016.63,M0437_2568,บริษัทหลักทรัพย์จัดการกองทุน แอสเซท พลัส จำกัด
ASP-DGOV-I,2026-10-07,10.7075,10.7076,10.7075,0,M0065_2562,บริษัทหลักทรัพย์จัดการกองทุน แอสเซท พลัส จำกัด
ASP-DGOV-R,2026-10-07,10.7075,10.7076,10.7075,3823792692.18,M0065_2562,บริษัทหลักทรัพย์จัดการกองทุน แอสเซท พลัส จำกัด
ASP-DGOV-SSF,2026-10-07,10.702,0.0,10.702,8235691.25,M0065_2562,บริษัทหลักทรัพย์จัดการกองทุน แอสเซท พลัส จำกัด
ASP-DIGIBLOC,2026-10-06,11.6036,11.7778,11.6036,1270805132.99,M0496_2564,บริษัทหลักทรัพย์จัดการกองทุน แอสเซท พลัส จำกัด
ASP-DIGIBLOC-SSF,2026-10-06,13.5218,0.0,13.5218,90043085.54,M0498_2564,บริษัทหลักทรัพย์จัดการกองทุน แอสเซท พลัส จำกัด
ASP-DIGIBLOCRMF,2026-10-06,12.4635,12.4636,12.4635,329286417.18,M0497_2564,บริษัทหลักทรัพย์จัดการกองทุน แอสเซท พลัส จำกัด
ASP-DISRUPT,2026-10-06,14.7279,14.9489,14.7279,160427000.17,M0056_2561,บริษัทหลักทรัพย์จัดการกองทุน แอสเซท พลัส จำกัด
ASP-DISRUPTRMF,2026-10-06,12.866,12.8661,12.866,100583754.86,M0271_2561,บริษัทหลักทรัพย์จัดการกองทุน แอสเซท พลัส จำกัด
ASP-ERF,2026-10-07,38.5751,38.5752,38.5751,285843404.83,M0776_2547,บริษัทหลักทรัพย์จัดการกองทุน แอสเซท พลัส จำกัด
ASP-EUG,2026-10-06,7.3476,7.4579,7.3476,118371119.91,M0578_2563,บริษัทหลักทรัพย์จัดการกองทุน แอสเซท พลัส จำกัด
ASP-EUPROP,2026-10-06,7.6081,7.7223,7.6081,8512755.05,M1202_2557,บริษัทหลักทรัพย์จัดการกองทุน แอสเซท พลัส จำกัด
ASP-EUROPE QUALITY,2026-10-05,13.4483,13.6501,13.4483,53969562.15,M0815_2557,บริษัทหลักทรัพย์จัดการกองทุน แอสเซท พลัส จำกัด
ASP-EVOCHINA,2026-10-06,8.4581,0.0,0.0,698045935.26,M0364_2561,บริษัทหลักทรัพย์จัดการกองทุน แอสเซท พลัส จำกัด
ASP-EVOCHINA-SSF,2026-10-06,4.4824,0.0,0.0,22549435.3,M0150_2564,บริษัทหลักทรัพย์จัดการกองทุน แอสเซท พลัส จำกัด
ASP-EVOCHINARMF,2026-10-06,4.8405,0.0,0.0,134751984.73,M0449_2563,บริษัทหลักทรัพย์จัดการกองทุน แอสเซท พลัส จำกัด
ASP-FFPLUSA,2026-10-06,9.5566,9.6045,9.5566,1214483.26,M0125_2560,บริษัทหลักทรัพย์จัดการกองทุน แอสเซท พลัส จำกัด
ASP-FFPLUSR,2026-10-06,9.6103,9.6585,9.6103,45133850.61,M0125_2560,บริษัทหลักทรัพย์จัดการกองทุน แอสเซท พลัส จำกัด
ASP-FLEXPLUS,2026-10-07,9.7366,9.8827,9.7366,77200785.64,M0347_2560,บริษัทหลักทรัพย์จัดการกองทุน แอสเซท พลัส จำกัด
ASP-FRF,2026-10-07,16.7573,16.7574,16.7573,1155587675.28,M0787_2547,บริษัทหลักทรัพย์จัดการกองทุน แอสเซท พลัส จำกัด
ASP-GCC-UI,2026-10-06,7.9422,8.0614,7.9422,10120917.77,M0686_2565,บริษัทหลักทรัพย์จัดการกองทุน แอสเซท พลัส จำกัด
ASP-GFEQ,2026-10-06,10.5729,10.7316,10.5729,143357728.91,M0239_2568,บริษัทหลักทรัพย์จัดการกองทุน แอสเซท พลัส จำกัด
ASP-GOLD,2026-10-07,27.1073,27.3785,27.1073,205999820.76,M0206_2552,บริษัทหลักทรัพย์จัดการกองทุน แอสเซท พลัส จำกัด
ASP-GQG 3M3,2026-10-06,9.283,0.0,9.283,149502130.91,M0621_2569,บริษัทหลักทรัพย์จัดการกองทุน แอสเซท พลัส จำกัด
ASP-HSI,2026-10-07,12.9916,13.1216,12.9916,67441696.56,M0441_2552,บริษัทหลักทรัพย์จัดการกองทุน แอสเซท พลัส จำกัด
ASP-IHEALTH,2026-10-06,16.2538,16.4977,16.2538,142533926.75,M0073_2562,บริษัทหลักทรัพย์จัดการกองทุน แอสเซท พลัส จำกัด
ASP-INDIA-A,2026-10-06,10.7102,10.871,10.7102,91337217.58,M0337_2561,บริษัทหลักทรัพย์จัดการกองทุน แอสเซท พลัส จำกัด
ASP-INDIA-SSF,2026-10-06,10.71,0.0,10.71,874481.95,M0337_2561,บริษัทหลักทรัพย์จัดการกองทุน แอสเซท พลัส จำกัด
ASP-INDIARMF,2026-10-06,7.3703,7.3704,7.3703,27507562.5,M0318_2567,บริษัทหลักทรัพย์จัดการกองทุน แอสเซท พลัส จำกัด
ASP-INDO-UI,2026-10-06,6.9663,7.0709,6.9663,15665954.19,M0863_2566,บริษัทหลักทรัพย์จัดการกองทุน แอสเซท พลัส จำกัด
ASP-JHC-A,2026-10-06,13.9737,14.1834,13.9737,254984213.18,M0603_2563,บริษัทหลักทรัพย์จัดการกองทุน แอสเซท พลัส จำกัด
ASP-JHC-SSF,2026-10-06,13.9959,0.0,13.9959,8202683.72,M0603_2563,บริษัทหลักทรัพย์จัดการกองทุน แอสเซท พลัส จำกัด
ASP-JPSMALL,2026-10-05,13.5507,13.7541,13.5507,37249916.2,M0320_2568,บริษัทหลักทรัพย์จัดการกองทุน แอสเซท พลัส จำกัด
ASP-KOREA,2026-10-06,11.3141,11.4839,11.3141,64872478.31,M0714_2569,บริษัทหลักทรัพย์จัดการกองทุน แอสเซท พลัส จำกัด
ASP-MAG7-AI,2026-10-06,13.172,13.3697,13.172,108942480.92,M0900_2566,บริษัทหลักทรัพย์จัดการกองทุน แอสเซท พลัส จำกัด
ASP-MEM,2026-10-06,9.3614,9.5019,9.3614,102032292.9,M0696_2569,บริษัทหลักทรัพย์จัดการกองทุน แอสเซท พลัส จำกัด
ASP-MIX ThaiESGX-LTF,2026-10-07,13.1408,0.0,13.1408,55934886.67,M0442_2568,บริษัทหลักทรัพย์จัดการกองทุน แอสเซท พลัส จำกัด
ASP-MIX ThaiESGX-T,2026-10-07,13.1318,13.1319,13.1318,1821747.53,M0442_2568,บริษัทหลักทรัพย์จัดการกองทุน แอสเซท พลัส จำกัด
ASP-MIX ThaiESGX-X68,2026-10-07,13.139,0.0,13.139,81858444.61,M0442_2568,บริษัทหลักทรัพย์จัดการกองทุน แอสเซท พลัส จำกัด
ASP-MRF,2026-10-07,31.6198,31.6199,31.6198,148669784.84,M0785_2547,บริษัทหลักทรัพย์จัดการกองทุน แอสเซท พลัส จำกัด
ASP-NCLR,2026-10-06,3.6843,3.7397,3.6843,188518156.54,M0068_2564,บริษัทหลักทรัพย์จัดการกองทุน แอสเซท พลัส จำกัด
ASP-NCLRRMF,2026-10-06,2.9831,2.9832,2.9831,66252493.34,M0402_2564,บริษัทหลักทรัพย์จัดการกองทุน แอสเซท พลัส จำกัด
ASP-NGF,2026-10-05,35.0502,35.5761,35.0502,467749678.78,M0146_2549,บริษัทหลักทรัพย์จัดการกองทุน แอสเซท พลัส จำกัด
ASP-OIL,2026-10-06,6.594,6.66,6.594,29452345.51,M0187_2552,บริษัทหลักทรัพย์จัดการกองทุน แอสเซท พลัส จำกัด
ASP-PRE-UI-A,2026-10-01,8.1186,8.2056,0.0,5649899.63,M0235_2565,บริษัทหลักทรัพย์จัดการกองทุน แอสเซท พลัส จำกัด
ASP-PRE-UI-D,2026-10-01,8.0234,8.1094,0.0,12238735.26,M0235_2565,บริษัทหลักทรัพย์จัดการกองทุน แอสเซท พลัส จำกัด
ASP-PROPIN-A,2026-10-06,8.192,8.2331,8.192,58977098.33,M0735_2562,บริษัทหลักทรัพย์จัดการกองทุน แอสเซท พลัส จำกัด
ASP-PROPIN-R,2026-10-06,8.1764,8.2174,8.1764,13409753.92,M0735_2562,บริษัทหลักทรัพย์จัดการกองทุน แอสเซท พลัส จำกัด
ASP-S&P500-A,2026-10-06,72.597,72.7786,72.597,919236055.05,M0257_2552,บริษัทหลักทรัพย์จัดการกองทุน แอสเซท พลัส จำกัด
ASP-S&P500-SSF,2026-10-06,72.7613,0.0,72.7613,19035552.07,M0257_2552,บริษัทหลักทรัพย์จัดการกองทุน แอสเซท พลัส จำกัด
ASP-SDAILY,2026-10-07,10.2203,10.2204,10.2203,3594624889.25,M1048_2567,บริษัทหลักทรัพย์จัดการกองทุน แอสเซท พลัส จำกัด
ASP-SME-A,2026-10-07,15.765,16.0016,15.765,362526644.09,M0333_2560,บริษัทหลักทรัพย์จัดการกองทุน แอสเซท พลัส จำกัด
ASP-SME-I,2026-10-07,15.765,15.7651,15.765,0,M0333_2560,บริษัทหลักทรัพย์จัดการกองทุน แอสเซท พลัส จำกัด
ASP-SME-SSF,2026-10-07,15.0735,0.0,15.0735,116311999.24,M0175_2563,บริษัทหลักทรัพย์จัดการกองทุน แอสเซท พลัส จำกัด
ASP-SME-SSFX,2026-10-07,15.1541,0.0,15.1541,33904167.21,M0175_2563,บริษัทหลักทรัพย์จัดการกองทุน แอสเซท พลัส จำกัด
ASP-SMERMF,2026-10-07,8.8518,8.8519,8.8518,43699103.15,M0085_2566,บริษัทหลักทรัพย์จัดการกองทุน แอสเซท พลัส จำกัด
ASP-T12,2026-10-07,12.1592,12.3417,12.1592,177086649.84,M0122_2564,บริษัทหลักทรัพย์จัดการกองทุน แอสเซท พลัส จำกัด
ASP-TAIWAN,2026-10-07,10.7086,10.8693,10.7086,62361456.64,M0754_2569,บริษัทหลักทรัพย์จัดการกองทุน แอสเซท พลัส จำกัด
ASP-THDEQ-A,2026-10-07,11.9879,12.1378,11.9879,33772.12,M0592_2547,บริษัทหลักทรัพย์จัดการกองทุน แอสเซท พลัส จำกัด
ASP-THDEQ-T,2026-10-07,12.4831,0.0,12.4831,105733636.92,M0592_2547,บริษัทหลักทรัพย์จัดการกองทุน แอสเซท พลัส จำกัด
ASP-THEQ,2026-10-07,14.5844,14.7303,14.5844,24127069.25,M0104_2557,บริษัทหลักทรัพย์จัดการกองทุน แอสเซท พลัส จำกัด
ASP-THGEQ-A,2026-10-07,30.7002,31.0841,30.7002,1144260.19,M0400_2549,บริษัทหลักทรัพย์จัดการกองทุน แอสเซท พลัส จำกัด
ASP-THGEQ-T,2026-10-07,30.7234,0.0,30.7234,111986741.74,M0400_2549,บริษัทหลักทรัพย์จัดการกองทุน แอสเซท พลัส จำกัด
ASP-THSME-A,2026-10-07,13.2445,13.4102,13.2445,232854.73,M0568_2560,บริษัทหลักทรัพย์จัดการกองทุน แอสเซท พลัส จำกัด
ASP-THSME-T,2026-10-07,13.2446,0.0,13.2446,108448160.38,M0568_2560,บริษัทหลักทรัพย์จัดการกองทุน แอสเซท พลัส จำกัด
ASP-TOPBRAND-A,2026-10-06,14.1366,14.3487,14.1366,95729418.86,M0231_2563,บริษัทหลักทรัพย์จัดการกองทุน แอสเซท พลัส จำกัด
ASP-TOPBRAND-SSF,2026-10-06,14.1246,0.0,14.1246,721094.46,M0231_2563,บริษัทหลักทรัพย์จัดการกองทุน แอสเซท พลัส จำกัด
ASP-TOPBRANDRMF,2026-10-06,10.5169,10.517,10.5169,15428517.75,M0343_2566,บริษัทหลักทรัพย์จัดการกองทุน แอสเซท พลัส จำกัด
ASP-TRIGGER 6M3,2026-10-06,6.9935,0.0,6.9935,317188512.46,M0007_2564,บริษัทหลักทรัพย์จัดการกองทุน แอสเซท พลัส จำกัด
ASP-ThaiESG,2026-10-07,12.4583,12.4584,12.4583,353905691.84,M0804_2566,บริษัทหลักทรัพย์จัดการกองทุน แอสเซท พลัส จำกัด
ASP-USDL,2026-10-06,10.2372,10.2373,10.2372,1521059.26,M1094_2568,บริษัทหลักทรัพย์จัดการกองทุน แอสเซท พลัส จำกัด
ASP-USSMALL-A,2026-10-05,9.0042,9.1394,9.0042,276463663.52,M0651_2566,บริษัทหลักทรัพย์จัดการกองทุน แอสเซท พลัส จำกัด
ASP-USSMALL-SSF,2026-10-05,8.9995,0.0,8.9995,660209.75,M0651_2566,บริษัทหลักทรัพย์จัดการกองทุน แอสเซท พลัส จำกัด
ASP-VIET-A,2026-10-07,10.8082,10.9704,10.8082,1253991330.03,M0629_2560,บริษัทหลักทรัพย์จัดการกองทุน แอสเซท พลัส จำกัด
ASP-VIET-SSF,2026-10-07,10.8124,0.0,10.8124,3047652.78,M0629_2560,บริษัทหลักทรัพย์จัดการกองทุน แอสเซท พลัส จำกัด
ASP-VIETEQ-AI,2026-10-07,10.6698,10.8299,10.6698,38298899.29,M0685_2567,บริษัทหลักทรัพย์จัดการกองทุน แอสเซท พลัส จำกัด
ASP-VIETRMF,2026-10-07,12.1907,12.1908,12.1907,786830489.94,M0298_2561,บริษัทหลักทรัพย์จัดการกองทุน แอสเซท พลัส จำกัด
ASP-X,2026-10-06,10.8333,10.9959,10.8333,146034272.96,M0236_2563,บริษัทหลักทรัพย์จัดการกองทุน แอสเซท พลัส จำกัด
ASPGIPLUS-A,2026-10-06,12.3532,12.4194,12.3532,22530684.31,M0245_2560,บริษัทหลักทรัพย์จัดการกองทุน แอสเซท พลัส จำกัด
ASPGIPLUS-R,2026-10-06,12.3222,12.3882,12.3222,51363692.11,M0245_2560,บริษัทหลักทรัพย์จัดการกองทุน แอสเซท พลัส จำกัด
ASPGIPLUS-SSF,2026-10-06,12.3248,0.0,12.3248,982156.22,M0245_2560,บริษัทหลักทรัพย์จัดการกองทุน แอสเซท พลัส จำกัด
B-ACTIVE,2026-10-07,20.2306,20.2307,20.0283,124898641.69,M0023_2547,บริษัทหลักทรัพย์จัดการกองทุนรวม  บัวหลวง จำกัด
B-ASEAN,2026-10-07,12.7661,12.8938,12.7661,223310701.4,M0057_2559,บริษัทหลักทรัพย์จัดการกองทุนรวม  บัวหลวง จำกัด
B-ASEANRMF,2026-10-07,12.1648,12.1649,12.1648,858572346.42,M0148_2560,บริษัทหลักทรัพย์จัดการกองทุนรวม  บัวหลวง จำกัด
B-ASIA,2026-10-06,20.9408,21.1503,20.9408,5662884030.53,M0663_2557,บริษัทหลักทรัพย์จัดการกองทุนรวม  บัวหลวง จำกัด
B-ASIARMF,2026-10-06,17.2685,17.2686,17.2685,1523288962.07,M0197_2561,บริษัทหลักทรัพย์จัดการกองทุนรวม  บัวหลวง จำกัด
B-ASIASSF,2026-10-06,14.6995,14.6996,14.6995,291417929.26,M0084_2565,บริษัทหลักทรัพย์จัดการกองทุนรวม  บัวหลวง จำกัด
B-ASIATECH,2026-10-05,19.7267,20.0227,19.7267,3372302731.05,M0876_2566,บริษัทหลักทรัพย์จัดการกองทุนรวม  บัวหลวง จำกัด
B-ASIATECHRMF,2026-10-05,18.3681,18.3682,18.3681,1278375403.57,M0568_2567,บริษัทหลักทรัพย์จัดการกองทุนรวม  บัวหลวง จำกัด
B-BASICPLUS,2026-10-07,6.49,6.4901,6.49,1864992849.46,M0439_2559,บริษัทหลักทรัพย์จัดการกองทุนรวม  บัวหลวง จำกัด
B-BHARATA,2026-10-06,14.0802,14.2211,14.0802,2414962021.36,M0404_2560,บริษัทหลักทรัพย์จัดการกองทุนรวม  บัวหลวง จำกัด
B-CHINAARMF,2026-10-06,8.8127,0.0,0.0,4646074237.1,M0110_2563,บริษัทหลักทรัพย์จัดการกองทุนรวม  บัวหลวง จำกัด
B-CHINE-EQ,2026-10-06,8.0901,0.0,0.0,5095118653.75,M0651_2560,บริษัทหลักทรัพย์จัดการกองทุนรวม  บัวหลวง จำกัด
B-CHINESSF,2026-10-06,6.2529,0.0,0.0,545079118.09,M0170_2564,บริษัทหลักทรัพย์จัดการกองทุนรวม  บัวหลวง จำกัด
B-CNA500P,2026-10-07,13.2202,0.0,0.0,851959955.37,M0297_2568,บริษัทหลักทรัพย์จัดการกองทุนรวม  บัวหลวง จำกัด
B-CNNEXT,2026-10-06,15.4652,0.0,0.0,1980596536.91,M0577_2568,บริษัทหลักทรัพย์จัดการกองทุนรวม  บัวหลวง จำกัด
B-DYNAMIC BOND,2026-10-05,10.1692,10.2201,10.1692,5617535472.22,M0047_2566,บริษัทหลักทรัพย์จัดการกองทุนรวม  บัวหลวง จำกัด
B-DYNAMICRMF,2026-10-05,10.2804,10.2805,10.2804,718702635.47,M0320_2566,บริษัทหลักทรัพย์จัดการกองทุนรวม  บัวหลวง จำกัด
B-DYNAMICSSF,2026-10-05,10.1345,10.1346,10.1345,184957866.26,M0313_2566,บริษัทหลักทรัพย์จัดการกองทุนรวม  บัวหลวง จำกัด
B-ENHANCED,2026-10-06,10.6262,10.6263,10.6262,576847231.6,M0064_2563,บริษัทหลักทรัพย์จัดการกองทุนรวม  บัวหลวง จำกัด
B-EQ-THAIESG,2026-10-07,11.3887,11.3888,11.3887,577059667.11,M0698_2567,บริษัทหลักทรัพย์จัดการกองทุนรวม  บัวหลวง จำกัด
B-EQUITY,2026-10-07,36.0463,36.0464,36.0463,13721713257.38,M0570_2547,บริษัทหลักทรัพย์จัดการกองทุนรวม  บัวหลวง จำกัด
B-EUPASSIVE,2026-10-06,13.3473,13.4141,13.3473,253002235.77,M0553_2567,บริษัทหลักทรัพย์จัดการกองทุนรวม  บัวหลวง จำกัด
B-FINTECH,2026-10-05,6.4889,6.5863,6.4889,502387599.69,M0171_2564,บริษัทหลักทรัพย์จัดการกองทุนรวม  บัวหลวง จำกัด
B-FLEX,2026-10-07,17.9303,17.9304,17.8855,335719171.38,M0033_2544,บริษัทหลักทรัพย์จัดการกองทุนรวม  บัวหลวง จำกัด
B-FUTURE,2026-10-05,12.7093,12.8364,12.7093,2411005535.21,M0087_2561,บริษัทหลักทรัพย์จัดการกองทุนรวม  บัวหลวง จำกัด
B-FUTURERMF,2026-10-05,10.0914,10.0915,10.0914,522365155.77,M0112_2564,บริษัทหลักทรัพย์จัดการกองทุนรวม  บัวหลวง จำกัด
B-FUTURESSF,2026-10-05,11.7527,11.7528,11.7527,1400097415.49,M0053_2563,บริษัทหลักทรัพย์จัดการกองทุนรวม  บัวหลวง จำกัด
B-GLOB-INFRA,2026-10-05,10.9415,11.1057,10.9415,282705857.02,M0008_2565,บริษัทหลักทรัพย์จัดการกองทุนรวม  บัวหลวง จำกัด
B-GLOB-INFRARMF,2026-10-05,12.0422,12.0423,12.0422,301442999.29,M0473_2565,บริษัทหลักทรัพย์จัดการกองทุนรวม  บัวหลวง จำกัด
B-GLOB-INFRASSF,2026-10-05,11.8099,11.81,11.8099,79161914.85,M0476_2565,บริษัทหลักทรัพย์จัดการกองทุนรวม  บัวหลวง จำกัด
B-GLOBAL,2026-10-05,22.61,22.8362,22.61,8447684176.47,M0349_2558,บริษัทหลักทรัพย์จัดการกองทุนรวม  บัวหลวง จำกัด
B-GLOBALRMF,2026-10-05,21.5212,21.5213,21.5212,4048733719.68,M0495_2558,บริษัทหลักทรัพย์จัดการกองทุนรวม  บัวหลวง จำกัด
B-GTO,2026-10-05,12.1298,12.2512,12.1298,1050829364.44,M0554_2563,บริษัทหลักทรัพย์จัดการกองทุนรวม  บัวหลวง จำกัด
B-GTORMF,2026-10-05,12.101,12.1011,12.101,438165137.2,M0082_2564,บริษัทหลักทรัพย์จัดการกองทุนรวม  บัวหลวง จำกัด
B-GTOSSF,2026-10-05,11.19,11.1901,11.19,251869495.24,M0129_2564,บริษัทหลักทรัพย์จัดการกองทุนรวม  บัวหลวง จำกัด
B-HY (H75) AI,2026-10-05,12.4465,12.5088,12.4465,107763006.95,M0282_2559,บริษัทหลักทรัพย์จัดการกองทุนรวม  บัวหลวง จำกัด
B-HY (UH) AI,2026-10-05,13.8313,13.9005,13.8313,54457007.33,M0311_2559,บริษัทหลักทรัพย์จัดการกองทุนรวม  บัวหลวง จำกัด
B-INCOME,2026-10-05,13.2384,13.3046,13.2384,3739885340.98,M0121_2560,บริษัทหลักทรัพย์จัดการกองทุนรวม  บัวหลวง จำกัด
B-INCOMESSF,2026-10-05,12.0838,12.0839,12.0838,508212028.8,M0044_2563,บริษัทหลักทรัพย์จัดการกองทุนรวม  บัวหลวง จำกัด
B-INDIAMRMF,2026-10-06,14.6033,14.6034,14.6033,2590266016.84,M0452_2560,บริษัทหลักทรัพย์จัดการกองทุนรวม  บัวหลวง จำกัด
B-INFRA,2026-10-07,33.2171,33.2172,32.885,1384560226.79,M0012_2537,บริษัทหลักทรัพย์จัดการกองทุนรวม  บัวหลวง จำกัด
B-INNOTECH,2026-10-05,43.9389,44.3783,43.9389,17334523764.48,M0667_2559,บริษัทหลักทรัพย์จัดการกองทุนรวม  บัวหลวง จำกัด
B-INNOTECHRMF,2026-10-05,36.2812,36.2813,36.2812,23436958671.28,M0213_2561,บริษัทหลักทรัพย์จัดการกองทุนรวม  บัวหลวง จำกัด
B-INNOTECHSSF,2026-10-05,19.8545,19.8546,19.8545,2183855852.75,M0078_2565,บริษัทหลักทรัพย์จัดการกองทุนรวม  บัวหลวง จำกัด
B-IR-FOF,2026-10-07,9.1595,9.2054,9.1595,961935016.06,M0343_2562,บริษัทหลักทรัพย์จัดการกองทุนรวม  บัวหลวง จำกัด
B-IR-FOFRMF,2026-10-07,10.431,10.4311,10.431,329101819.63,M0573_2562,บริษัทหลักทรัพย์จัดการกองทุนรวม  บัวหลวง จำกัด
B-JPPASSIVE,2026-10-07,17.9168,18.0064,17.9168,865816589.8,M0557_2567,บริษัทหลักทรัพย์จัดการกองทุนรวม  บัวหลวง จำกัด
B-MIXED-THAIESG,2026-10-07,10.8475,10.8476,10.8475,842649461.95,M0694_2567,บริษัทหลักทรัพย์จัดการกองทุนรวม  บัวหลวง จำกัด
B-MIXED75,2026-10-07,25.9458,25.9459,25.9458,7319756021.95,M0170_2550,บริษัทหลักทรัพย์จัดการกองทุนรวม  บัวหลวง จำกัด
B-NIPPON,2026-10-05,14.3983,14.3984,14.2544,588655444.89,M0772_2557,บริษัทหลักทรัพย์จัดการกองทุนรวม  บัวหลวง จำกัด
B-OPP,2026-10-05,10.2274,10.3297,10.2274,342260090.22,M0681_2567,บริษัทหลักทรัพย์จัดการกองทุนรวม  บัวหลวง จำกัด
B-OPPRMF,2026-10-05,10.2011,10.2012,10.2011,126922951.74,M0731_2567,บริษัทหลักทรัพย์จัดการกองทุนรวม  บัวหลวง จำกัด
B-PREMIUM,2026-10-05,9.6673,9.764,9.6673,247257665.91,M0688_2565,บริษัทหลักทรัพย์จัดการกองทุนรวม  บัวหลวง จำกัด
B-PREMIUMRMF,2026-10-05,10.059,10.0591,10.059,128745503.8,M0304_2566,บริษัทหลักทรัพย์จัดการกองทุนรวม  บัวหลวง จำกัด
B-SENIOR,2026-10-07,14.1919,14.192,14.1919,9298484420.39,M0943_2555,บริษัทหลักทรัพย์จัดการกองทุนรวม  บัวหลวง จำกัด
B-SENIOR-X,2026-10-05,10.6225,10.6226,10.6225,1235479904.94,M0556_2560,บริษัทหลักทรัพย์จัดการกองทุนรวม  บัวหลวง จำกัด
B-SI-THAIESG,2026-10-07,10.563,10.5631,10.563,6658111303.0,M0092_2567,บริษัทหลักทรัพย์จัดการกองทุนรวม  บัวหลวง จำกัด
B-SIP,2026-10-05,13.8398,13.9783,13.8398,2262558096.39,M0029_2564,บริษัทหลักทรัพย์จัดการกองทุนรวม  บัวหลวง จำกัด
B-SIPRMF,2026-10-05,11.4732,11.4733,11.4732,1852887377.07,M0388_2564,บริษัทหลักทรัพย์จัดการกองทุนรวม  บัวหลวง จำกัด
B-SIPSSF,2026-10-05,11.385,11.3851,11.385,480719699.33,M0369_2564,บริษัทหลักทรัพย์จัดการกองทุนรวม  บัวหลวง จำกัด
B-SM-RMF,2026-10-07,9.7414,9.7415,9.7414,763744715.27,M0775_2554,บริษัทหลักทรัพย์จัดการกองทุนรวม  บัวหลวง จำกัด
B-SMEQ,2026-10-07,6.7676,6.8353,6.7676,108096788.92,M0004_2565,บริษัทหลักทรัพย์จัดการกองทุนรวม  บัวหลวง จำกัด
B-ST,2026-10-07,10.3563,10.3564,10.3563,37970080265.87,M0266_2567,บริษัทหลักทรัพย์จัดการกองทุนรวม  บัวหลวง จำกัด
B-STPLUS,2026-10-07,10.1185,10.1186,10.1185,23182154680.1,M0582_2568,บริษัทหลักทรัพย์จัดการกองทุนรวม  บัวหลวง จำกัด
B-THAICG,2026-10-07,11.3201,11.3202,11.2069,104131361.34,M0419_2560,บริษัทหลักทรัพย์จัดการกองทุนรวม  บัวหลวง จำกัด
B-TNTV,2026-10-07,14.1556,14.1557,14.1556,93811732184.21,M0934_2547,บริษัทหลักทรัพย์จัดการกองทุนรวม  บัวหลวง จำกัด
B-TOP-THAIESG,2026-10-07,11.7463,11.7464,11.7463,3127258104.38,M0770_2566,บริษัทหลักทรัพย์จัดการกองทุนรวม  บัวหลวง จำกัด
B-TOPTEN,2026-10-07,7.5096,7.5097,7.5096,248448085.63,M0042_2562,บริษัทหลักทรัพย์จัดการกองทุนรวม  บัวหลวง จำกัด
B-TOPTENRMF,2026-10-07,6.8507,6.8508,6.8507,2899357218.38,M0089_2561,บริษัทหลักทรัพย์จัดการกองทุนรวม  บัวหลวง จำกัด
B-TREASURY,2026-10-07,11.8757,11.8758,11.8757,42151997386.59,M0350_2554,บริษัทหลักทรัพย์จัดการกองทุนรวม  บัวหลวง จำกัด
B-US2000P,2026-10-06,14.4739,14.5463,14.4739,154892507.1,M0088_2568,บริษัทหลักทรัพย์จัดการกองทุนรวม  บัวหลวง จำกัด
B-USALPHA,2026-10-05,10.6866,10.847,10.6866,1103277459.25,M0289_2564,บริษัทหลักทรัพย์จัดการกองทุนรวม  บัวหลวง จำกัด
B-USALPHARMF,2026-10-05,12.892,12.8921,12.892,826217798.16,M0416_2564,บริษัทหลักทรัพย์จัดการกองทุนรวม  บัวหลวง จำกัด
B-USALPHASSF,2026-10-05,11.2135,11.2136,11.2135,277942373.81,M0432_2564,บริษัทหลักทรัพย์จัดการกองทุนรวม  บัวหลวง จำกัด
B-USPASSIVE,2026-10-06,14.2446,14.3159,14.2446,1780060758.46,M0552_2567,บริษัทหลักทรัพย์จัดการกองทุนรวม  บัวหลวง จำกัด
B-USPASSIVERMF,2026-10-06,11.8029,11.803,11.8029,697450076.24,M0837_2568,บริษัทหลักทรัพย์จัดการกองทุนรวม  บัวหลวง จำกัด
B-VIETNAM,2026-10-07,10.4112,10.5674,10.4112,2511550522.16,M0347_2564,บริษัทหลักทรัพย์จัดการกองทุนรวม  บัวหลวง จำกัด
B-VIETNAMRMF,2026-10-07,10.5378,10.5379,10.5378,3719370936.43,M0439_2564,บริษัทหลักทรัพย์จัดการกองทุนรวม  บัวหลวง จำกัด
B-VIETNAMSSF,2026-10-06,13.4341,13.4342,13.4341,514341388.56,M0520_2565,บริษัทหลักทรัพย์จัดการกองทุนรวม  บัวหลวง จำกัด
B-WEALTHB,2026-10-05,10.0031,10.0432,10.0031,5251188295.72,M0465_2569,บริษัทหลักทรัพย์จัดการกองทุนรวม  บัวหลวง จำกัด
B-WEALTHBRMF,2026-10-05,10.0125,10.0126,10.0125,55625564.9,M0733_2569,บริษัทหลักทรัพย์จัดการกองทุนรวม  บัวหลวง จำกัด
B-WEALTHC,2026-10-05,9.9729,9.9929,9.9729,9914679871.69,M1082_2568,บริษัทหลักทรัพย์จัดการกองทุนรวม  บัวหลวง จำกัด
B-WEALTHCRMF,2026-10-05,10.0034,10.0035,10.0034,51161670.85,M0717_2569,บริษัทหลักทรัพย์จัดการกองทุนรวม  บัวหลวง จำกัด
B-WEALTHD,2026-10-05,10.0971,10.1476,10.0971,1924807948.78,M0280_2569,บริษัทหลักทรัพย์จัดการกองทุนรวม  บัวหลวง จำกัด
B-WEALTHDRMF,2026-10-05,10.0186,10.0187,10.0186,34303427.3,M0736_2569,บริษัทหลักทรัพย์จัดการกองทุนรวม  บัวหลวง จำกัด
B-WEALTHG,2026-10-05,10.1296,10.1803,10.1296,2298310937.31,M0466_2569,บริษัทหลักทรัพย์จัดการกองทุนรวม  บัวหลวง จำกัด
B-WEALTHGRMF,2026-10-05,10.0248,10.0249,10.0248,24926152.29,M0737_2569,บริษัทหลักทรัพย์จัดการกองทุนรวม  บัวหลวง จำกัด
B-WEALTHM,2026-10-05,9.994,10.024,9.994,5861659299.56,M0464_2569,บริษัทหลักทรัพย์จัดการกองทุนรวม  บัวหลวง จำกัด
B-WEALTHMRMF,2026-10-05,10.0073,10.0074,10.0073,29467524.18,M0724_2569,บริษัทหลักทรัพย์จัดการกองทุนรวม  บัวหลวง จำกัด
B10/26,2026-10-07,10.0219,0.0,0.0,7458542435.52,M0585_2569,บริษัทหลักทรัพย์จัดการกองทุนรวม  บัวหลวง จำกัด
B11/26,2026-10-07,10.0203,0.0,0.0,5967947136.53,M0609_2569,บริษัทหลักทรัพย์จัดการกองทุนรวม  บัวหลวง จำกัด
B12/26,2026-10-07,10.017,0.0,0.0,7896863076.08,M0625_2569,บริษัทหลักทรัพย์จัดการกองทุนรวม  บัวหลวง จำกัด
B13/26,2026-10-07,10.012,0.0,0.0,5344995444.18,M0671_2569,บริษัทหลักทรัพย์จัดการกองทุนรวม  บัวหลวง จำกัด
B14/26,2026-10-07,10.0092,0.0,0.0,5071863097.79,M0786_2569,บริษัทหลักทรัพย์จัดการกองทุนรวม  บัวหลวง จำกัด
B15/26,2026-10-07,10.0076,0.0,0.0,4156486101.26,M0832_2569,บริษัทหลักทรัพย์จัดการกองทุนรวม  บัวหลวง จำกัด
B16/26,2026-10-07,10.0035,0.0,0.0,7571494751.13,M0878_2569,บริษัทหลักทรัพย์จัดการกองทุนรวม  บัวหลวง จำกัด
B17/26,2026-10-07,10.0021,0.0,0.0,4343194859.05,M0927_2569,บริษัทหลักทรัพย์จัดการกองทุนรวม  บัวหลวง จำกัด
B25RMF,2026-10-07,15.9959,15.996,15.9959,3855475526.89,M0991_2550,บริษัทหลักทรัพย์จัดการกองทุนรวม  บัวหลวง จำกัด
B6/26,2026-10-07,10.0381,0.0,0.0,4559031896.61,M0401_2569,บริษัทหลักทรัพย์จัดการกองทุนรวม  บัวหลวง จำกัด
B7/26,2026-10-07,10.0327,0.0,0.0,4167002025.53,M0452_2569,บริษัทหลักทรัพย์จัดการกองทุนรวม  บัวหลวง จำกัด
B8/26,2026-10-07,10.0287,0.0,0.0,5377568694.69,M0488_2569,บริษัทหลักทรัพย์จัดการกองทุนรวม  บัวหลวง จำกัด
B9/26,2026-10-07,10.0275,0.0,0.0,4585347823.1,M0547_2569,บริษัทหลักทรัพย์จัดการกองทุนรวม  บัวหลวง จำกัด
BBASIC,2026-10-07,14.5372,14.5373,14.3919,761227672.23,M0034_2538,บริษัทหลักทรัพย์จัดการกองทุนรวม  บัวหลวง จำกัด
BBASICRMF,2026-10-07,8.4578,8.4579,8.4578,1810001731.04,M0237_2557,บริษัทหลักทรัพย์จัดการกองทุนรวม  บัวหลวง จำกัด
BCAP,2026-10-07,1.6249,1.625,1.6249,469679639.94,M0034_2539,บริษัทหลักทรัพย์จัดการกองทุนรวม  บัวหลวง จำกัด
BCAP-2030 RMF,2026-10-05,11.2737,11.2738,11.2737,170923238.73,M0037_2563,บริษัทหลักทรัพย์จัดการกองทุนรวม  บัวหลวง จำกัด
BCAP-2040 RMF,2026-10-05,12.5326,12.5327,12.5326,110105593.55,M0041_2563,บริษัทหลักทรัพย์จัดการกองทุนรวม  บัวหลวง จำกัด
BCAP-2050 RMF,2026-10-05,13.8249,13.825,13.8249,108808945.92,M0042_2563,บริษัทหลักทรัพย์จัดการกองทุนรวม  บัวหลวง จำกัด
BCAP-AQUANT,2026-10-07,12.0226,12.1513,12.0226,142576273.33,M0580_2567,บริษัทหลักทรัพย์จัดการกองทุนรวม  บัวหลวง จำกัด
BCAP-CLEAN,2026-10-05,7.9907,8.0763,7.9907,773284498.0,M0625_2563,บริษัทหลักทรัพย์จัดการกองทุนรวม  บัวหลวง จำกัด
BCAP-CTECH,2026-10-05,3.9374,0.0,0.0,2410436030.45,M0504_2563,บริษัทหลักทรัพย์จัดการกองทุนรวม  บัวหลวง จำกัด
BCAP-DHSL,2026-10-06,10.2205,10.2206,10.2205,13127315689.76,M0364_2567,บริษัทหลักทรัพย์จัดการกองทุนรวม  บัวหลวง จำกัด
BCAP-DISRUPT,2026-10-05,15.8329,16.0024,15.8329,357405726.17,M0624_2563,บริษัทหลักทรัพย์จัดการกองทุนรวม  บัวหลวง จำกัด
BCAP-EESPE UI,2026-09-30,10.745,0.0,0.0,1171898655.99,M0651_2568,บริษัทหลักทรัพย์จัดการกองทุนรวม  บัวหลวง จำกัด
BCAP-EPC UI,2026-09-30,10.7273,0.0,0.0,2614068700.25,M0217_2568,บริษัทหลักทรัพย์จัดการกองทุนรวม  บัวหลวง จำกัด
BCAP-EPE UI,2026-09-30,11.0358,0.0,0.0,1374640760.79,M0412_2567,บริษัทหลักทรัพย์จัดการกองทุนรวม  บัวหลวง จำกัด
BCAP-GE,2026-10-05,18.5206,18.6792,18.5206,3597182944.95,M0619_2562,บริษัทหลักทรัพย์จัดการกองทุนรวม  บัวหลวง จำกัด
BCAP-GFIA,2026-10-05,8.2345,8.2346,8.2345,866499093.32,M0590_2562,บริษัทหลักทรัพย์จัดการกองทุนรวม  บัวหลวง จำกัด
BCAP-GFIO,2026-10-05,10.8203,10.8204,10.8203,252313046.78,M0462_2562,บริษัทหลักทรัพย์จัดการกองทุนรวม  บัวหลวง จำกัด
BCAP-GMA,2026-10-05,9.6904,9.7423,9.6904,8139198883.19,M0056_2564,บริษัทหลักทรัพย์จัดการกองทุนรวม  บัวหลวง จำกัด
BCAP-GMA PLUS,2026-10-05,11.2474,11.3437,11.2474,4048530686.69,M0057_2564,บริษัทหลักทรัพย์จัดการกองทุนรวม  บัวหลวง จำกัด
BCAP-GMA UH,2026-10-05,10.8118,10.8697,10.8118,3983820821.84,M0583_2568,บริษัทหลักทรัพย์จัดการกองทุนรวม  บัวหลวง จำกัด
BCAP-GMAPLUS UH,2026-10-05,11.6621,11.762,11.6621,3655899797.7,M0586_2568,บริษัทหลักทรัพย์จัดการกองทุนรวม  บัวหลวง จำกัด
BCAP-GOLD,2026-10-05,22.777,22.7771,22.777,212343191.92,M0581_2563,บริษัทหลักทรัพย์จัดการกองทุนรวม  บัวหลวง จำกัด
BCAP-GPE22A UI,2026-09-30,168.2527,0.0,0.0,1627608504.99,M0022_2565,บริษัทหลักทรัพย์จัดการกองทุนรวม  บัวหลวง จำกัด
BCAP-GPE23A UI,2026-09-30,98.8645,0.0,0.0,2002245298.48,M0576_2566,บริษัทหลักทรัพย์จัดการกองทุนรวม  บัวหลวง จำกัด
BCAP-GPROP,2026-10-05,11.1824,11.2423,11.1824,140630056.96,M0697_2562,บริษัทหลักทรัพย์จัดการกองทุนรวม  บัวหลวง จำกัด
BCAP-GTAC,2026-10-05,12.8604,12.9293,12.8604,6447187491.37,M0186_2563,บริษัทหลักทรัพย์จัดการกองทุนรวม  บัวหลวง จำกัด
BCAP-GW10,2026-10-05,10.6909,10.7195,10.6909,1115126102.3,M0146_2562,บริษัทหลักทรัพย์จัดการกองทุนรวม  บัวหลวง จำกัด
BCAP-GW10 SSF,2026-10-05,9.9195,9.9196,9.9195,13349777.63,M0068_2563,บริษัทหลักทรัพย์จัดการกองทุนรวม  บัวหลวง จำกัด
BCAP-GW25,2026-10-05,11.383,11.4135,11.383,1492424626.54,M0096_2562,บริษัทหลักทรัพย์จัดการกองทุนรวม  บัวหลวง จำกัด
BCAP-GW25 SSF,2026-10-05,10.639,10.6391,10.639,14523616.52,M0070_2563,บริษัทหลักทรัพย์จัดการกองทุนรวม  บัวหลวง จำกัด
BCAP-GW50,2026-10-05,12.533,12.6001,12.533,1175537500.53,M0147_2562,บริษัทหลักทรัพย์จัดการกองทุนรวม  บัวหลวง จำกัด
BCAP-GW50 SSF,2026-10-05,12.1723,12.1724,12.1723,40055227.81,M0073_2563,บริษัทหลักทรัพย์จัดการกองทุนรวม  บัวหลวง จำกัด
BCAP-GW75,2026-10-05,14.1292,14.2048,14.1292,344024802.61,M0148_2562,บริษัทหลักทรัพย์จัดการกองทุนรวม  บัวหลวง จำกัด
BCAP-GW75 SSF,2026-10-05,13.8833,13.8834,13.8833,48259059.27,M0072_2563,บริษัทหลักทรัพย์จัดการกองทุนรวม  บัวหลวง จำกัด
BCAP-GW90,2026-10-05,15.2859,15.3677,15.2859,316997751.38,M0149_2562,บริษัทหลักทรัพย์จัดการกองทุนรวม  บัวหลวง จำกัด
BCAP-GW90 SSF,2026-10-05,14.7932,14.7933,14.7932,82619833.27,M0069_2563,บริษัทหลักทรัพย์จัดการกองทุนรวม  บัวหลวง จำกัด
BCAP-MFIX,2026-10-07,10.9134,10.9135,10.9134,4312010972.2,M0439_2562,บริษัทหลักทรัพย์จัดการกองทุนรวม  บัวหลวง จำกัด
BCAP-MNH UI,2026-09-30,11.5237,0.0,0.0,5157298268.33,M0136_2566,บริษัทหลักทรัพย์จัดการกองทุนรวม  บัวหลวง จำกัด
BCAP-MONEY,2026-10-07,10.5425,10.5426,10.5425,924747757.91,M0384_2565,บริษัทหลักทรัพย์จัดการกองทุนรวม  บัวหลวง จำกัด
BCAP-MSCITH,2026-10-07,10.7858,10.7859,10.7858,73149643.45,M0356_2561,บริษัทหลักทรัพย์จัดการกองทุนรวม  บัวหลวง จำกัด
BCAP-SET,2026-10-07,11.3846,11.3847,11.3846,491234103.2,M0584_2563,บริษัทหลักทรัพย์จัดการกองทุนรวม  บัวหลวง จำกัด
BCAP-SET RMF,2026-10-07,11.5123,11.5124,11.5123,14009266.61,M0650_2567,บริษัทหลักทรัพย์จัดการกองทุนรวม  บัวหลวง จำกัด
BCAP-TEQ,2026-10-07,11.6026,11.6647,11.6026,151971003.51,M0699_2562,บริษัทหลักทรัพย์จัดการกองทุนรวม  บัวหลวง จำกัด
BCAP-TFACTOR,2026-10-07,14.8715,14.9511,14.8715,144042156.45,M0702_2562,บริษัทหลักทรัพย์จัดการกองทุนรวม  บัวหลวง จำกัด
BCAP-USL,2026-10-06,10.7795,10.7796,10.7795,2317796085.92,M0491_2566,บริษัทหลักทรัพย์จัดการกองทุนรวม  บัวหลวง จำกัด
BCAP-USND100,2026-10-06,32.4599,32.512,32.4599,3022339031.03,M0016_2563,บริษัทหลักทรัพย์จัดการกองทุนรวม  บัวหลวง จำกัด
BCAP-VISPE22BUI,2026-09-30,118.7683,0.0,0.0,1337217814.31,M0487_2565,บริษัทหลักทรัพย์จัดการกองทุนรวม  บัวหลวง จำกัด
BCAP-XDIGI,2026-10-05,11.0295,11.1476,11.0295,70868410.61,M0382_2566,บริษัทหลักทรัพย์จัดการกองทุนรวม  บัวหลวง จำกัด
BCAP-XHEALTH,2026-10-05,7.4822,7.5623,7.4822,467808517.77,M0627_2563,บริษัทหลักทรัพย์จัดการกองทุนรวม  บัวหลวง จำกัด
BCAPSETTHAIESGX,2026-10-07,13.6635,13.6636,13.6635,83705905.15,M0415_2568,บริษัทหลักทรัพย์จัดการกองทุนรวม  บัวหลวง จำกัด
BCARE,2026-10-05,43.0321,43.0322,42.6018,4403961670.97,M0324_2550,บริษัทหลักทรัพย์จัดการกองทุนรวม  บัวหลวง จำกัด
BCARERMF,2026-10-05,15.9656,15.9657,15.9656,7974098979.02,M0083_2558,บริษัทหลักทรัพย์จัดการกองทุนรวม  บัวหลวง จำกัด
BCARESSF,2026-10-05,11.1582,11.1583,11.1582,259036719.97,M0503_2565,บริษัทหลักทรัพย์จัดการกองทุนรวม  บัวหลวง จำกัด
BEPVD,2026-10-07,9.1906,9.1907,9.0987,5556512902.97,M0437_2562,บริษัทหลักทรัพย์จัดการกองทุนรวม  บัวหลวง จำกัด
BEQD-TESGX,2026-10-07,12.6729,12.673,12.6729,1562766006.31,M0434_2568,บริษัทหลักทรัพย์จัดการกองทุนรวม  บัวหลวง จำกัด
BEQSSF,2026-10-07,14.0736,14.0737,14.0736,3862361880.9,M0124_2563,บริษัทหลักทรัพย์จัดการกองทุนรวม  บัวหลวง จำกัด
BERMF,2026-10-07,81.2745,81.2746,81.2745,9067224221.89,M0067_2545,บริษัทหลักทรัพย์จัดการกองทุนรวม  บัวหลวง จำกัด
BFIXED,2026-10-07,13.555,13.5551,13.555,39845324861.87,M0337_2553,บริษัทหลักทรัพย์จัดการกองทุนรวม  บัวหลวง จำกัด
BFLRMF,2026-10-07,54.2573,54.2574,54.2573,15002537368.72,M0059_2545,บริษัทหลักทรัพย์จัดการกองทุนรวม  บัวหลวง จำกัด
BFPVD,2026-10-07,11.2152,11.2153,11.1592,25255534754.08,M0436_2562,บริษัทหลักทรัพย์จัดการกองทุนรวม  บัวหลวง จำกัด
BFRMF,2026-10-07,16.5021,16.5022,16.5021,13493711459.86,M0062_2545,บริษัทหลักทรัพย์จัดการกองทุนรวม  บัวหลวง จำกัด
BGOLD,2026-10-07,29.4135,29.4489,29.3782,7677389820.21,M0113_2553,บริษัทหลักทรัพย์จัดการกองทุนรวม  บัวหลวง จำกัด
BGOLDRMF,2026-10-07,28.2,28.2001,28.2,8059212460.88,M0116_2553,บริษัทหลักทรัพย์จัดการกองทุนรวม  บัวหลวง จำกัด
BIC,2026-10-06,6.3013,6.3959,6.3013,37094327.61,M0466_2550,บริษัทหลักทรัพย์จัดการกองทุน ยูโอบี (ประเทศไทย) จำกัด
BKA,2026-10-07,46.5172,46.5173,46.0521,1600619734.17,M0035_2536,บริษัทหลักทรัพย์จัดการกองทุนรวม  บัวหลวง จำกัด
BKA2,2026-10-07,39.4159,39.416,39.0218,539226271.71,M0024_2537,บริษัทหลักทรัพย์จัดการกองทุนรวม  บัวหลวง จำกัด
BKD,2026-10-07,2.6228,2.6229,2.5966,2206802615.77,M0013_2537,บริษัทหลักทรัพย์จัดการกองทุนรวม  บัวหลวง จำกัด
BKIND,2026-10-05,12.5112,12.5113,12.3861,310759569.73,M0511_2557,บริษัทหลักทรัพย์จัดการกองทุนรวม  บัวหลวง จำกัด
BM70-TESGX,2026-10-07,12.169,12.1691,12.169,3528748227.23,M0435_2568,บริษัทหลักทรัพย์จัดการกองทุนรวม  บัวหลวง จำกัด
BM70SSF,2026-10-07,10.8937,10.8938,10.8937,2682563525.31,M0219_2563,บริษัทหลักทรัพย์จัดการกองทุนรวม  บัวหลวง จำกัด
BMAPS100,2026-10-05,13.8028,13.8719,13.8028,233152618.49,M0108_2563,บริษัทหลักทรัพย์จัดการกองทุนรวม  บัวหลวง จำกัด
BMAPS100RMF,2026-10-05,13.3677,13.3678,13.3677,134870449.92,M0149_2565,บริษัทหลักทรัพย์จัดการกองทุนรวม  บัวหลวง จำกัด
BMAPS25,2026-10-05,11.1394,11.1952,11.1394,193966583.87,M0086_2563,บริษัทหลักทรัพย์จัดการกองทุนรวม  บัวหลวง จำกัด
BMAPS25RMF,2026-10-05,10.9909,10.991,10.9909,108090678.38,M0178_2565,บริษัทหลักทรัพย์จัดการกองทุนรวม  บัวหลวง จำกัด
BMAPS55,2026-10-05,12.1047,12.1653,12.1047,327907866.59,M0107_2563,บริษัทหลักทรัพย์จัดการกองทุนรวม  บัวหลวง จำกัด
BMAPS55RMF,2026-10-05,11.8071,11.8072,11.8071,174579372.63,M0167_2565,บริษัทหลักทรัพย์จัดการกองทุนรวม  บัวหลวง จำกัด
BMBF,2026-10-07,4.3721,4.3941,4.3721,42920359.94,M0072_2538,บริษัทหลักทรัพย์จัดการกองทุน เอ็มเอฟซี จำกัด (มหาชน)
BMDIV-TESGX,2026-10-07,11.8085,11.8086,11.8085,4966336306.29,M0436_2568,บริษัทหลักทรัพย์จัดการกองทุนรวม  บัวหลวง จำกัด
BMSCG,2026-10-07,10.3683,0.0,0.0,186630138.28,M0594_2560,บริษัทหลักทรัพย์จัดการกองทุนรวม  บัวหลวง จำกัด
BMSCITH,2026-10-07,12.1811,0.0,0.0,803953272.22,M0050_2558,บริษัทหลักทรัพย์จัดการกองทุนรวม  บัวหลวง จำกัด
BPLUS,2026-10-06,10.4722,10.5844,10.4722,187864600.62,M0666_2562,บริษัทหลักทรัพย์จัดการกองทุน ยูโอบี (ประเทศไทย) จำกัด
BPLUS-R,2026-10-06,10.4721,10.5843,10.4721,7791550.33,M0666_2562,บริษัทหลักทรัพย์จัดการกองทุน ยูโอบี (ประเทศไทย) จำกัด
BSET100,2026-10-07,11.7235,0.0,0.0,1899211132.88,M0259_2560,บริษัทหลักทรัพย์จัดการกองทุนรวม  บัวหลวง จำกัด
BSIRICG,2026-10-07,7.6715,7.6716,7.5948,2461184451.43,M0747_2554,บริษัทหลักทรัพย์จัดการกองทุนรวม  บัวหลวง จำกัด
BSIRIRMF,2026-10-07,14.4838,14.4839,14.4838,3493336896.93,M0202_2556,บริษัทหลักทรัพย์จัดการกองทุนรวม  บัวหลวง จำกัด
BTK,2026-10-07,26.0186,26.0187,25.7585,678037836.29,M0014_2537,บริษัทหลักทรัพย์จัดการกองทุนรวม  บัวหลวง จำกัด
BTP,2026-10-07,36.1529,36.153,35.7914,4680226391.94,M0015_2537,บริษัทหลักทรัพย์จัดการกองทุนรวม  บัวหลวง จำกัด
BTPVD,2026-10-07,10.7476,10.7477,10.7476,1918418991.52,M0444_2562,บริษัทหลักทรัพย์จัดการกองทุนรวม  บัวหลวง จำกัด
BYOU-COREPORT-A,2026-10-06,10.0141,10.1143,10.0141,987907460.07,M0430_2569,บริษัทหลักทรัพย์จัดการกองทุน พรินซิเพิล จำกัด
BYOU-COREPORT-C,2026-10-06,10.0142,10.0143,10.0142,96016.04,M0430_2569,บริษัทหลักทรัพย์จัดการกองทุน พรินซิเพิล จำกัด
CG-RMF,2026-10-07,11.6492,11.6493,11.6492,1404336591.85,M0607_2559,บริษัทหลักทรัพย์จัดการกองทุน ยูโอบี (ประเทศไทย) จำกัด
CHINA,2026-10-07,7.188,7.188,7.188,259499252.41,M0795_2553,บริษัทหลักทรัพย์จัดการกองทุน กรุงไทย จำกัด (มหาชน)
CPRMF1,2026-10-07,17.8015,18.8016,16.8015,33401973.49,M0180_2545,บริษัทหลักทรัพย์จัดการกองทุน ยูโอบี (ประเทศไทย) จำกัด
CPRMF2,2026-10-07,16.5203,17.5204,15.5203,39159178.72,M0078_2546,บริษัทหลักทรัพย์จัดการกองทุน ยูโอบี (ประเทศไทย) จำกัด
CPRMF3,2026-10-07,16.971,17.8197,16.1224,46024569.26,M0704_2547,บริษัทหลักทรัพย์จัดการกองทุน ยูโอบี (ประเทศไทย) จำกัด
CPRMF4,2026-10-07,15.7322,16.5189,14.9456,41031374.75,M0852_2548,บริษัทหลักทรัพย์จัดการกองทุน ยูโอบี (ประเทศไทย) จำกัด
CPRMF5,2026-10-07,16.2392,17.0513,15.4272,46641024.52,M0382_2549,บริษัทหลักทรัพย์จัดการกองทุน ยูโอบี (ประเทศไทย) จำกัด
DAOL-ACWI,2026-10-06,9.9728,10.0976,9.9728,69466038.38,M0871_2569,บริษัทหลักทรัพย์จัดการกองทุน ดาโอ จำกัด
DAOL-AGRI,2026-10-06,9.4829,9.6352,9.4829,19406079.75,M0428_2569,บริษัทหลักทรัพย์จัดการกองทุน ดาโอ จำกัด
DAOL-AIINFRA,2026-10-06,9.7858,9.943,9.7858,128762214.68,M0643_2569,บริษัทหลักทรัพย์จัดการกองทุน ดาโอ จำกัด
DAOL-ALPHABONDS,2026-10-05,10.6095,10.7231,10.6095,7854567.99,M0014_2566,บริษัทหลักทรัพย์จัดการกองทุน ดาโอ จำกัด
DAOL-AQUA,2026-10-05,8.9474,9.0911,8.9474,12473015.42,M0417_2564,บริษัทหลักทรัพย์จัดการกองทุน ดาโอ จำกัด
DAOL-BHARAT,2026-10-06,8.7479,8.8884,8.7479,50804001.65,M0082_2567,บริษัทหลักทรัพย์จัดการกองทุน ดาโอ จำกัด
DAOL-BOND3M,2026-09-30,10.6471,0.0,0.0,190322181.12,M0568_2566,บริษัทหลักทรัพย์จัดการกองทุน ดาโอ จำกัด
DAOL-BOND6M,2026-09-30,11.2738,0.0,0.0,111907879.9,M0197_2563,บริษัทหลักทรัพย์จัดการกองทุน ดาโอ จำกัด
DAOL-BOND6M2,2026-09-30,11.0989,0.0,0.0,468080218.47,M0205_2564,บริษัทหลักทรัพย์จัดการกองทุน ดาโอ จำกัด
DAOL-BOND6M3,2026-09-30,10.9706,0.0,0.0,123106879.35,M0014_2565,บริษัทหลักทรัพย์จัดการกองทุน ดาโอ จำกัด
DAOL-BRAZILEQ,2026-10-06,10.9881,11.1646,10.9881,82629857.83,M0220_2569,บริษัทหลักทรัพย์จัดการกองทุน ดาโอ จำกัด
DAOL-CANAB,2026-10-06,0.815,0.8282,0.815,34163098.18,M0104_2564,บริษัทหลักทรัพย์จัดการกองทุน ดาโอ จำกัด
DAOL-CHIG,2026-10-06,7.8882,8.0149,7.8882,251718227.63,M0300_2563,บริษัทหลักทรัพย์จัดการกองทุน ดาโอ จำกัด
DAOL-CHINABIO,2026-10-07,9.9464,10.1061,9.9464,76258974.61,M0020_2569,บริษัทหลักทรัพย์จัดการกองทุน ดาโอ จำกัด
DAOL-CHINATECH,2026-10-06,7.4788,7.5989,7.4788,443352928.39,M0376_2568,บริษัทหลักทรัพย์จัดการกองทุน ดาโอ จำกัด
DAOL-COPPER,2026-10-06,10.2244,10.3886,10.2244,1072180689.39,M0015_2569,บริษัทหลักทรัพย์จัดการกองทุน ดาโอ จำกัด
DAOL-CYBER,2026-10-06,6.5234,6.6282,6.5234,342002603.38,M0461_2563,บริษัทหลักทรัพย์จัดการกองทุน ดาโอ จำกัด
DAOL-CYBERSECURE,2026-10-06,13.9874,14.212,13.9874,351877578.08,M0484_2568,บริษัทหลักทรัพย์จัดการกองทุน ดาโอ จำกัด
DAOL-DAPP,2026-10-06,13.7262,13.9466,13.7262,1823773062.17,M0104_2568,บริษัทหลักทรัพย์จัดการกองทุน ดาโอ จำกัด
DAOL-DATACENTER,2026-10-06,10.4271,10.5946,10.4271,365481557.62,M0972_2569,บริษัทหลักทรัพย์จัดการกองทุน ดาโอ จำกัด
DAOL-DEFENSE,2026-10-06,13.105,13.3154,13.105,1256203912.04,M0931_2567,บริษัทหลักทรัพย์จัดการกองทุน ดาโอ จำกัด
DAOL-DEWORLD,2026-10-05,6.8821,6.9927,6.8821,8671968.43,M0055_2564,บริษัทหลักทรัพย์จัดการกองทุน ดาโอ จำกัด
DAOL-DRAM,2026-10-06,8.1945,8.3261,8.1945,512338706.41,M0623_2569,บริษัทหลักทรัพย์จัดการกองทุน ดาโอ จำกัด
DAOL-DRONE,2026-10-06,8.0702,8.1998,8.0702,68132760.68,M0593_2569,บริษัทหลักทรัพย์จัดการกองทุน ดาโอ จำกัด
DAOL-ENERGY,2026-10-06,10.1762,10.3396,10.1762,39958775.43,M0227_2569,บริษัทหลักทรัพย์จัดการกองทุน ดาโอ จำกัด
DAOL-EUROPE,2026-10-06,9.2389,9.3873,9.2389,23978153.35,M0271_2564,บริษัทหลักทรัพย์จัดการกองทุน ดาโอ จำกัด
DAOL-EUROPEBANK,2026-10-06,9.7566,9.9133,9.7566,87620513.34,M0874_2569,บริษัทหลักทรัพย์จัดการกองทุน ดาโอ จำกัด
DAOL-EUROPETECH,2026-10-06,10.4054,10.5725,10.4054,19821907.91,M0753_2569,บริษัทหลักทรัพย์จัดการกองทุน ดาโอ จำกัด
DAOL-EVOSEMI,2026-10-06,26.1126,26.5318,26.1126,1830600826.64,M0220_2564,บริษัทหลักทรัพย์จัดการกองทุน ดาโอ จำกัด
DAOL-FXALPHA-UI-A,2026-10-05,9.4832,9.6355,9.4832,10988250.33,M0437_2565,บริษัทหลักทรัพย์จัดการกองทุน ดาโอ จำกัด
DAOL-FXALPHA-UI-D,2026-10-05,9.2108,9.3587,9.2108,3968019.74,M0437_2565,บริษัทหลักทรัพย์จัดการกองทุน ดาโอ จำกัด
DAOL-GALAXY,2026-10-06,8.7073,8.8472,8.7073,171281063.65,M0624_2569,บริษัทหลักทรัพย์จัดการกองทุน ดาโอ จำกัด
DAOL-GAS,2026-10-06,9.4199,9.5712,9.4199,253210250.92,M0442_2569,บริษัทหลักทรัพย์จัดการกองทุน ดาโอ จำกัด
DAOL-GEDUCATION,2026-10-06,7.7876,7.9127,7.7876,22295130.33,M0113_2563,บริษัทหลักทรัพย์จัดการกองทุน ดาโอ จำกัด
DAOL-GEQUITY,2026-10-06,14.4724,14.7048,14.4724,16439072.35,M0683_2562,บริษัทหลักทรัพย์จัดการกองทุน ดาโอ จำกัด
DAOL-GIHEALTH,2026-10-06,6.1339,6.2324,6.1339,76643883.26,M0105_2563,บริษัทหลักทรัพย์จัดการกองทุน ดาโอ จำกัด
DAOL-GLOBALEQRMF,2026-10-06,12.4005,12.4006,12.4005,14517468.4,M0506_2563,บริษัทหลักทรัพย์จัดการกองทุน ดาโอ จำกัด
DAOL-GOLD,2026-10-06,26.2186,26.6395,26.2186,4859756546.66,M0547_2562,บริษัทหลักทรัพย์จัดการกองทุน ดาโอ จำกัด
DAOL-GOLDRMF,2026-10-06,17.0315,17.0316,17.0315,201060039.41,M0370_2563,บริษัทหลักทรัพย์จัดการกองทุน ดาโอ จำกัด
DAOL-GOLDXJ,2026-10-06,8.0689,8.1985,8.0689,462235878.47,M0180_2569,บริษัทหลักทรัพย์จัดการกองทุน ดาโอ จำกัด
DAOL-GSECURE,2026-10-05,15.2885,15.534,15.2885,17538450.08,M0601_2562,บริษัทหลักทรัพย์จัดการกองทุน ดาโอ จำกัด
DAOL-GTECH,2026-10-05,38.1469,38.7593,38.1469,954236990.43,M0252_2562,บริษัทหลักทรัพย์จัดการกองทุน ดาโอ จำกัด
DAOL-GTECHRMF,2026-10-05,10.2445,10.2446,10.2445,4764060.87,M0739_2569,บริษัทหลักทรัพย์จัดการกองทุน ดาโอ จำกัด
DAOL-HYDROGEN,2026-10-06,9.1898,9.3374,9.1898,55170455.14,M0529_2569,บริษัทหลักทรัพย์จัดการกองทุน ดาโอ จำกัด
DAOL-ISTREAM-A,2026-10-06,10.8481,10.9838,10.8481,471781955.81,M0673_2568,บริษัทหลักทรัพย์จัดการกองทุน ดาโอ จำกัด
DAOL-ISTREAM-R,2026-10-06,10.8483,10.984,10.8483,53313781.76,M0673_2568,บริษัทหลักทรัพย์จัดการกองทุน ดาโอ จำกัด
DAOL-JAPANEQ,2026-10-06,10.6623,10.8335,10.6623,62853000.89,M0236_2569,บริษัทหลักทรัพย์จัดการกองทุน ดาโอ จำกัด
DAOL-JAPANSEMI,2026-10-07,9.5655,9.7191,9.5655,129171373.24,M0699_2569,บริษัทหลักทรัพย์จัดการกองทุน ดาโอ จำกัด
DAOL-KOREAEQ,2026-10-06,22.1082,22.4631,22.1082,1276562145.5,M0328_2567,บริษัทหลักทรัพย์จัดการกองทุน ดาโอ จำกัด
DAOL-KOREAX,2026-10-06,10.2034,10.3673,10.2034,391924276.8,M0550_2569,บริษัทหลักทรัพย์จัดการกองทุน ดาโอ จำกัด
DAOL-MEMORY,2026-10-06,10.9319,11.1075,10.9319,265551337.94,M0775_2569,บริษัทหลักทรัพย์จัดการกองทุน ดาโอ จำกัด
DAOL-MONEY-R,2026-10-07,10.7622,10.7623,10.7622,3562113174.27,M0105_2562,บริษัทหลักทรัพย์จัดการกองทุน ดาโอ จำกัด
DAOL-MONYRMF,2026-10-07,10.7047,10.7048,10.7047,16378370.56,M0398_2563,บริษัทหลักทรัพย์จัดการกองทุน ดาโอ จำกัด
DAOL-NUCLEAR,2026-10-06,3.3218,3.3752,3.3218,642509992.54,M0008_2564,บริษัทหลักทรัพย์จัดการกองทุน ดาโอ จำกัด
DAOL-OSHOP,2026-10-06,5.5198,5.5937,5.5198,9086842.85,M0407_2563,บริษัทหลักทรัพย์จัดการกองทุน ดาโอ จำกัด
DAOL-PLAY,2026-10-06,11.5565,11.7421,11.5565,121678434.6,M0502_2563,บริษัทหลักทรัพย์จัดการกองทุน ดาโอ จำกัด
DAOL-QUANTUM,2026-10-06,10.7755,10.9485,10.7755,183401562.61,M0975_2568,บริษัทหลักทรัพย์จัดการกองทุน ดาโอ จำกัด
DAOL-RARE,2026-10-06,9.6949,9.8506,9.6949,2236946138.64,M0770_2568,บริษัทหลักทรัพย์จัดการกองทุน ดาโอ จำกัด
DAOL-SILVER,2026-10-06,11.8968,12.0878,11.8968,2259735807.58,M0879_2568,บริษัทหลักทรัพย์จัดการกองทุน ดาโอ จำกัด
DAOL-SUPERAI,2026-10-06,10.6111,10.7815,10.6111,2008893137.32,M0573_2569,บริษัทหลักทรัพย์จัดการกองทุน ดาโอ จำกัด
DAOL-TAIWANEQ,2026-10-06,19.9555,20.2759,19.9555,583608496.92,M0858_2567,บริษัทหลักทรัพย์จัดการกองทุน ดาโอ จำกัด
DAOL-THAIEQ,2026-10-07,10.5449,10.7142,10.5449,17093351.9,M0327_2566,บริษัทหลักทรัพย์จัดการกองทุน ดาโอ จำกัด
DAOL-THAITRIG6M,2026-10-07,8.9775,9.1217,8.9775,9961291.04,M0162_2565,บริษัทหลักทรัพย์จัดการกองทุน ดาโอ จำกัด
DAOL-TRBOND-A,2026-10-05,11.4213,11.5436,11.4213,11834255.96,M0027_2563,บริษัทหลักทรัพย์จัดการกองทุน ดาโอ จำกัด
DAOL-USEQG,2026-10-06,10.8655,11.04,10.8655,292891120.65,M0740_2567,บริษัทหลักทรัพย์จัดการกองทุน ดาโอ จำกัด
DAOL-USREIT,2026-10-06,8.816,8.9576,8.816,41187247.33,M0641_2562,บริษัทหลักทรัพย์จัดการกองทุน ดาโอ จำกัด
DAOL-USSMALL,2026-10-06,9.4339,9.5854,9.4339,115128964.26,M0774_2569,บริษัทหลักทรัพย์จัดการกองทุน ดาโอ จำกัด
DAOL-USTBILL,2026-10-06,9.8018,9.8281,9.8018,22721761.72,M0696_2566,บริษัทหลักทรัพย์จัดการกองทุน ดาโอ จำกัด
DAOL-VIETGROWTH,2026-10-06,8.9992,9.1437,8.9992,30229575.13,M0273_2564,บริษัทหลักทรัพย์จัดการกองทุน ดาโอ จำกัด
DAOL-VOLT,2026-10-06,9.0611,9.2066,9.0611,355200692.47,M0500_2569,บริษัทหลักทรัพย์จัดการกองทุน ดาโอ จำกัด
DAOL-WGG,2026-10-06,8.83,8.9718,8.83,35963679.73,M0661_2568,บริษัทหลักทรัพย์จัดการกองทุน ดาโอ จำกัด
DAOL-XPROP-A,2026-10-06,10.4428,10.5734,10.4428,2421285.02,M0110_2565,บริษัทหลักทรัพย์จัดการกองทุน ดาโอ จำกัด
DAOL-XPROP-D,2026-10-06,9.5046,9.6235,9.5046,2957592.87,M0110_2565,บริษัทหลักทรัพย์จัดการกองทุน ดาโอ จำกัด
DCAF-I,2026-10-06,13.1853,13.1854,13.1853,263081179.12,M0688_2566,บริษัทหลักทรัพย์จัดการกองทุน ดาโอ จำกัด
DCAF-R,2026-10-06,12.5431,12.6686,12.5431,214441918.19,M0688_2566,บริษัทหลักทรัพย์จัดการกองทุน ดาโอ จำกัด
DE-1,2026-10-07,6.2391,6.2704,6.2391,38454021.69,M0020_2537,บริษัทหลักทรัพย์จัดการกองทุน เอ็มเอฟซี จำกัด (มหาชน)
EHD,2026-10-06,17.1433,17.4006,17.1433,142122052.39,M0120_2550,บริษัทหลักทรัพย์จัดการกองทุน ยูโอบี (ประเทศไทย) จำกัด
ERMF,2026-10-07,97.0255,97.0256,97.0255,1236167481.07,M0181_2545,บริษัทหลักทรัพย์จัดการกองทุน ยูโอบี (ประเทศไทย) จำกัด
ES-AALF-A,2026-10-06,12.7036,12.7672,12.7036,261717656.69,M0141_2555,บริษัทหลักทรัพย์จัดการกองทุน อีสท์สปริง (ประเทศไทย) จำกัด
ES-AAMF-A,2026-10-06,12.7964,12.8605,12.7964,110245490.72,M0140_2555,บริษัทหลักทรัพย์จัดการกองทุน อีสท์สปริง (ประเทศไทย) จำกัด
ES-AAMF-R,2026-10-06,10.6409,10.6942,10.6409,26641542.07,M0140_2555,บริษัทหลักทรัพย์จัดการกองทุน อีสท์สปริง (ประเทศไทย) จำกัด
ES-AASF-A,2026-10-06,13.0407,13.106,13.0407,223592775.0,M0139_2555,บริษัทหลักทรัพย์จัดการกองทุน อีสท์สปริง (ประเทศไทย) จำกัด
ES-ABRMF,2026-10-07,11.8818,11.8819,11.8818,799434156.87,M0541_2559,บริษัทหลักทรัพย์จัดการกองทุน อีสท์สปริง (ประเทศไทย) จำกัด
ES-ALOVE-UH,2026-10-06,13.0965,13.293,13.0965,463519621.54,M0048_2568,บริษัทหลักทรัพย์จัดการกองทุน อีสท์สปริง (ประเทศไทย) จำกัด
ES-ALPHABONDS,2026-10-05,10.2571,10.3598,10.2571,130388486.51,M0356_2567,บริษัทหลักทรัพย์จัดการกองทุน อีสท์สปริง (ประเทศไทย) จำกัด
ES-APLUS,2026-10-06,10.5652,10.5653,10.5652,749573427.56,M0493_2563,บริษัทหลักทรัพย์จัดการกองทุน อีสท์สปริง (ประเทศไทย) จำกัด
ES-APPF,2026-10-05,6.5246,6.5899,6.5246,734816305.37,M0253_2561,บริษัทหลักทรัพย์จัดการกองทุน อีสท์สปริง (ประเทศไทย) จำกัด
ES-ASIA-A,2026-10-06,19.6104,19.9047,19.6104,7524876580.1,M0485_2557,บริษัทหลักทรัพย์จัดการกองทุน อีสท์สปริง (ประเทศไทย) จำกัด
ES-ASIA-S,2026-10-06,15.8578,15.8579,15.8578,2738567.04,M0485_2557,บริษัทหลักทรัพย์จัดการกองทุน อีสท์สปริง (ประเทศไทย) จำกัด
ES-ASIANBOND,2026-10-06,9.3257,9.4191,9.3257,15109800.61,M0568_2559,บริษัทหลักทรัพย์จัดการกองทุน อีสท์สปริง (ประเทศไทย) จำกัด
ES-ASIARMF,2026-10-06,18.1536,18.1719,18.1354,1196415417.7,M0327_2558,บริษัทหลักทรัพย์จัดการกองทุน อีสท์สปริง (ประเทศไทย) จำกัด
ES-AUTOMATION,2026-10-06,11.1979,11.31,11.1979,95142518.43,M0044_2564,บริษัทหลักทรัพย์จัดการกองทุน อีสท์สปริง (ประเทศไทย) จำกัด
ES-BIGCAPEQ,2026-10-07,38.9351,38.9352,38.9351,773004897.17,M0656_2547,บริษัทหลักทรัพย์จัดการกองทุน อีสท์สปริง (ประเทศไทย) จำกัด
ES-BRMF,2026-10-07,14.0768,14.0769,14.0768,3283690201.5,M0576_2553,บริษัทหลักทรัพย์จัดการกองทุน อีสท์สปริง (ประเทศไทย) จำกัด
ES-CASH,2026-10-07,14.5453,14.5454,14.5453,17898411576.16,M0672_2548,บริษัทหลักทรัพย์จัดการกองทุน อีสท์สปริง (ประเทศไทย) จำกัด
ES-CHCHALLENGE#1,2026-10-07,5.5955,5.6255,5.5955,19948176.39,M0133_2558,บริษัทหลักทรัพย์จัดการกองทุน อีสท์สปริง (ประเทศไทย) จำกัด
ES-CHEQ,2026-10-07,7.2756,7.283,7.2683,1701986139.01,M0267_2550,บริษัทหลักทรัพย์จัดการกองทุน อีสท์สปริง (ประเทศไทย) จำกัด
ES-CHILL,2026-10-06,10.6419,10.7484,10.6419,137491052.14,M0254_2564,บริษัทหลักทรัพย์จัดการกองทุน อีสท์สปริง (ประเทศไทย) จำกัด
ES-CHINAA-A,2026-09-30,7.0206,7.126,7.0206,4960348509.99,M0013_2563,บริษัทหลักทรัพย์จัดการกองทุน อีสท์สปริง (ประเทศไทย) จำกัด
ES-CHINAA-SSF,2026-09-30,9.993,9.9931,9.993,207532738.15,M0013_2563,บริษัทหลักทรัพย์จัดการกองทุน อีสท์สปริง (ประเทศไทย) จำกัด
ES-CHINAARMF,2026-09-30,5.6471,5.6472,5.6471,486786101.29,M0489_2563,บริษัทหลักทรัพย์จัดการกองทุน อีสท์สปริง (ประเทศไทย) จำกัด
ES-COF,2026-09-30,11.7602,11.9367,11.7602,2922728567.7,M0799_2557,บริษัทหลักทรัพย์จัดการกองทุน อีสท์สปริง (ประเทศไทย) จำกัด
ES-CONBOND,2026-10-05,9.8049,9.9031,9.8049,234571611.2,M0364_2564,บริษัทหลักทรัพย์จัดการกองทุน อีสท์สปริง (ประเทศไทย) จำกัด
ES-CORMF,2026-09-30,10.5742,10.5849,10.5636,2151024578.95,M0328_2558,บริษัทหลักทรัพย์จัดการกองทุน อีสท์สปริง (ประเทศไทย) จำกัด
ES-CSD,2026-10-07,6.6149,6.6504,6.6149,1582760274.51,M0013_2536,บริษัทหลักทรัพย์จัดการกองทุน อีสท์สปริง (ประเทศไทย) จำกัด
ES-DIV,2026-10-07,10.7068,10.8215,10.7068,2509176164.7,M0065_2560,บริษัทหลักทรัพย์จัดการกองทุน อีสท์สปริง (ประเทศไทย) จำกัด
ES-DIV70THAIESGX-68A,2026-10-07,12.2823,12.2947,12.27,132751756.23,M0413_2568,บริษัทหลักทรัพย์จัดการกองทุน อีสท์สปริง (ประเทศไทย) จำกัด
ES-DIV70THAIESGX-68D,2026-10-07,11.8212,11.8331,11.8094,169637858.27,M0413_2568,บริษัทหลักทรัพย์จัดการกองทุน อีสท์สปริง (ประเทศไทย) จำกัด
ES-DIV70THAIESGX-A,2026-10-07,11.6716,11.6834,11.6599,170536.54,M0413_2568,บริษัทหลักทรัพย์จัดการกองทุน อีสท์สปริง (ประเทศไทย) จำกัด
ES-DIV70THAIESGX-D,2026-10-07,10.7505,10.7614,10.7397,566764.47,M0413_2568,บริษัทหลักทรัพย์จัดการกองทุน อีสท์สปริง (ประเทศไทย) จำกัด
ES-DIV70THAIESGX-LA,2026-10-07,12.4019,12.4144,12.3895,424416223.96,M0413_2568,บริษัทหลักทรัพย์จัดการกองทุน อีสท์สปริง (ประเทศไทย) จำกัด
ES-DIV70THAIESGX-LD,2026-10-07,11.9411,11.9531,11.9292,845478333.98,M0413_2568,บริษัทหลักทรัพย์จัดการกองทุน อีสท์สปริง (ประเทศไทย) จำกัด
ES-DIVTHAIESGX-68A,2026-10-07,13.6685,13.6823,13.6548,68969567.98,M0419_2568,บริษัทหลักทรัพย์จัดการกองทุน อีสท์สปริง (ประเทศไทย) จำกัด
ES-DIVTHAIESGX-68D,2026-10-07,12.8103,12.8232,12.7975,39018567.42,M0419_2568,บริษัทหลักทรัพย์จัดการกองทุน อีสท์สปริง (ประเทศไทย) จำกัด
ES-DIVTHAIESGX-A,2026-10-07,12.6362,12.6489,12.6236,409969.67,M0419_2568,บริษัทหลักทรัพย์จัดการกองทุน อีสท์สปริง (ประเทศไทย) จำกัด
ES-DIVTHAIESGX-D,2026-10-07,11.5266,11.5382,11.5151,375761.16,M0419_2568,บริษัทหลักทรัพย์จัดการกองทุน อีสท์สปริง (ประเทศไทย) จำกัด
ES-DIVTHAIESGX-LA,2026-10-07,13.8776,13.8916,13.8637,226793945.22,M0419_2568,บริษัทหลักทรัพย์จัดการกองทุน อีสท์สปริง (ประเทศไทย) จำกัด
ES-DIVTHAIESGX-LD,2026-10-07,13.0198,13.0329,13.0068,281431150.34,M0419_2568,บริษัทหลักทรัพย์จัดการกองทุน อีสท์สปริง (ประเทศไทย) จำกัด
ES-DMIXED,2026-10-07,7.8057,7.8476,7.8057,74140105.24,M0125_2556,บริษัทหลักทรัพย์จัดการกองทุน อีสท์สปริง (ประเทศไทย) จำกัด
ES-EAE,2026-10-06,10.9191,11.083,10.9191,1602832280.73,M0100_2560,บริษัทหลักทรัพย์จัดการกองทุน อีสท์สปริง (ประเทศไทย) จำกัด
ES-EAERMF,2026-10-06,9.7153,9.7251,9.7056,125758764.18,M0648_2560,บริษัทหลักทรัพย์จัดการกองทุน อีสท์สปริง (ประเทศไทย) จำกัด
ES-EBF,2026-10-06,10.0962,10.1973,10.0962,27463553.08,M0209_2560,บริษัทหลักทรัพย์จัดการกองทุน อีสท์สปริง (ประเทศไทย) จำกัด
ES-EG-A,2026-10-06,25.876,26.2642,25.876,1432369782.03,M0175_2557,บริษัทหลักทรัพย์จัดการกองทุน อีสท์สปริง (ประเทศไทย) จำกัด
ES-EG-S,2026-10-06,13.1611,13.1612,13.1611,2228582.83,M0175_2557,บริษัทหลักทรัพย์จัดการกองทุน อีสท์สปริง (ประเทศไทย) จำกัด
ES-EGRMF,2026-10-06,24.0897,24.1139,24.0656,324202278.97,M0253_2557,บริษัทหลักทรัพย์จัดการกองทุน อีสท์สปริง (ประเทศไทย) จำกัด
ES-EMEQ,2026-10-06,17.9508,17.9689,17.9328,1400662760.11,M0320_2550,บริษัทหลักทรัพย์จัดการกองทุน อีสท์สปริง (ประเทศไทย) จำกัด
ES-EQDIV,2026-10-07,22.4341,22.4342,22.4341,843656834.27,M0653_2547,บริษัทหลักทรัพย์จัดการกองทุน อีสท์สปริง (ประเทศไทย) จำกัด
ES-EQDSSFX,2026-10-07,11.0604,11.0605,11.0604,205504422.61,M0133_2563,บริษัทหลักทรัพย์จัดการกองทุน อีสท์สปริง (ประเทศไทย) จำกัด
ES-EQPLUS,2026-10-07,45.0514,45.0515,45.0514,294304885.53,M0710_2546,บริษัทหลักทรัพย์จัดการกองทุน อีสท์สปริง (ประเทศไทย) จำกัด
ES-EQRMF,2026-10-07,71.3593,71.3594,71.3593,1352965167.03,M0056_2545,บริษัทหลักทรัพย์จัดการกองทุน อีสท์สปริง (ประเทศไทย) จำกัด
ES-EQUITY,2026-10-07,11.7422,11.8051,11.7422,1152147337.97,M0003_2537,บริษัทหลักทรัพย์จัดการกองทุน อีสท์สปริง (ประเทศไทย) จำกัด
ES-ESG3070-ThaiESG-A,2026-10-07,10.8988,10.9098,10.8879,656344352.45,M0730_2567,บริษัทหลักทรัพย์จัดการกองทุน อีสท์สปริง (ประเทศไทย) จำกัด
ES-ESG3070-ThaiESG-D,2026-10-07,10.8012,10.8121,10.7904,57706712.15,M0730_2567,บริษัทหลักทรัพย์จัดการกองทุน อีสท์สปริง (ประเทศไทย) จำกัด
ES-FGOVUSD6M1,2026-10-07,10.1069,10.107,10.1069,4156550.81,M0043_2569,บริษัทหลักทรัพย์จัดการกองทุน อีสท์สปริง (ประเทศไทย) จำกัด
ES-FINTECH,2026-10-06,7.5502,7.6258,7.5502,169692709.14,M0050_2564,บริษัทหลักทรัพย์จัดการกองทุน อีสท์สปริง (ประเทศไทย) จำกัด
ES-FIXEDRMF,2026-10-07,17.8229,17.823,17.8229,5124111578.8,M0422_2545,บริษัทหลักทรัพย์จัดการกองทุน อีสท์สปริง (ประเทศไทย) จำกัด
ES-FIXEDSSF,2026-10-07,10.7511,10.7512,10.7511,174034753.09,M0565_2563,บริษัทหลักทรัพย์จัดการกองทุน อีสท์สปริง (ประเทศไทย) จำกัด
ES-GAINCOME-A,2026-10-06,11.7255,11.8429,11.7255,4585733777.76,M0563_2566,บริษัทหลักทรัพย์จัดการกองทุน อีสท์สปริง (ประเทศไทย) จำกัด
ES-GAINCOME-D,2026-10-06,10.3693,10.4731,10.3693,225704890.5,M0563_2566,บริษัทหลักทรัพย์จัดการกองทุน อีสท์สปริง (ประเทศไทย) จำกัด
ES-GAINCOME-RP,2026-10-06,11.7428,11.8603,11.7428,972504171.87,M0563_2566,บริษัทหลักทรัพย์จัดการกองทุน อีสท์สปริง (ประเทศไทย) จำกัด
ES-GAINCOME-UH-A,2026-10-06,11.2161,11.3284,11.2161,1670199264.74,M0912_2568,บริษัทหลักทรัพย์จัดการกองทุน อีสท์สปริง (ประเทศไทย) จำกัด
ES-GAINCOME-UH-R,2026-10-06,11.096,11.2071,11.096,64756741.89,M0912_2568,บริษัทหลักทรัพย์จัดการกองทุน อีสท์สปริง (ประเทศไทย) จำกัด
ES-GAINCOME-USD,2026-10-06,9.9287,10.0281,9.9287,135680.79,M0861_2569,บริษัทหลักทรัพย์จัดการกองทุน อีสท์สปริง (ประเทศไทย) จำกัด
ES-GAINCOMERMF,2026-10-06,11.7268,11.7269,11.7268,517535967.21,M0669_2567,บริษัทหลักทรัพย์จัดการกองทุน อีสท์สปริง (ประเทศไทย) จำกัด
ES-GCG-A,2026-10-06,10.0013,10.1514,10.0013,1082062550.83,M0201_2563,บริษัทหลักทรัพย์จัดการกองทุน อีสท์สปริง (ประเทศไทย) จำกัด
ES-GCG-SSF,2026-10-06,9.3794,9.3795,9.3794,167323802.7,M0201_2563,บริษัทหลักทรัพย์จัดการกองทุน อีสท์สปริง (ประเทศไทย) จำกัด
ES-GCGRMF,2026-10-06,9.2297,9.2298,9.2297,213799806.06,M0551_2563,บริษัทหลักทรัพย์จัดการกองทุน อีสท์สปริง (ประเทศไทย) จำกัด
ES-GCORE,2026-10-06,19.2361,19.5247,19.2361,4174745879.18,M0277_2562,บริษัทหลักทรัพย์จัดการกองทุน อีสท์สปริง (ประเทศไทย) จำกัด
ES-GCORE-USD,2026-10-06,10.074,10.2252,10.074,108262.38,M0857_2569,บริษัทหลักทรัพย์จัดการกองทุน อีสท์สปริง (ประเทศไทย) จำกัด
ES-GDIV,2026-10-06,10.2387,10.3924,10.2387,976681059.28,M0744_2565,บริษัทหลักทรัพย์จัดการกองทุน อีสท์สปริง (ประเทศไทย) จำกัด
ES-GDIV-Acc,2026-10-06,12.6556,12.8455,12.6556,292284078.05,M0309_2566,บริษัทหลักทรัพย์จัดการกองทุน อีสท์สปริง (ประเทศไทย) จำกัด
ES-GDIV-UH-A,2026-10-06,11.1328,11.2999,11.1328,219316.63,M1038_2567,บริษัทหลักทรัพย์จัดการกองทุน อีสท์สปริง (ประเทศไทย) จำกัด
ES-GENOME,2026-10-06,4.9697,5.0195,4.9697,228047801.29,M0018_2564,บริษัทหลักทรัพย์จัดการกองทุน อีสท์สปริง (ประเทศไทย) จำกัด
ES-GER,2026-10-06,21.6136,21.8298,21.6136,257220775.1,M0462_2558,บริษัทหลักทรัพย์จัดการกองทุน อีสท์สปริง (ประเทศไทย) จำกัด
ES-GF-A,2026-10-06,11.7549,11.8726,11.7549,1195598690.04,M0621_2553,บริษัทหลักทรัพย์จัดการกองทุน อีสท์สปริง (ประเทศไทย) จำกัด
ES-GF-D,2026-10-06,9.4228,9.5171,9.4228,43637054.27,M0621_2553,บริษัทหลักทรัพย์จัดการกองทุน อีสท์สปริง (ประเทศไทย) จำกัด
ES-GF-S,2026-10-06,9.7435,9.7436,9.7435,672971.1,M0621_2553,บริษัทหลักทรัพย์จัดการกองทุน อีสท์สปริง (ประเทศไทย) จำกัด
ES-GGREEN,2026-10-05,8.5158,8.6436,8.5158,2039675594.03,M0305_2563,บริษัทหลักทรัพย์จัดการกองทุน อีสท์สปริง (ประเทศไทย) จำกัด
ES-GINCOME-A,2026-10-06,9.5016,9.5967,9.5016,4072599442.58,M0182_2559,บริษัทหลักทรัพย์จัดการกองทุน อีสท์สปริง (ประเทศไทย) จำกัด
ES-GINCOME-R,2026-10-06,11.7817,11.8996,11.7817,5402510654.96,M0182_2559,บริษัทหลักทรัพย์จัดการกองทุน อีสท์สปริง (ประเทศไทย) จำกัด
ES-GINCOME-UH-R,2026-10-06,10.1898,10.2918,10.1898,399132186.17,M0416_2567,บริษัทหลักทรัพย์จัดการกองทุน อีสท์สปริง (ประเทศไทย) จำกัด
ES-GINCOME-UH-S,2026-10-06,10.3162,10.3163,10.3162,402330.86,M0416_2567,บริษัทหลักทรัพย์จัดการกองทุน อีสท์สปริง (ประเทศไทย) จำกัด
ES-GINCOME-USD,2026-10-06,9.9762,10.0761,9.9762,58652.13,M0858_2569,บริษัทหลักทรัพย์จัดการกองทุน อีสท์สปริง (ประเทศไทย) จำกัด
ES-GINCOMERMF,2026-10-06,11.5028,11.5144,11.4913,1078424017.93,M0258_2559,บริษัทหลักทรัพย์จัดการกองทุน อีสท์สปริง (ประเทศไทย) จำกัด
ES-GINFRA-A,2026-10-06,16.6971,16.9477,16.6971,432220255.02,M0307_2559,บริษัทหลักทรัพย์จัดการกองทุน อีสท์สปริง (ประเทศไทย) จำกัด
ES-GINFRA-D,2026-10-06,9.8181,9.9655,9.8181,80851850.33,M0307_2559,บริษัทหลักทรัพย์จัดการกองทุน อีสท์สปริง (ประเทศไทย) จำกัด
ES-GINNO-A,2026-10-06,7.7022,7.8178,7.7022,4309407550.62,M0479_2563,บริษัทหลักทรัพย์จัดการกองทุน อีสท์สปริง (ประเทศไทย) จำกัด
ES-GINNO-SSF,2026-10-06,17.155,17.1551,17.155,53619003.93,M0479_2563,บริษัทหลักทรัพย์จัดการกองทุน อีสท์สปริง (ประเทศไทย) จำกัด
ES-GINNORMF,2026-10-06,7.4115,7.419,7.4041,281941929.83,M0140_2564,บริษัทหลักทรัพย์จัดการกองทุน อีสท์สปริง (ประเทศไทย) จำกัด
ES-GLOBALENERGY,2026-10-06,7.4754,7.5555,7.4754,148934803.97,M0965_2550,บริษัทหลักทรัพย์จัดการกองทุน อีสท์สปริง (ประเทศไทย) จำกัด
ES-GLOBALEQ,2026-10-06,30.6527,30.9808,30.6527,218469500.84,M0414_2553,บริษัทหลักทรัพย์จัดการกองทุน อีสท์สปริง (ประเทศไทย) จำกัด
ES-GLOBALEQRMF,2026-10-06,21.9591,21.9592,21.9591,460868360.0,M0681_2556,บริษัทหลักทรัพย์จัดการกองทุน อีสท์สปริง (ประเทศไทย) จำกัด
ES-GLOBALESG,2026-10-06,15.8827,16.1377,15.8827,307047976.35,M0383_2562,บริษัทหลักทรัพย์จัดการกองทุน อีสท์สปริง (ประเทศไทย) จำกัด
ES-GLOBALFI,2026-10-05,15.4518,15.6172,15.4518,275508172.45,M0770_2550,บริษัทหลักทรัพย์จัดการกองทุน อีสท์สปริง (ประเทศไทย) จำกัด
ES-GLOBALVALUE,2026-10-06,9.6513,9.7547,9.6513,73545972.36,M0165_2550,บริษัทหลักทรัพย์จัดการกองทุน อีสท์สปริง (ประเทศไทย) จำกัด
ES-GOLD,2026-10-06,49.9476,49.9976,49.8977,2388661441.78,M0870_2548,บริษัทหลักทรัพย์จัดการกองทุน อีสท์สปริง (ประเทศไทย) จำกัด
ES-GOLDBULLION-H,2026-10-07,20.7914,20.8137,20.7358,1825736178.39,M0844_2553,บริษัทหลักทรัพย์จัดการกองทุน อีสท์สปริง (ประเทศไทย) จำกัด
ES-GOLDBULLION-UH,2026-10-07,26.5362,26.5647,26.4652,990117308.75,M0905_2553,บริษัทหลักทรัพย์จัดการกองทุน อีสท์สปริง (ประเทศไทย) จำกัด
ES-GOLDRMF-H,2026-10-07,19.7095,19.7096,19.7095,862208579.46,M0221_2554,บริษัทหลักทรัพย์จัดการกองทุน อีสท์สปริง (ประเทศไทย) จำกัด
ES-GOLDRMF-UH,2026-10-07,24.5977,24.5978,24.5977,847818434.41,M0222_2554,บริษัทหลักทรัพย์จัดการกองทุน อีสท์สปริง (ประเทศไทย) จำกัด
ES-GOLDS,2026-10-07,21.0124,21.0335,20.9914,1793043107.68,M1035_2553,บริษัทหลักทรัพย์จัดการกองทุน อีสท์สปริง (ประเทศไทย) จำกัด
ES-GOLDSRMF,2026-10-07,20.7701,20.791,20.7493,867096684.22,M1034_2553,บริษัทหลักทรัพย์จัดการกองทุน อีสท์สปริง (ประเทศไทย) จำกัด
ES-GOVCP6M56,2026-10-07,10.029,10.0291,10.029,124304544.38,M0506_2569,บริษัทหลักทรัพย์จัดการกองทุน อีสท์สปริง (ประเทศไทย) จำกัด
ES-GOVCP6M57,2026-10-07,10.0254,10.0255,10.0254,270999700.37,M0531_2569,บริษัทหลักทรัพย์จัดการกองทุน อีสท์สปริง (ประเทศไทย) จำกัด
ES-GOVCP6M58,2026-10-07,10.015,10.0151,10.015,284366959.57,M0681_2569,บริษัทหลักทรัพย์จัดการกองทุน อีสท์สปริง (ประเทศไทย) จำกัด
ES-GOVCP6M59,2026-10-07,10.0123,10.0124,10.0123,218333017.51,M0715_2569,บริษัทหลักทรัพย์จัดการกองทุน อีสท์สปริง (ประเทศไทย) จำกัด
ES-GOVCP6M60,2026-10-07,10.0093,10.0094,10.0093,117868311.26,M0780_2569,บริษัทหลักทรัพย์จัดการกองทุน อีสท์สปริง (ประเทศไทย) จำกัด
ES-GOVCP6M61,2026-10-07,10.0056,10.0057,10.0056,477124795.13,M0883_2569,บริษัทหลักทรัพย์จัดการกองทุน อีสท์สปริง (ประเทศไทย) จำกัด
ES-GOVRMF,2026-10-07,16.7261,16.7262,16.7261,2299015204.32,M0071_2544,บริษัทหลักทรัพย์จัดการกองทุน อีสท์สปริง (ประเทศไทย) จำกัด
ES-GPROP,2026-10-06,8.5579,8.6436,8.5579,137693843.1,M0555_2560,บริษัทหลักทรัพย์จัดการกองทุน อีสท์สปริง (ประเทศไทย) จำกัด
ES-GPROPRMF,2026-10-06,8.9072,8.9162,8.8983,39068145.03,M0650_2560,บริษัทหลักทรัพย์จัดการกองทุน อีสท์สปริง (ประเทศไทย) จำกัด
ES-GQG,2026-10-06,25.2075,25.5857,25.2075,21840257016.08,M0052_2558,บริษัทหลักทรัพย์จัดการกองทุน อีสท์สปริง (ประเทศไทย) จำกัด
ES-GQG-UH,2026-10-06,12.6878,12.8782,12.6878,172726343.05,M0267_2568,บริษัทหลักทรัพย์จัดการกองทุน อีสท์สปริง (ประเทศไทย) จำกัด
ES-GQGRMF,2026-10-06,23.4891,23.5127,23.4656,6977469742.16,M0330_2558,บริษัทหลักทรัพย์จัดการกองทุน อีสท์สปริง (ประเทศไทย) จำกัด
ES-GRID,2026-10-06,10.903,11.0666,10.903,4872179486.26,M0288_2569,บริษัทหลักทรัพย์จัดการกองทุน อีสท์สปริง (ประเทศไทย) จำกัด
ES-GRMF,2026-10-06,10.0104,10.0205,10.0004,218066772.12,M0970_2553,บริษัทหลักทรัพย์จัดการกองทุน อีสท์สปริง (ประเทศไทย) จำกัด
ES-GSBOND-A,2026-10-06,9.5548,9.6504,9.5548,935832145.89,M0708_2562,บริษัทหลักทรัพย์จัดการกองทุน อีสท์สปริง (ประเทศไทย) จำกัด
ES-GSBOND-D,2026-10-06,10.1835,10.2854,10.1835,232097.75,M0708_2562,บริษัทหลักทรัพย์จัดการกองทุน อีสท์สปริง (ประเทศไทย) จำกัด
ES-GSBOND-S,2026-10-06,10.0883,10.0884,10.0883,558151.95,M0708_2562,บริษัทหลักทรัพย์จัดการกองทุน อีสท์สปริง (ประเทศไทย) จำกัด
ES-GTECH,2026-10-05,38.1193,38.7312,38.1193,13267180557.68,M0692_2562,บริษัทหลักทรัพย์จัดการกองทุน อีสท์สปริง (ประเทศไทย) จำกัด
ES-GTECHSSF,2026-10-05,30.2607,30.2608,30.2607,562671821.21,M0499_2563,บริษัทหลักทรัพย์จัดการกองทุน อีสท์สปริง (ประเทศไทย) จำกัด
ES-HEALTHCARE,2026-10-06,15.3909,15.5557,15.3909,810353799.91,M0362_2558,บริษัทหลักทรัพย์จัดการกองทุน อีสท์สปริง (ประเทศไทย) จำกัด
ES-HEALTHCARERMF,2026-10-06,14.8892,14.8893,14.8892,325387505.0,M0367_2558,บริษัทหลักทรัพย์จัดการกองทุน อีสท์สปริง (ประเทศไทย) จำกัด
ES-HEALTHPLUS,2026-10-07,9.3763,9.4767,9.3763,1125983236.34,M0332_2560,บริษัทหลักทรัพย์จัดการกองทุน อีสท์สปริง (ประเทศไทย) จำกัด
ES-IALLO,2026-10-06,11.6662,11.783,11.6662,64885579.93,M0429_2562,บริษัทหลักทรัพย์จัดการกองทุน อีสท์สปริง (ประเทศไทย) จำกัด
ES-INCOMEAI,2026-10-06,12.9078,13.046,12.9078,160747950.49,M0428_2558,บริษัทหลักทรัพย์จัดการกองทุน อีสท์สปริง (ประเทศไทย) จำกัด
ES-INDAE,2026-10-06,13.3204,13.5203,13.3204,1422530211.29,M0117_2561,บริษัทหลักทรัพย์จัดการกองทุน อีสท์สปริง (ประเทศไทย) จำกัด
ES-INDAERMF,2026-10-06,8.5752,8.5753,8.5752,31683327.74,M0833_2568,บริษัทหลักทรัพย์จัดการกองทุน อีสท์สปริง (ประเทศไทย) จำกัด
ES-INDONESIA,2026-10-06,6.2875,6.3819,6.2875,268439713.27,M0191_2565,บริษัทหลักทรัพย์จัดการกองทุน อีสท์สปริง (ประเทศไทย) จำกัด
ES-INDONESIA-RMF,2026-10-06,6.8022,6.8023,6.8022,47278068.22,M0564_2565,บริษัทหลักทรัพย์จัดการกองทุน อีสท์สปริง (ประเทศไทย) จำกัด
ES-INTERNET,2026-10-06,9.1094,9.2006,9.1094,380279732.25,M0031_2564,บริษัทหลักทรัพย์จัดการกองทุน อีสท์สปริง (ประเทศไทย) จำกัด
ES-IPLUS,2026-10-07,12.4112,12.4113,12.4112,66660588759.18,M0014_2556,บริษัทหลักทรัพย์จัดการกองทุน อีสท์สปริง (ประเทศไทย) จำกัด
ES-JB25,2026-10-07,47.9688,48.0169,47.9208,3696155245.01,M0470_2547,บริษัทหลักทรัพย์จัดการกองทุน อีสท์สปริง (ประเทศไทย) จำกัด
ES-JB25DIV,2026-10-07,19.8706,19.8906,19.8507,2538726732.08,M0715_2547,บริษัทหลักทรัพย์จัดการกองทุน อีสท์สปริง (ประเทศไทย) จำกัด
ES-JB25RMF,2026-10-07,41.8978,41.9398,41.8559,2739242289.19,M0872_2547,บริษัทหลักทรัพย์จัดการกองทุน อีสท์สปริง (ประเทศไทย) จำกัด
ES-JBPDIV,2026-10-07,16.553,16.5697,16.5364,1233328981.8,M0638_2547,บริษัทหลักทรัพย์จัดการกองทุน อีสท์สปริง (ประเทศไทย) จำกัด
ES-JE,2026-10-07,37.7939,38.1719,37.7939,1076121222.34,M1137_2557,บริษัทหลักทรัพย์จัดการกองทุน อีสท์สปริง (ประเทศไทย) จำกัด
ES-JERMF,2026-10-07,32.4156,32.4481,32.3832,331505801.15,M0329_2558,บริษัทหลักทรัพย์จัดการกองทุน อีสท์สปริง (ประเทศไทย) จำกัด
ES-JPNAE-A,2026-10-06,30.2689,30.723,30.2689,1089772212.0,M0004_2559,บริษัทหลักทรัพย์จัดการกองทุน อีสท์สปริง (ประเทศไทย) จำกัด
ES-JPNAE-R,2026-10-06,16.9578,17.2123,16.9578,39716272.22,M0004_2559,บริษัทหลักทรัพย์จัดการกองทุน อีสท์สปริง (ประเทศไทย) จำกัด
ES-LINK2Y3MB,2026-10-07,10.0015,10.0016,10.0015,327848162.54,M0721_2567,บริษัทหลักทรัพย์จัดการกองทุน อีสท์สปริง (ประเทศไทย) จำกัด
ES-LINK2Y4MA,2026-10-07,10.0036,10.1037,10.0036,608591067.9,M0490_2567,บริษัทหลักทรัพย์จัดการกองทุน อีสท์สปริง (ประเทศไทย) จำกัด
ES-LOVE,2026-10-06,12.0411,12.2218,12.0411,59945652.95,M0760_2565,บริษัทหลักทรัพย์จัดการกองทุน อีสท์สปริง (ประเทศไทย) จำกัด
ES-LOWBETA,2026-10-07,20.1186,20.2263,20.1186,961326887.57,M0913_2554,บริษัทหลักทรัพย์จัดการกองทุน อีสท์สปริง (ประเทศไทย) จำกัด
ES-LOWBETADIV,2026-10-07,9.8153,9.8154,9.8153,531829105.84,M0478_2559,บริษัทหลักทรัพย์จัดการกองทุน อีสท์สปริง (ประเทศไทย) จำกัด
ES-LOWBETARMF,2026-10-07,16.5711,16.5712,16.5711,1428910657.49,M0819_2555,บริษัทหลักทรัพย์จัดการกองทุน อีสท์สปริง (ประเทศไทย) จำกัด
ES-MAGIC,2026-10-06,9.8653,9.9641,9.8653,368479864.04,M0765_2569,บริษัทหลักทรัพย์จัดการกองทุน อีสท์สปริง (ประเทศไทย) จำกัด
ES-MF,2026-10-07,23.4569,23.457,23.4569,6891209920.54,M0009_2540,บริษัทหลักทรัพย์จัดการกองทุน อีสท์สปริง (ประเทศไทย) จำกัด
ES-MIXEDRMF,2026-10-07,38.6881,38.6882,38.6881,1114114147.37,M0659_2547,บริษัทหลักทรัพย์จัดการกองทุน อีสท์สปริง (ประเทศไทย) จำกัด
ES-MMRMF,2026-10-07,14.9473,14.9474,14.9473,1641303777.58,M0078_2545,บริษัทหลักทรัพย์จัดการกองทุน อีสท์สปริง (ประเทศไทย) จำกัด
ES-MRMF,2026-10-07,13.9014,13.9015,13.9014,5624900548.29,M0605_2546,บริษัทหลักทรัพย์จัดการกองทุน อีสท์สปริง (ประเทศไทย) จำกัด
ES-MULTIINCOME,2026-10-07,9.8684,9.9741,9.8684,954833435.79,M0075_2562,บริษัทหลักทรัพย์จัดการกองทุน อีสท์สปริง (ประเทศไทย) จำกัด
ES-NDQPIN-A,2026-10-06,12.868,12.9968,12.868,133183190.69,M0224_2568,บริษัทหลักทรัพย์จัดการกองทุน อีสท์สปริง (ประเทศไทย) จำกัด
ES-NDQPIN-AG,2026-10-06,11.5666,11.6824,11.5666,122695500.82,M0224_2568,บริษัทหลักทรัพย์จัดการกองทุน อีสท์สปริง (ประเทศไทย) จำกัด
ES-NDQPIN-R,2026-10-06,13.2214,13.3537,13.2214,269988078.78,M0224_2568,บริษัทหลักทรัพย์จัดการกองทุน อีสท์สปริง (ประเทศไทย) จำกัด
ES-NDQPIN-UH-A,2026-10-06,13.5573,13.693,13.5573,158303309.1,M0149_2568,บริษัทหลักทรัพย์จัดการกองทุน อีสท์สปริง (ประเทศไทย) จำกัด
ES-NDQPIN-UH-AG,2026-10-06,12.3439,12.4674,12.3439,70964597.2,M0149_2568,บริษัทหลักทรัพย์จัดการกองทุน อีสท์สปริง (ประเทศไทย) จำกัด
ES-NDQPIN-UH-R,2026-10-06,13.7597,13.8974,13.7597,425854418.15,M0149_2568,บริษัทหลักทรัพย์จัดการกองทุน อีสท์สปริง (ประเทศไทย) จำกัด
ES-OIL,2026-10-06,8.934,8.943,8.9251,157926228.78,M0296_2553,บริษัทหลักทรัพย์จัดการกองทุน อีสท์สปริง (ประเทศไทย) จำกัด
ES-PIPF,2026-10-07,8.7562,8.8439,8.7474,7611572019.76,M0221_2557,บริษัทหลักทรัพย์จัดการกองทุน อีสท์สปริง (ประเทศไทย) จำกัด
ES-PIPFRMF,2026-10-07,14.6718,14.6866,14.6571,871849815.58,M0424_2557,บริษัทหลักทรัพย์จัดการกองทุน อีสท์สปริง (ประเทศไทย) จำกัด
ES-PPSD,2026-10-07,14.1951,14.2711,14.1951,566820246.94,M0024_2535,บริษัทหลักทรัพย์จัดการกองทุน อีสท์สปริง (ประเทศไทย) จำกัด
ES-PREMIUMBRAND,2026-10-06,9.2381,9.337,9.2381,186239685.45,M0322_2550,บริษัทหลักทรัพย์จัดการกองทุน อีสท์สปริง (ประเทศไทย) จำกัด
ES-PRIMELOWBETA,2026-10-07,12.1261,12.1911,12.1261,275035134.78,M0699_2558,บริษัทหลักทรัพย์จัดการกองทุน อีสท์สปริง (ประเทศไทย) จำกัด
ES-PROPINFRAFLEX,2026-10-07,9.2944,9.4172,9.2712,788709978.72,M0081_2559,บริษัทหลักทรัพย์จัดการกองทุน อีสท์สปริง (ประเทศไทย) จำกัด
ES-PVD-FIX,2026-10-07,11.1725,11.1726,11.1725,19260786129.58,M0477_2562,บริษัทหลักทรัพย์จัดการกองทุน อีสท์สปริง (ประเทศไทย) จำกัด
ES-PVD-MONEY,2026-10-07,10.6606,10.6607,10.6606,1237922041.39,M0471_2562,บริษัทหลักทรัพย์จัดการกองทุน อีสท์สปริง (ประเทศไทย) จำกัด
ES-PVD-STFIX,2026-10-07,10.5227,10.5228,10.5227,4406315343.68,M0474_2562,บริษัทหลักทรัพย์จัดการกองทุน อีสท์สปริง (ประเทศไทย) จำกัด
ES-PVD-TREASURY,2026-10-07,10.334,10.3341,10.334,6110876992.49,M0472_2562,บริษัทหลักทรัพย์จัดการกองทุน อีสท์สปริง (ประเทศไทย) จำกัด
ES-QUANTABS,2026-10-05,10.4586,10.6156,10.4586,285574655.33,M0650_2569,บริษัทหลักทรัพย์จัดการกองทุน อีสท์สปริง (ประเทศไทย) จำกัด
ES-SET50-A,2026-10-07,122.3841,122.5066,122.2617,12299777250.45,M0041_2543,บริษัทหลักทรัพย์จัดการกองทุน อีสท์สปริง (ประเทศไทย) จำกัด
ES-SET50-D,2026-10-07,12.2698,12.2822,12.2575,6710493.93,M0041_2543,บริษัทหลักทรัพย์จัดการกองทุน อีสท์สปริง (ประเทศไทย) จำกัด
ES-SET50ACC2,2026-10-07,12.002,12.0201,11.984,55186101.77,M0227_2562,บริษัทหลักทรัพย์จัดการกองทุน อีสท์สปริง (ประเทศไทย) จำกัด
ES-SET50DV,2026-10-07,9.5169,9.5265,9.5074,1042226457.49,M0100_2547,บริษัทหลักทรัพย์จัดการกองทุน อีสท์สปริง (ประเทศไทย) จำกัด
ES-SET50DV2,2026-10-07,13.2194,13.2393,13.1996,499432892.28,M0943_2554,บริษัทหลักทรัพย์จัดการกองทุน อีสท์สปริง (ประเทศไทย) จำกัด
ES-SET50RMF,2026-10-07,49.1589,49.2082,49.1097,3397360106.05,M0602_2546,บริษัทหลักทรัพย์จัดการกองทุน อีสท์สปริง (ประเทศไทย) จำกัด
ES-SET50RMF2,2026-10-07,12.1965,12.2149,12.1782,349536279.25,M0292_2562,บริษัทหลักทรัพย์จัดการกองทุน อีสท์สปริง (ประเทศไทย) จำกัด
ES-SETESG-A,2026-10-07,13.2175,13.2308,13.2043,25573565.85,M0815_2566,บริษัทหลักทรัพย์จัดการกองทุน อีสท์สปริง (ประเทศไทย) จำกัด
ES-SETESG-ThaiESG-A,2026-10-07,12.2427,12.255,12.2305,618561667.36,M0815_2566,บริษัทหลักทรัพย์จัดการกองทุน อีสท์สปริง (ประเทศไทย) จำกัด
ES-SETESG-ThaiESG-D,2026-10-07,11.477,11.4886,11.4655,501374186.17,M0815_2566,บริษัทหลักทรัพย์จัดการกองทุน อีสท์สปริง (ประเทศไทย) จำกัด
ES-SMARTBETA,2026-10-07,9.7642,9.8165,9.7642,437096295.62,M0147_2561,บริษัทหลักทรัพย์จัดการกองทุน อีสท์สปริง (ประเทศไทย) จำกัด
ES-SMCAP,2026-10-07,10.9104,11.0272,10.9104,36849387.76,M0141_2557,บริษัทหลักทรัพย์จัดการกองทุน อีสท์สปริง (ประเทศไทย) จำกัด
ES-SMCAP2,2026-10-07,8.5403,8.5404,8.5403,70115542.17,M0540_2559,บริษัทหลักทรัพย์จัดการกองทุน อีสท์สปริง (ประเทศไทย) จำกัด
ES-SMCAPRMF,2026-10-07,7.7661,7.774,7.7583,52533348.47,M0525_2559,บริษัทหลักทรัพย์จัดการกองทุน อีสท์สปริง (ประเทศไทย) จำกัด
ES-SPlus,2026-10-07,10.715,10.7151,10.715,2168330667.91,M0266_2564,บริษัทหลักทรัพย์จัดการกองทุน อีสท์สปริง (ประเทศไทย) จำกัด
ES-STARTECH,2026-09-30,7.2245,7.2968,7.2245,1145735778.9,M0189_2564,บริษัทหลักทรัพย์จัดการกองทุน อีสท์สปริง (ประเทศไทย) จำกัด
ES-STARTECHRMF,2026-09-30,7.268,7.2681,7.268,131741877.75,M0367_2564,บริษัทหลักทรัพย์จัดการกองทุน อีสท์สปริง (ประเทศไทย) จำกัด
ES-STSD,2026-10-07,9.8556,9.9612,9.8556,154819317.79,M0014_2535,บริษัทหลักทรัพย์จัดการกองทุน อีสท์สปริง (ประเทศไทย) จำกัด
ES-TECHRMF,2026-10-06,14.8297,14.8298,14.8297,123559274.54,M0987_2567,บริษัทหลักทรัพย์จัดการกองทุน อีสท์สปริง (ประเทศไทย) จำกัด
ES-THAICG,2026-10-07,10.7808,10.8887,10.7808,198996275.47,M0436_2560,บริษัทหลักทรัพย์จัดการกองทุน อีสท์สปริง (ประเทศไทย) จำกัด
ES-TM,2026-10-07,14.6981,14.6982,14.6981,39721356927.2,M0002_2545,บริษัทหลักทรัพย์จัดการกองทุน อีสท์สปริง (ประเทศไทย) จำกัด
ES-TSARN,2026-10-07,10.5867,10.5868,10.5867,558788968.01,M0032_2543,บริษัทหลักทรัพย์จัดการกองทุน อีสท์สปริง (ประเทศไทย) จำกัด
ES-TSB,2026-10-07,22.3206,22.3207,22.3206,587647691.22,M0021_2541,บริษัทหลักทรัพย์จัดการกองทุน อีสท์สปริง (ประเทศไทย) จำกัด
ES-TTW,2026-10-07,8.712,8.7121,8.712,58251335.66,M0371_2546,บริษัทหลักทรัพย์จัดการกองทุน อีสท์สปริง (ประเทศไทย) จำกัด
ES-ULTIMATE GA1,2026-10-06,11.5365,11.5943,11.5365,12602543807.63,M0868_2567,บริษัทหลักทรัพย์จัดการกองทุน อีสท์สปริง (ประเทศไทย) จำกัด
ES-ULTIMATE GA1RMF,2026-10-06,10.7313,10.7314,10.7313,120160228.62,M0791_2568,บริษัทหลักทรัพย์จัดการกองทุน อีสท์สปริง (ประเทศไทย) จำกัด
ES-ULTIMATE GA2,2026-10-06,12.6641,12.7592,12.6641,26709310927.11,M0869_2567,บริษัทหลักทรัพย์จัดการกองทุน อีสท์สปริง (ประเทศไทย) จำกัด
ES-ULTIMATE GA2RMF,2026-10-06,11.3022,11.3023,11.3022,295642885.6,M0873_2568,บริษัทหลักทรัพย์จัดการกองทุน อีสท์สปริง (ประเทศไทย) จำกัด
ES-ULTIMATE GA3,2026-10-06,12.9797,13.1096,12.9797,12469743573.74,M0871_2567,บริษัทหลักทรัพย์จัดการกองทุน อีสท์สปริง (ประเทศไทย) จำกัด
ES-ULTIMATE GA3RMF,2026-10-06,11.4688,11.4689,11.4688,180330750.39,M0874_2568,บริษัทหลักทรัพย์จัดการกองทุน อีสท์สปริง (ประเทศไทย) จำกัด
ES-US500,2026-10-06,46.7385,47.206,46.6918,4102432203.31,M0784_2555,บริษัทหลักทรัพย์จัดการกองทุน อีสท์สปริง (ประเทศไทย) จำกัด
ES-US500RMF,2026-10-06,42.4926,42.5352,42.4501,2913539570.72,M0989_2555,บริษัทหลักทรัพย์จัดการกองทุน อีสท์สปริง (ประเทศไทย) จำกัด
ES-USBLUECHIP,2026-10-06,32.2943,32.7788,32.2943,2732083675.27,M0090_2559,บริษัทหลักทรัพย์จัดการกองทุน อีสท์สปริง (ประเทศไทย) จำกัด
ES-USBLUECHIP-UH,2026-10-06,11.6342,11.8088,11.6342,43666167.2,M0531_2568,บริษัทหลักทรัพย์จัดการกองทุน อีสท์สปริง (ประเทศไทย) จำกัด
ES-USDPRIME,2026-10-06,10.1176,10.1177,10.1176,13516867.26,M0463_2569,บริษัทหลักทรัพย์จัดการกองทุน อีสท์สปริง (ประเทศไทย) จำกัด
ES-USTECH,2026-10-06,26.3025,26.5656,26.3025,2226161487.8,M0422_2565,บริษัทหลักทรัพย์จัดการกองทุน อีสท์สปริง (ประเทศไทย) จำกัด
ES-VIETNAM,2026-10-06,7.6322,7.7468,7.6322,1344640731.06,M0514_2564,บริษัทหลักทรัพย์จัดการกองทุน อีสท์สปริง (ประเทศไทย) จำกัด
ES-VIETNAMRMF,2026-10-06,9.47,9.4701,9.47,370943888.19,M0120_2565,บริษัทหลักทรัพย์จัดการกองทุน อีสท์สปริง (ประเทศไทย) จำกัด
ES-WDEQ,2026-10-06,34.6682,34.703,34.6335,3804846080.26,M0318_2550,บริษัทหลักทรัพย์จัดการกองทุน อีสท์สปริง (ประเทศไทย) จำกัด
F-RMF,2026-10-07,17.049,17.0491,17.049,504863997.79,M0069_2544,บริษัทหลักทรัพย์จัดการกองทุน วรรณ จำกัด
FCF,2026-10-07,17.6753,0.0,0.0,204988713.69,M0132_2545,บริษัทหลักทรัพย์จัดการกองทุน วรรณ จำกัด
FLEX-RMF,2026-10-07,24.7262,24.7263,24.7262,187205486.97,M0633_2546,บริษัทหลักทรัพย์จัดการกองทุน วรรณ จำกัด
FLEXAR,2026-10-07,32.4943,32.4944,32.4943,261790458.51,M0134_2546,บริษัทหลักทรัพย์จัดการกองทุน วรรณ จำกัด
FP APREIT-A,2026-10-07,9.2782,9.4175,9.2782,66670113.43,M0285_2560,บริษัทหลักทรัพย์จัดการกองทุน เฟิร์ส พลัส (ประเทศไทย) จำกัด
FP APREIT-R,2026-10-07,9.277,9.4163,9.277,22730513.95,M0285_2560,บริษัทหลักทรัพย์จัดการกองทุน เฟิร์ส พลัส (ประเทศไทย) จำกัด
FP CNGLOV,2026-09-30,12.1438,12.2653,12.1438,38230762.55,M0959_2567,บริษัทหลักทรัพย์จัดการกองทุน เฟิร์ส พลัส (ประเทศไทย) จำกัด
FP DRAGON,2026-10-06,14.5284,14.7464,14.5284,57016198.91,M0225_2550,บริษัทหลักทรัพย์จัดการกองทุน เฟิร์ส พลัส (ประเทศไทย) จำกัด
FP EE EURO,2026-10-06,9.1345,9.2716,9.1345,32462863.2,M0390_2550,บริษัทหลักทรัพย์จัดการกองทุน เฟิร์ส พลัส (ประเทศไทย) จำกัด
FP EQ DIV,2026-10-07,13.5831,13.6172,13.5831,22550308.13,M0595_2551,บริษัทหลักทรัพย์จัดการกองทุน เฟิร์ส พลัส (ประเทศไทย) จำกัด
FP FIPVD,2026-10-07,11.0434,11.0435,11.0434,27807613.22,M0381_2564,บริษัทหลักทรัพย์จัดการกองทุน เฟิร์ส พลัส (ประเทศไทย) จำกัด
FP FLEX RMF,2026-10-07,21.6556,21.6557,21.6556,88976590.99,M0721_2551,บริษัทหลักทรัพย์จัดการกองทุน เฟิร์ส พลัส (ประเทศไทย) จำกัด
FP GLEQ-A,2026-10-06,11.5708,11.7445,11.5708,5568824.9,M1106_2568,บริษัทหลักทรัพย์จัดการกองทุน เฟิร์ส พลัส (ประเทศไทย) จำกัด
FP HCARE-A,2026-10-06,19.9354,20.2345,19.9354,25913192.16,M0493_2557,บริษัทหลักทรัพย์จัดการกองทุน เฟิร์ส พลัส (ประเทศไทย) จำกัด
FP HCARE-D,2026-10-06,10.6345,10.7941,10.6345,9195310.08,M0493_2557,บริษัทหลักทรัพย์จัดการกองทุน เฟิร์ส พลัส (ประเทศไทย) จำกัด
FP IGFIXED-A,2026-10-06,9.911,10.0102,9.911,156667207.88,M0461_2569,บริษัทหลักทรัพย์จัดการกองทุน เฟิร์ส พลัส (ประเทศไทย) จำกัด
FP IGFIXED-R,2026-10-06,9.911,10.0102,9.911,2814980.36,M0461_2569,บริษัทหลักทรัพย์จัดการกองทุน เฟิร์ส พลัส (ประเทศไทย) จำกัด
FP INDIA-A,2026-10-06,18.9323,19.2164,18.9323,61074755.43,M0131_2558,บริษัทหลักทรัพย์จัดการกองทุน เฟิร์ส พลัส (ประเทศไทย) จำกัด
FP INDIA-D,2026-10-06,8.2484,8.3722,8.2484,11926517.23,M0131_2558,บริษัทหลักทรัพย์จัดการกองทุน เฟิร์ส พลัส (ประเทศไทย) จำกัด
FP LARGE SSF,2026-10-07,36.997,36.9971,36.997,37700969.59,M0234_2550,บริษัทหลักทรัพย์จัดการกองทุน เฟิร์ส พลัส (ประเทศไทย) จำกัด
FP LARGEA,2026-10-07,36.9781,37.0706,36.9781,4433347.59,M0234_2550,บริษัทหลักทรัพย์จัดการกองทุน เฟิร์ส พลัส (ประเทศไทย) จำกัด
FP LARGEL,2026-10-07,37.5697,37.6637,37.5697,329142760.48,M0234_2550,บริษัทหลักทรัพย์จัดการกองทุน เฟิร์ส พลัส (ประเทศไทย) จำกัด
FP MONEY,2026-10-07,12.1491,12.1492,12.1491,44891625.82,M0521_2550,บริษัทหลักทรัพย์จัดการกองทุน เฟิร์ส พลัส (ประเทศไทย) จำกัด
FP QUANT-A,2026-09-30,10.5396,10.6978,10.5396,16691978.1,M0353_2569,บริษัทหลักทรัพย์จัดการกองทุน เฟิร์ส พลัส (ประเทศไทย) จำกัด
FP QUANT-I,2026-09-30,10.5639,10.564,10.5639,17039807.5,M0353_2569,บริษัทหลักทรัพย์จัดการกองทุน เฟิร์ส พลัส (ประเทศไทย) จำกัด
FP SENERGY-A,2026-10-05,17.2865,17.5459,17.2865,5541149.69,M0027_2565,บริษัทหลักทรัพย์จัดการกองทุน เฟิร์ส พลัส (ประเทศไทย) จำกัด
FP SENERGY-SSF,2026-10-05,17.2972,17.2973,17.2972,3785219.35,M0027_2565,บริษัทหลักทรัพย์จัดการกองทุน เฟิร์ส พลัส (ประเทศไทย) จำกัด
FP THEQ,2026-10-07,35.0952,35.183,35.0952,39503316.31,M0235_2550,บริษัทหลักทรัพย์จัดการกองทุน เฟิร์ส พลัส (ประเทศไทย) จำกัด
FP TTG6M1,2026-10-07,9.4018,9.4019,9.4018,13937040.11,M0092_2566,บริษัทหลักทรัพย์จัดการกองทุน เฟิร์ส พลัส (ประเทศไทย) จำกัด
FP ThaiESG-A,2026-10-07,10.2482,10.2483,10.2482,4133665.19,M0844_2566,บริษัทหลักทรัพย์จัดการกองทุน เฟิร์ส พลัส (ประเทศไทย) จำกัด
FP ThaiESG-D,2026-10-07,10.228,10.2281,10.228,2468029.81,M0844_2566,บริษัทหลักทรัพย์จัดการกองทุน เฟิร์ส พลัส (ประเทศไทย) จำกัด
FP ThaiESGX-N,2026-10-07,13.0411,13.0412,13.0411,474626.9,M0416_2568,บริษัทหลักทรัพย์จัดการกองทุน เฟิร์ส พลัส (ประเทศไทย) จำกัด
FP ThaiESGX-N2026,2026-10-07,12.9907,12.9908,12.9907,160079.93,M0416_2568,บริษัทหลักทรัพย์จัดการกองทุน เฟิร์ส พลัส (ประเทศไทย) จำกัด
FP ThaiESGX-SW,2026-10-07,13.1056,13.1057,13.1056,139055070.53,M0416_2568,บริษัทหลักทรัพย์จัดการกองทุน เฟิร์ส พลัส (ประเทศไทย) จำกัด
FP USBANK-A,2026-10-06,11.9509,12.1303,11.9509,9521374.07,M0133_2561,บริษัทหลักทรัพย์จัดการกองทุน เฟิร์ส พลัส (ประเทศไทย) จำกัด
GBRMF,2026-10-07,15.6352,15.6353,15.6352,692013012.49,M0178_2545,บริษัทหลักทรัพย์จัดการกองทุน ยูโอบี (ประเทศไทย) จำกัด
GC,2026-09-30,20.5662,20.8748,20.5662,95006075.04,M0296_2552,บริษัทหลักทรัพย์จัดการกองทุน ยูโอบี (ประเทศไทย) จำกัด
GLD,2026-10-07,5.4613,5.4613,5.4613,1379939766.15,M0899_2553,บริษัทหลักทรัพย์จัดการกองทุน กรุงไทย จำกัด (มหาชน)
GOLD-RMF-A,2026-10-07,22.4314,22.4315,22.3753,291886918.62,M0093_2553,บริษัทหลักทรัพย์จัดการกองทุน วรรณ จำกัด
GOLD-RMF-P,2026-10-07,22.4285,22.4286,22.3724,18766501.01,M0093_2553,บริษัทหลักทรัพย์จัดการกองทุน วรรณ จำกัด
HAPPY D5,2026-10-07,8.8464,8.8686,8.8464,3405590.11,M0298_2549,บริษัทหลักทรัพย์จัดการกองทุน เอ็มเอฟซี จำกัด (มหาชน)
HI-DIV RMF,2026-10-07,11.4394,11.4395,11.4394,64975057.79,M0152_2561,บริษัทหลักทรัพย์จัดการกองทุน เอ็มเอฟซี จำกัด (มหาชน)
HIDIV-AR,2026-10-07,8.6275,8.7139,8.6275,81785512.74,M0000_2552,บริษัทหลักทรัพย์จัดการกองทุน เอ็มเอฟซี จำกัด (มหาชน)
HIDIV-D,2026-10-07,7.5573,7.633,7.5573,2780508690.78,M0000_2552,บริษัทหลักทรัพย์จัดการกองทุน เอ็มเอฟซี จำกัด (มหาชน)
HIDIV-ESGX,2026-10-07,14.4773,14.4774,14.4773,5426445.9,M0449_2568,บริษัทหลักทรัพย์จัดการกองทุน เอ็มเอฟซี จำกัด (มหาชน)
HIDIV-ESGX68,2026-10-07,13.7635,13.7636,13.7635,18242394.7,M0449_2568,บริษัทหลักทรัพย์จัดการกองทุน เอ็มเอฟซี จำกัด (มหาชน)
HIDIV-ESGXLTF,2026-10-07,13.7348,13.7349,13.7348,77337014.22,M0449_2568,บริษัทหลักทรัพย์จัดการกองทุน เอ็มเอฟซี จำกัด (มหาชน)
HIDIV-SSF,2026-10-07,8.6282,8.6283,8.6282,1006862.61,M0000_2552,บริษัทหลักทรัพย์จัดการกองทุน เอ็มเอฟซี จำกัด (มหาชน)
HIDIVEQL,2026-10-07,10.8869,10.887,10.8869,31211338.14,M0078_2560,บริษัทหลักทรัพย์จัดการกองทุน เอ็มเอฟซี จำกัด (มหาชน)
HIDIVEQMF,2026-10-07,10.8882,10.9972,10.8882,141550.29,M0078_2560,บริษัทหลักทรัพย์จัดการกองทุน เอ็มเอฟซี จำกัด (มหาชน)
HIDIVPLUSG,2026-10-07,12.9606,13.0903,12.9606,99335035.78,M0542_2555,บริษัทหลักทรัพย์จัดการกองทุน เอ็มเอฟซี จำกัด (มหาชน)
HIDIVPLUSPVD,2026-10-07,12.9602,12.9603,12.9602,147251896.27,M0542_2555,บริษัทหลักทรัพย์จัดการกองทุน เอ็มเอฟซี จำกัด (มหาชน)
I-10,2026-10-07,2.7386,2.7387,2.7386,6646723.92,M0647_2552,บริษัทหลักทรัพย์จัดการกองทุน เอ็มเอฟซี จำกัด (มหาชน)
I-20,2026-10-06,7.0168,7.0169,7.0168,10916669.99,M0328_2550,บริษัทหลักทรัพย์จัดการกองทุน เอ็มเอฟซี จำกัด (มหาชน)
I-ASEAN STAR 10,2026-10-06,5.4038,5.4039,5.4038,5146655.75,M0498_2554,บริษัทหลักทรัพย์จัดการกองทุน เอ็มเอฟซี จำกัด (มหาชน)
I-CHIC,2026-10-05,11.7787,11.8966,11.7787,9118905.12,M0684_2550,บริษัทหลักทรัพย์จัดการกองทุน เอ็มเอฟซี จำกัด (มหาชน)
I-Emerging 10S2,2026-10-06,8.755,8.7551,8.755,22087617.63,M1031_2553,บริษัทหลักทรัพย์จัดการกองทุน เอ็มเอฟซี จำกัด (มหาชน)
I-GOLDRMF,2026-10-07,23.6663,23.6664,23.6308,186900464.49,M0286_2553,บริษัทหลักทรัพย์จัดการกองทุน เอ็มเอฟซี จำกัด (มหาชน)
I-OIL,2026-10-06,7.2415,7.2597,7.2415,79303783.12,M0654_2551,บริษัทหลักทรัพย์จัดการกองทุน เอ็มเอฟซี จำกัด (มหาชน)
I-SMART,2026-10-05,9.3862,9.3863,9.3862,38533727.01,M0132_2556,บริษัทหลักทรัพย์จัดการกองทุน เอ็มเอฟซี จำกัด (มหาชน)
IGOLD-G,2026-10-07,31.4341,31.6386,31.3869,1866104370.76,M0652_2551,บริษัทหลักทรัพย์จัดการกองทุน เอ็มเอฟซี จำกัด (มหาชน)
IGOLD-SSF,2026-10-07,31.4349,31.4822,31.3877,20760622.6,M0652_2551,บริษัทหลักทรัพย์จัดการกองทุน เอ็มเอฟซี จำกัด (มหาชน)
IN-RMF,2026-10-07,28.717,28.7171,28.717,6633730831.49,M0259_2551,บริษัทหลักทรัพย์จัดการกองทุนรวม  บัวหลวง จำกัด
IREITG,2026-10-06,8.9368,9.0263,8.9368,94164944.1,M0386_2553,บริษัทหลักทรัพย์จัดการกองทุน เอ็มเอฟซี จำกัด (มหาชน)
IREITPVD,2026-10-06,9.5719,9.572,9.5719,159771526.15,M0386_2553,บริษัทหลักทรัพย์จัดการกองทุน เอ็มเอฟซี จำกัด (มหาชน)
JSM,2026-10-06,35.7891,36.326,35.7891,282506909.75,M0983_2556,บริษัทหลักทรัพย์จัดการกองทุน ยูโอบี (ประเทศไทย) จำกัด
K-2035RMF,2026-10-06,13.0245,13.0246,13.0245,1334438939.72,M0529_2563,บริษัทหลักทรัพย์จัดการกองทุน กสิกรไทย จำกัด
K-2040RMF,2026-10-06,13.3049,13.305,13.3049,1097016695.32,M0545_2563,บริษัทหลักทรัพย์จัดการกองทุน กสิกรไทย จำกัด
K-2520,2026-10-07,20.5337,20.5338,20.4824,152681535.46,M0210_2550,บริษัทหลักทรัพย์จัดการกองทุน กสิกรไทย จำกัด
K-2530,2026-10-07,22.9354,22.9355,22.8781,333861633.01,M0211_2550,บริษัทหลักทรัพย์จัดการกองทุน กสิกรไทย จำกัด
K-70ThaiESGX-68,2026-10-07,12.294,12.2941,12.294,1591344625.13,M0455_2568,บริษัทหลักทรัพย์จัดการกองทุน กสิกรไทย จำกัด
K-70ThaiESGX-L,2026-10-07,12.2947,12.2948,12.2947,4807767069.63,M0455_2568,บริษัทหลักทรัพย์จัดการกองทุน กสิกรไทย จำกัด
K-AB22B,2026-10-07,10.0122,0.0,10.0122,170516663.5,M0023_2563,บริษัทหลักทรัพย์จัดการกองทุน กสิกรไทย จำกัด
K-AEC,2026-10-07,11.9243,12.1033,11.9243,61988867.25,M0430_2558,บริษัทหลักทรัพย์จัดการกองทุน กสิกรไทย จำกัด
K-AGRI,2026-10-06,6.5555,6.5654,6.5457,113015145.41,M0393_2551,บริษัทหลักทรัพย์จัดการกองทุน กสิกรไทย จำกัด
K-AHY,2026-10-05,10.7988,10.8529,10.7988,825615068.39,M0278_2562,บริษัทหลักทรัพย์จัดการกองทุน กสิกรไทย จำกัด
K-AHYA-UI,2026-10-05,9.4346,0.0,9.4346,868267614.06,M0631_2562,บริษัทหลักทรัพย์จัดการกองทุน กสิกรไทย จำกัด
K-AHYC-UI,2026-10-05,9.9029,0.0,9.9029,679325560.38,M0144_2564,บริษัทหลักทรัพย์จัดการกองทุน กสิกรไทย จำกัด
K-ALLBASIC,2026-10-05,11.9286,11.9883,11.9286,954958494.41,M0431_2560,บริษัทหลักทรัพย์จัดการกองทุน กสิกรไทย จำกัด
K-ALLEN-UI-A(A),2026-10-05,11.9696,12.1492,11.9696,6454549339.5,M0527_2564,บริษัทหลักทรัพย์จัดการกองทุน กสิกรไทย จำกัด
K-ALLEN-UI-C(A),2026-10-05,11.9703,11.9704,11.9703,364622498.79,M0527_2564,บริษัทหลักทรัพย์จัดการกองทุน กสิกรไทย จำกัด
K-ALLGR-UI-A(A),2026-10-05,12.1777,12.2996,12.1777,5787490397.4,M0521_2562,บริษัทหลักทรัพย์จัดการกองทุน กสิกรไทย จำกัด
K-ALLGR-UI-C(A),2026-10-05,12.579,12.5791,12.579,21689.69,M0521_2562,บริษัทหลักทรัพย์จัดการกองทุน กสิกรไทย จำกัด
K-ALLRD-UI-A(A),2026-10-05,10.8295,10.8837,10.8295,990660006.85,M0393_2564,บริษัทหลักทรัพย์จัดการกองทุน กสิกรไทย จำกัด
K-APB-A(A),2026-10-05,10.1807,10.2317,10.1807,2741456765.14,M0588_2560,บริษัทหลักทรัพย์จัดการกองทุน กสิกรไทย จำกัด
K-APB-C(A),2026-10-05,10.1915,10.1916,10.1915,10445.67,M0588_2560,บริษัทหลักทรัพย์จัดการกองทุน กสิกรไทย จำกัด
K-ASIA,2026-10-06,11.9683,12.1479,11.9683,502411529.11,M0208_2556,บริษัทหลักทรัพย์จัดการกองทุน กสิกรไทย จำกัด
K-ASIACV-A(A),2026-10-05,9.7876,9.9345,9.7876,1473850616.16,M0350_2563,บริษัทหลักทรัพย์จัดการกองทุน กสิกรไทย จำกัด
K-ASIAX,2026-10-06,11.7189,11.7307,11.7013,1085528902.46,M0256_2564,บริษัทหลักทรัพย์จัดการกองทุน กสิกรไทย จำกัด
K-ATECH,2026-10-06,11.37,11.5407,11.37,17825782182.88,M0077_2564,บริษัทหลักทรัพย์จัดการกองทุน กสิกรไทย จำกัด
K-BANKING,2026-10-07,21.3885,21.41,21.3671,1283803140.21,M0373_2558,บริษัทหลักทรัพย์จัดการกองทุน กสิกรไทย จำกัด
K-BL30-ThaiESG,2026-10-07,11.3173,11.3174,11.3173,1433423698.8,M0776_2567,บริษัทหลักทรัพย์จัดการกองทุน กสิกรไทย จำกัด
K-BLRMF,2026-10-07,29.7746,29.7747,29.7746,5800708366.31,M0062_2544,บริษัทหลักทรัพย์จัดการกองทุน กสิกรไทย จำกัด
K-CASH-A,2026-10-07,14.0085,14.0086,14.0085,54841528276.65,M0705_2548,บริษัทหลักทรัพย์จัดการกองทุน กสิกรไทย จำกัด
K-CASH-I,2026-10-07,14.0216,14.0217,14.0216,18406758760.74,M0705_2548,บริษัทหลักทรัพย์จัดการกองทุน กสิกรไทย จำกัด
K-CBOND-A,2026-10-07,20.0162,20.0163,20.0162,7606546085.59,M0154_2541,บริษัทหลักทรัพย์จัดการกองทุน กสิกรไทย จำกัด
K-CBOND-Z,2026-10-07,20.4183,20.4184,20.4183,110951041.22,M0154_2541,บริษัทหลักทรัพย์จัดการกองทุน กสิกรไทย จำกัด
K-CCTV-A(A),2026-09-30,9.819,9.9664,9.819,3072126716.58,M0440_2561,บริษัทหลักทรัพย์จัดการกองทุน กสิกรไทย จำกัด
K-CHANGE-A(A),2026-10-06,21.4803,21.8026,21.4803,4534805305.14,M0131_2562,บริษัทหลักทรัพย์จัดการกองทุน กสิกรไทย จำกัด
K-CHANGE-C(A),2026-10-06,21.7209,21.721,21.7209,7138730.97,M0131_2562,บริษัทหลักทรัพย์จัดการกองทุน กสิกรไทย จำกัด
K-CHANGE-SSF,2026-10-06,21.4529,21.453,21.4529,5145270715.23,M0131_2562,บริษัทหลักทรัพย์จัดการกองทุน กสิกรไทย จำกัด
K-CHANGERMF,2026-10-06,11.4247,11.4248,11.4247,3621189765.11,M0468_2563,บริษัทหลักทรัพย์จัดการกองทุน กสิกรไทย จำกัด
K-CHAPE23A-UI,2026-09-30,11.7416,0.0,0.0,852578032.47,M0448_2566,บริษัทหลักทรัพย์จัดการกองทุน กสิกรไทย จำกัด
K-CHAPE24B-UI,2026-09-30,11.7697,0.0,0.0,451174958.57,M0432_2567,บริษัทหลักทรัพย์จัดการกองทุน กสิกรไทย จำกัด
K-CHINA-A(A),2026-10-06,5.1644,5.242,5.1644,3349898212.22,M0579_2552,บริษัทหลักทรัพย์จัดการกองทุน กสิกรไทย จำกัด
K-CHINA-A(D),2026-10-06,4.7898,4.8617,4.7898,9658155381.78,M0579_2552,บริษัทหลักทรัพย์จัดการกองทุน กสิกรไทย จำกัด
K-CHINA-SSF,2026-10-06,5.1802,5.1803,5.1802,1531516171.34,M0579_2552,บริษัทหลักทรัพย์จัดการกองทุน กสิกรไทย จำกัด
K-CHINARMF,2026-10-06,5.1732,5.1733,5.1732,4487762017.74,M0512_2563,บริษัทหลักทรัพย์จัดการกองทุน กสิกรไทย จำกัด
K-CHINNO25A-UI,2026-09-30,12.2335,0.0,0.0,599590868.57,M0110_2568,บริษัทหลักทรัพย์จัดการกองทุน กสิกรไทย จำกัด
K-CHINNO26B-UI,2026-09-30,10.0505,0.0,0.0,552476636.69,M1147_2568,บริษัทหลักทรัพย์จัดการกองทุน กสิกรไทย จำกัด
K-CHX,2026-09-30,12.1988,12.2111,12.1805,1414598208.5,M1261_2557,บริษัทหลักทรัพย์จัดการกองทุน กสิกรไทย จำกัด
K-ENERGY,2026-10-07,16.0478,16.0639,16.0318,222343660.88,M0140_2558,บริษัทหลักทรัพย์จัดการกองทุน กสิกรไทย จำกัด
K-EQD-A(A),2026-10-07,14.2891,14.4321,14.2891,20040005.36,M0315_2547,บริษัทหลักทรัพย์จัดการกองทุน กสิกรไทย จำกัด
K-EQD-A(D),2026-10-07,15.9151,16.0744,15.9151,107990995.47,M0315_2547,บริษัทหลักทรัพย์จัดการกองทุน กสิกรไทย จำกัด
K-EQD-T(A),2026-10-07,14.2891,14.2892,14.2891,3725885159.71,M0315_2547,บริษัทหลักทรัพย์จัดการกองทุน กสิกรไทย จำกัด
K-EQD-T(D),2026-10-07,14.2765,14.2766,14.2765,14564965552.7,M0315_2547,บริษัทหลักทรัพย์จัดการกองทุน กสิกรไทย จำกัด
K-EQUITY,2026-10-07,15.9364,16.0959,15.9364,2141985410.34,M0027_2535,บริษัทหลักทรัพย์จัดการกองทุน กสิกรไทย จำกัด
K-ESGBF-ThaiESG,2026-10-07,9.933,9.9331,9.933,2109229384.14,M0838_2568,บริษัทหลักทรัพย์จัดการกองทุน กสิกรไทย จำกัด
K-ESGSI-A,2026-10-07,10.6201,10.6202,10.6201,1170544708.01,M0095_2567,บริษัทหลักทรัพย์จัดการกองทุน กสิกรไทย จำกัด
K-ESGSI-ThaiESG,2026-10-07,10.6193,10.6194,10.6193,10016758336.14,M0095_2567,บริษัทหลักทรัพย์จัดการกองทุน กสิกรไทย จำกัด
K-EURMF,2026-10-06,17.5532,17.5533,17.5532,825871518.89,M0679_2557,บริษัทหลักทรัพย์จัดการกองทุน กสิกรไทย จำกัด
K-EUROPE-A(D),2026-10-06,10.7733,10.935,10.7733,1790512448.45,M0327_2556,บริษัทหลักทรัพย์จัดการกองทุน กสิกรไทย จำกัด
K-EUSMALL,2026-10-06,15.6465,15.8813,15.6465,217618748.93,M0045_2561,บริษัทหลักทรัพย์จัดการกองทุน กสิกรไทย จำกัด
K-EUX,2026-10-06,24.7324,24.7572,24.6953,822880069.5,M0668_2558,บริษัทหลักทรัพย์จัดการกองทุน กสิกรไทย จำกัด
K-FEQ,2026-10-07,78.864,78.8641,78.864,1059312093.61,M0009_2543,บริษัทหลักทรัพย์จัดการกองทุน กสิกรไทย จำกัด
K-FGB6MQ(USD),2026-09-30,10.1428,0.0,0.0,3623812.52,M0564_2569,บริษัทหลักทรัพย์จัดการกองทุน กสิกรไทย จำกัด
K-FGB6MR(USD),2026-09-30,10.0187,0.0,0.0,11978358.37,M0873_2569,บริษัทหลักทรัพย์จัดการกองทุน กสิกรไทย จำกัด
K-FIRMF,2026-10-07,17.6668,17.6669,17.6668,16620652713.16,M0065_2544,บริษัทหลักทรัพย์จัดการกองทุน กสิกรไทย จำกัด
K-FITL,2026-10-06,13.2895,13.356,13.2231,186303895.53,M0281_2560,บริษัทหลักทรัพย์จัดการกองทุน กสิกรไทย จำกัด
K-FITM,2026-10-06,13.6769,13.7454,13.6085,156065716.59,M0279_2560,บริษัทหลักทรัพย์จัดการกองทุน กสิกรไทย จำกัด
K-FITXL,2026-10-06,14.1239,14.1946,14.0533,228495771.07,M0282_2560,บริษัทหลักทรัพย์จัดการกองทุน กสิกรไทย จำกัด
K-FIXED-A,2026-10-07,14.04,14.0401,14.04,52394667704.02,M0017_2538,บริษัทหลักทรัพย์จัดการกองทุน กสิกรไทย จำกัด
K-FIXED-Z,2026-10-07,14.3205,14.3206,14.3205,444607155.13,M0017_2538,บริษัทหลักทรัพย์จัดการกองทุน กสิกรไทย จำกัด
K-FIXEDPLUS-A,2026-10-07,11.5953,11.5954,11.5953,21684252470.57,M0054_2560,บริษัทหลักทรัพย์จัดการกองทุน กสิกรไทย จำกัด
K-FIXEDPLUS-SSF,2026-10-07,11.5856,11.5857,11.5856,2414981868.79,M0054_2560,บริษัทหลักทรัพย์จัดการกองทุน กสิกรไทย จำกัด
K-FIXEDPRO,2026-10-06,10.428,10.4281,10.428,638074675.43,M0415_2562,บริษัทหลักทรัพย์จัดการกองทุน กสิกรไทย จำกัด
K-GA-A(A),2026-10-06,14.4998,14.7174,14.4998,4363869215.32,M0080_2545,บริษัทหลักทรัพย์จัดการกองทุน กสิกรไทย จำกัด
K-GA-A(D),2026-10-06,12.292,12.4765,12.292,9727936023.53,M0080_2545,บริษัทหลักทรัพย์จัดการกองทุน กสิกรไทย จำกัด
K-GARMF,2026-10-06,19.0257,19.0258,19.0257,2966661252.38,M0861_2553,บริษัทหลักทรัพย์จัดการกองทุน กสิกรไทย จำกัด
K-GB-A(D),2026-10-06,8.792,8.8361,8.792,395693510.64,M0070_2557,บริษัทหลักทรัพย์จัดการกองทุน กสิกรไทย จำกัด
K-GB-C(A),2026-10-06,9.0842,9.0843,9.0842,9901.65,M0070_2557,บริษัทหลักทรัพย์จัดการกองทุน กสิกรไทย จำกัด
K-GB3MP,2026-09-30,10.0139,0.0,0.0,4371333936.17,M0742_2569,บริษัทหลักทรัพย์จัดการกองทุน กสิกรไทย จำกัด
K-GB6MDC,2026-09-30,10.0329,0.0,0.0,2710449707.29,M0475_2569,บริษัทหลักทรัพย์จัดการกองทุน กสิกรไทย จำกัด
K-GB6MDD,2026-09-30,10.03,0.0,0.0,3239601912.03,M0518_2569,บริษัทหลักทรัพย์จัดการกองทุน กสิกรไทย จำกัด
K-GB6MDE,2026-09-30,10.0244,0.0,0.0,3329851509.6,M0563_2569,บริษัทหลักทรัพย์จัดการกองทุน กสิกรไทย จำกัด
K-GB6MDF,2026-09-30,10.02,0.0,0.0,2028234344.28,M0611_2569,บริษัทหลักทรัพย์จัดการกองทุน กสิกรไทย จำกัด
K-GB6MDG,2026-09-30,10.0172,0.0,0.0,2174570184.58,M0648_2569,บริษัทหลักทรัพย์จัดการกองทุน กสิกรไทย จำกัด
K-GB6MDH,2026-09-30,10.0146,0.0,0.0,2080822223.9,M0706_2569,บริษัทหลักทรัพย์จัดการกองทุน กสิกรไทย จำกัด
K-GB6MDI,2026-09-30,10.0118,0.0,0.0,2221960607.18,M0738_2569,บริษัทหลักทรัพย์จัดการกองทุน กสิกรไทย จำกัด
K-GB6MDJ,2026-09-30,10.0095,0.0,0.0,2213078942.44,M0788_2569,บริษัทหลักทรัพย์จัดการกองทุน กสิกรไทย จำกัด
K-GB6MDK,2026-09-30,10.0059,0.0,0.0,2220064349.07,M0840_2569,บริษัทหลักทรัพย์จัดการกองทุน กสิกรไทย จำกัด
K-GB6MDL,2026-09-30,10.0052,0.0,0.0,2172537590.11,M0889_2569,บริษัทหลักทรัพย์จัดการกองทุน กสิกรไทย จำกัด
K-GB6MDM,2026-09-30,10.0023,0.0,0.0,2223325557.56,M0928_2569,บริษัทหลักทรัพย์จัดการกองทุน กสิกรไทย จำกัด
K-GB6MDN,2026-09-30,9.9992,0.0,0.0,2246592628.89,M0978_2569,บริษัทหลักทรัพย์จัดการกองทุน กสิกรไทย จำกัด
K-GBRMF,2026-10-07,15.9711,15.9712,15.9711,12276314137.36,M0064_2544,บริษัทหลักทรัพย์จัดการกองทุน กสิกรไทย จำกัด
K-GDBOND-A(A),2026-10-06,8.8252,8.8694,8.8252,39150342985.46,M0352_2564,บริษัทหลักทรัพย์จัดการกองทุน กสิกรไทย จำกัด
K-GDBONDRMF,2026-10-06,9.8569,9.857,9.8569,803363674.66,M0135_2568,บริษัทหลักทรัพย์จัดการกองทุน กสิกรไทย จำกัด
K-GDBONDUH,2026-10-06,10.3585,10.4104,10.3585,5757077418.68,M0688_2568,บริษัทหลักทรัพย์จัดการกองทุน กสิกรไทย จำกัด
K-GDRMF,2026-10-07,26.9455,26.9456,26.9455,10417207898.19,M0714_2552,บริษัทหลักทรัพย์จัดการกองทุน กสิกรไทย จำกัด
K-GEMO,2026-10-06,14.0016,14.2117,14.0016,1203331155.96,M0659_2553,บริษัทหลักทรัพย์จัดการกองทุน กสิกรไทย จำกัด
K-GHEALTH,2026-10-06,10.7482,10.9095,10.7482,2946878166.45,M0798_2557,บริษัทหลักทรัพย์จัดการกองทุน กสิกรไทย จำกัด
K-GHEALTH(UH),2026-10-06,10.5844,10.7433,10.5844,873900142.95,M0639_2558,บริษัทหลักทรัพย์จัดการกองทุน กสิกรไทย จำกัด
K-GHRMF,2026-10-06,13.7132,13.7133,13.7132,2921813170.44,M0410_2558,บริษัทหลักทรัพย์จัดการกองทุน กสิกรไทย จำกัด
K-GIFRMF,2026-10-06,14.7353,14.7354,14.7353,565811870.03,M0192_2559,บริษัทหลักทรัพย์จัดการกองทุน กสิกรไทย จำกัด
K-GINCOME-A(A),2026-10-06,13.6991,13.9047,13.6991,4655045266.33,M0217_2558,บริษัทหลักทรัพย์จัดการกองทุน กสิกรไทย จำกัด
K-GINCOME-A(R),2026-10-06,13.6678,13.8729,13.6678,5631604225.15,M0217_2558,บริษัทหลักทรัพย์จัดการกองทุน กสิกรไทย จำกัด
K-GINCOME-SSF,2026-10-06,12.5738,12.5739,12.5738,2867708665.35,M0217_2558,บริษัทหลักทรัพย์จัดการกองทุน กสิกรไทย จำกัด
K-GINCOMERMF,2026-10-06,12.0349,12.035,12.0349,769841658.35,M0552_2565,บริษัทหลักทรัพย์จัดการกองทุน กสิกรไทย จำกัด
K-GINFRA-A(D),2026-10-06,10.8479,11.0107,10.8479,10298433225.6,M0596_2558,บริษัทหลักทรัพย์จัดการกองทุน กสิกรไทย จำกัด
K-GINFRA-C(A),2026-10-06,11.3814,11.3815,11.3814,13484.68,M0596_2558,บริษัทหลักทรัพย์จัดการกองทุน กสิกรไทย จำกัด
K-GLOBE,2026-10-06,16.4984,16.746,16.4984,25860145824.16,M0204_2549,บริษัทหลักทรัพย์จัดการกองทุน กสิกรไทย จำกัด
K-GNEXT-A(A),2026-10-06,18.5737,18.8524,18.5737,5447083568.85,M0345_2562,บริษัทหลักทรัพย์จัดการกองทุน กสิกรไทย จำกัด
K-GNEXTRMF,2026-10-06,10.1035,10.1036,10.1035,17475118.81,M0721_2569,บริษัทหลักทรัพย์จัดการกองทุน กสิกรไทย จำกัด
K-GOLD-A(A),2026-10-07,21.2225,21.2438,21.2013,10571027084.74,M0447_2551,บริษัทหลักทรัพย์จัดการกองทุน กสิกรไทย จำกัด
K-GOLD-A(D),2026-10-07,15.1933,15.2086,15.1781,10510242974.71,M0447_2551,บริษัทหลักทรัพย์จัดการกองทุน กสิกรไทย จำกัด
K-GPA22A-UI,2026-09-30,10.506,0.0,0.0,1069624554.02,M0405_2564,บริษัทหลักทรัพย์จัดการกองทุน กสิกรไทย จำกัด
K-GPE19A-UI,2026-09-30,15.6235,0.0,0.0,3291964062.73,M0455_2561,บริษัทหลักทรัพย์จัดการกองทุน กสิกรไทย จำกัด
K-GPE22B-UI,2026-09-30,12.0356,0.0,0.0,3441066479.86,M0420_2565,บริษัทหลักทรัพย์จัดการกองทุน กสิกรไทย จำกัด
K-GPIN-A(A),2026-10-06,10.1837,10.2856,10.1837,125628382.57,M0450_2567,บริษัทหลักทรัพย์จัดการกองทุน กสิกรไทย จำกัด
K-GPINUH-A(A),2026-10-06,10.7892,10.8972,10.7892,557372570.77,M0512_2567,บริษัทหลักทรัพย์จัดการกองทุน กสิกรไทย จำกัด
K-GPINUH-A(R),2026-10-06,10.7852,10.8932,10.7852,910707319.51,M0512_2567,บริษัทหลักทรัพย์จัดการกองทุน กสิกรไทย จำกัด
K-GPINUH-C(A),2026-10-06,10.8238,10.8239,10.8238,10823.87,M0512_2567,บริษัทหลักทรัพย์จัดการกองทุน กสิกรไทย จำกัด
K-GPROP-A(A),2026-10-06,8.1298,8.2518,8.1298,107768302.48,M0429_2557,บริษัทหลักทรัพย์จัดการกองทุน กสิกรไทย จำกัด
K-GPROP-A(D),2026-10-06,7.0455,7.1513,7.0455,175713539.74,M0429_2557,บริษัทหลักทรัพย์จัดการกองทุน กสิกรไทย จำกัด
K-GSELECT,2026-10-06,11.5247,11.6977,11.5247,789063618.01,M0544_2567,บริษัทหลักทรัพย์จัดการกองทุน กสิกรไทย จำกัด
K-GSELECTRMF,2026-10-06,11.4762,11.4763,11.4762,394535144.43,M0612_2567,บริษัทหลักทรัพย์จัดการกองทุน กสิกรไทย จำกัด
K-GSELECTU-A(A),2026-10-06,11.8241,12.0016,11.8241,1528961059.2,M0583_2567,บริษัทหลักทรัพย์จัดการกองทุน กสิกรไทย จำกัด
K-GSELECTU-C(A),2026-10-06,11.9121,11.9122,11.9121,11769.46,M0583_2567,บริษัทหลักทรัพย์จัดการกองทุน กสิกรไทย จำกัด
K-GSF(UH),2026-10-06,10.8284,10.8285,10.8284,1065621540.14,M0579_2568,บริษัทหลักทรัพย์จัดการกองทุน กสิกรไทย จำกัด
K-GSF(USD),2026-10-06,10.0774,10.0775,10.0774,6543818.98,M0140_2569,บริษัทหลักทรัพย์จัดการกองทุน กสิกรไทย จำกัด
K-GTECH,2026-10-05,26.9756,27.3803,26.9756,13193122054.01,M0767_2565,บริษัทหลักทรัพย์จัดการกองทุน กสิกรไทย จำกัด
K-GTECHRMF,2026-10-05,25.8562,25.8563,25.8562,2667106294.83,M0599_2566,บริษัทหลักทรัพย์จัดการกองทุน กสิกรไทย จำกัด
K-GTPE20A-UI,2026-09-30,8.6216,0.0,0.0,1574044772.29,M0096_2563,บริษัทหลักทรัพย์จัดการกองทุน กสิกรไทย จำกัด
K-GVC23A-UI,2026-09-30,12.0622,0.0,0.0,1461219770.89,M0212_2566,บริษัทหลักทรัพย์จัดการกองทุน กสิกรไทย จำกัด
K-HDThaiESGX-68,2026-10-07,13.5194,13.5195,13.5194,710616592.58,M0429_2568,บริษัทหลักทรัพย์จัดการกองทุน กสิกรไทย จำกัด
K-HDThaiESGX-L,2026-10-07,13.5208,13.5209,13.5208,1919738739.2,M0429_2568,บริษัทหลักทรัพย์จัดการกองทุน กสิกรไทย จำกัด
K-ICT,2026-10-07,15.7086,15.7244,15.6929,212725824.37,M0250_2558,บริษัทหลักทรัพย์จัดการกองทุน กสิกรไทย จำกัด
K-INDIA-A(A),2026-10-06,11.2376,11.4063,11.2376,1350798653.91,M0059_2554,บริษัทหลักทรัพย์จัดการกองทุน กสิกรไทย จำกัด
K-INDIA-A(D),2026-10-06,10.0238,10.1743,10.0238,1842502168.37,M0059_2554,บริษัทหลักทรัพย์จัดการกองทุน กสิกรไทย จำกัด
K-INDIARMF,2026-10-06,9.3602,9.3603,9.3602,394564434.07,M0907_2566,บริษัทหลักทรัพย์จัดการกองทุน กสิกรไทย จำกัด
K-INDX,2026-10-06,13.3042,13.3176,13.2842,458714367.2,M0253_2558,บริษัทหลักทรัพย์จัดการกองทุน กสิกรไทย จำกัด
K-JP-A(D),2026-10-06,13.809,14.0162,13.809,2264965584.98,M1168_2557,บริษัทหลักทรัพย์จัดการกองทุน กสิกรไทย จำกัด
K-JPRMF,2026-10-06,26.855,26.8551,26.855,1038529026.9,M0608_2557,บริษัทหลักทรัพย์จัดการกองทุน กสิกรไทย จำกัด
K-JPX-A(A),2026-10-07,33.2561,33.2895,33.2062,1443544666.65,M0074_2558,บริษัทหลักทรัพย์จัดการกองทุน กสิกรไทย จำกัด
K-JPX-C(A),2026-10-07,33.6631,33.6969,33.6631,15337.82,M0074_2558,บริษัทหลักทรัพย์จัดการกองทุน กสิกรไทย จำกัด
K-MIDSMALL,2026-10-07,13.176,13.3079,13.176,286418205.82,M0279_2557,บริษัทหลักทรัพย์จัดการกองทุน กสิกรไทย จำกัด
K-MONEY,2026-10-07,12.9024,12.9025,12.9024,19071647496.82,M0337_2550,บริษัทหลักทรัพย์จัดการกองทุน กสิกรไทย จำกัด
K-OIL,2026-10-06,8.7259,8.7347,8.7128,602923240.89,M0237_2552,บริษัทหลักทรัพย์จัดการกองทุน กสิกรไทย จำกัด
K-PLAN1,2026-10-07,14.502,14.5021,14.502,12813559106.7,M0571_2552,บริษัทหลักทรัพย์จัดการกองทุน กสิกรไทย จำกัด
K-PLAN2,2026-10-07,18.7987,18.8928,18.7987,1172681496.24,M0574_2552,บริษัทหลักทรัพย์จัดการกองทุน กสิกรไทย จำกัด
K-PLAN3,2026-10-07,23.6009,23.719,23.6009,1483984828.02,M0575_2552,บริษัทหลักทรัพย์จัดการกองทุน กสิกรไทย จำกัด
K-PLANET-A(A),2026-10-05,13.6688,13.8739,13.6688,408240074.02,M0381_2563,บริษัทหลักทรัพย์จัดการกองทุน กสิกรไทย จำกัด
K-PLANETRMF,2026-10-05,13.5379,13.538,13.5379,50077333.83,M0580_2566,บริษัทหลักทรัพย์จัดการกองทุน กสิกรไทย จำกัด
K-PROPI-A(D),2026-10-07,8.1302,8.2116,8.1302,6883588577.83,M0664_2557,บริษัทหลักทรัพย์จัดการกองทุน กสิกรไทย จำกัด
K-PROPIRMF,2026-10-07,9.7698,9.7699,9.7698,580077188.34,M0596_2562,บริษัทหลักทรัพย์จัดการกองทุน กสิกรไทย จำกัด
K-S50-A(A),2026-10-07,14.4267,14.4412,14.4123,18673364.52,M0425_2559,บริษัทหลักทรัพย์จัดการกองทุน กสิกรไทย จำกัด
K-S50-T(A),2026-10-07,14.2843,14.2844,14.2843,478076645.56,M0425_2559,บริษัทหลักทรัพย์จัดการกองทุน กสิกรไทย จำกัด
K-S50RMF,2026-10-07,15.8291,15.8292,15.8291,3782321341.58,M0738_2556,บริษัทหลักทรัพย์จัดการกองทุน กสิกรไทย จำกัด
K-SELECT-A(A),2026-10-07,6.0459,6.1065,6.0459,292093431.26,M0014_2536,บริษัทหลักทรัพย์จัดการกองทุน กสิกรไทย จำกัด
K-SELECT-A(D),2026-10-07,6.0457,6.1063,6.0457,369240081.48,M0014_2536,บริษัทหลักทรัพย์จัดการกองทุน กสิกรไทย จำกัด
K-SELECTRMF,2026-10-07,86.3333,86.3334,86.3333,9851504016.01,M0061_2544,บริษัทหลักทรัพย์จัดการกองทุน กสิกรไทย จำกัด
K-SEMQ,2026-10-06,18.4926,18.7701,18.4926,5235689052.87,M0066_2560,บริษัทหลักทรัพย์จัดการกองทุน กสิกรไทย จำกัด
K-SET50,2026-10-07,41.6736,41.7154,41.6319,6409819776.32,M0209_2548,บริษัทหลักทรัพย์จัดการกองทุน กสิกรไทย จำกัด
K-SF-A,2026-10-07,12.013,12.0131,12.013,297357156956.88,M0377_2556,บริษัทหลักทรัพย์จัดการกองทุน กสิกรไทย จำกัด
K-SF-SSF,2026-10-07,12.0013,12.0014,12.0013,1262885398.66,M0377_2556,บริษัทหลักทรัพย์จัดการกองทุน กสิกรไทย จำกัด
K-SF-Z,2026-10-07,12.0307,12.0308,12.0307,169613627.82,M0377_2556,บริษัทหลักทรัพย์จัดการกองทุน กสิกรไทย จำกัด
K-SFIXED,2026-10-07,8.7289,0.0,8.7289,114415422.48,M0212_2550,บริษัทหลักทรัพย์จัดการกองทุน กสิกรไทย จำกัด
K-SFPLUS-A,2026-10-07,11.5654,11.5655,11.5654,241940415542.65,M0038_2559,บริษัทหลักทรัพย์จัดการกองทุน กสิกรไทย จำกัด
K-SFPLUS-I,2026-10-07,11.5757,11.5758,11.5757,5577410042.39,M0038_2559,บริษัทหลักทรัพย์จัดการกองทุน กสิกรไทย จำกัด
K-SFPLUS-Z,2026-10-07,11.6227,11.6228,11.6227,99948145.0,M0038_2559,บริษัทหลักทรัพย์จัดการกองทุน กสิกรไทย จำกัด
K-SFRMF,2026-10-07,15.3222,15.3223,15.3222,15727469227.27,M0063_2544,บริษัทหลักทรัพย์จัดการกองทุน กสิกรไทย จำกัด
K-SGM,2026-10-05,10.3286,10.4062,10.3286,125260506.48,M0304_2558,บริษัทหลักทรัพย์จัดการกองทุน กสิกรไทย จำกัด
K-STAR-A(A),2026-10-07,44.0686,44.289,44.0686,1067383045.47,M0159_2549,บริษัทหลักทรัพย์จัดการกองทุน กสิกรไทย จำกัด
K-STAR-A(R),2026-10-07,44.0279,44.2481,44.0279,1039764119.19,M0159_2549,บริษัทหลักทรัพย์จัดการกองทุน กสิกรไทย จำกัด
K-STAR-C(A),2026-10-07,43.3231,43.3232,43.3231,11924.17,M0159_2549,บริษัทหลักทรัพย์จัดการกองทุน กสิกรไทย จำกัด
K-STAR-I(D),2026-10-07,44.1443,44.3651,44.1443,1231.6,M0159_2549,บริษัทหลักทรัพย์จัดการกองทุน กสิกรไทย จำกัด
K-STAR-SSF,2026-10-07,44.3902,44.3903,44.3902,1683863668.68,M0159_2549,บริษัทหลักทรัพย์จัดการกองทุน กสิกรไทย จำกัด
K-SUPSTAR-SSFX,2026-10-07,11.2852,11.2853,11.2852,2197508146.16,M0161_2563,บริษัทหลักทรัพย์จัดการกองทุน กสิกรไทย จำกัด
K-TFT6,2026-10-07,9.8532,0.0,9.8532,162435082.8,M0383_2566,บริษัทหลักทรัพย์จัดการกองทุน กสิกรไทย จำกัด
K-THAPE26A-UI,2026-09-30,10.0214,0.0,0.0,739379379.84,M0814_2568,บริษัทหลักทรัพย์จัดการกองทุน กสิกรไทย จำกัด
K-THRE24A-UI,2026-09-30,10.0599,0.0,0.0,1178082357.79,M0695_2567,บริษัทหลักทรัพย์จัดการกองทุน กสิกรไทย จำกัด
K-TNZ-A(A),2026-10-07,13.0059,13.006,13.0059,221796327.51,M0799_2566,บริษัทหลักทรัพย์จัดการกองทุน กสิกรไทย จำกัด
K-TNZ-ThaiESG,2026-10-07,13.003,13.0031,13.003,6510059693.48,M0799_2566,บริษัทหลักทรัพย์จัดการกองทุน กสิกรไทย จำกัด
K-TREASURY,2026-10-07,13.8801,13.8802,13.8801,49850007436.26,M0884_2547,บริษัทหลักทรัพย์จัดการกองทุน กสิกรไทย จำกัด
K-US500X-A(A),2026-10-06,16.2668,16.2832,16.2424,11449363694.35,M0257_2564,บริษัทหลักทรัพย์จัดการกองทุน กสิกรไทย จำกัด
K-US500X-C(A),2026-10-06,20.5296,20.5502,20.5296,13458.21,M0257_2564,บริษัทหลักทรัพย์จัดการกองทุน กสิกรไทย จำกัด
K-US500XRMF,2026-10-06,13.2221,13.2222,13.2221,2877962219.64,M0408_2567,บริษัทหลักทรัพย์จัดการกองทุน กสิกรไทย จำกัด
K-US500XUH,2026-10-06,12.1974,12.2097,12.1791,419768120.77,M0789_2568,บริษัทหลักทรัพย์จัดการกองทุน กสิกรไทย จำกัด
K-USA-A(A),2026-10-06,17.6341,17.8987,17.6341,1857235355.35,M0159_2555,บริษัทหลักทรัพย์จัดการกองทุน กสิกรไทย จำกัด
K-USA-A(D),2026-10-06,12.2031,12.3862,12.2031,4805051984.73,M0159_2555,บริษัทหลักทรัพย์จัดการกองทุน กสิกรไทย จำกัด
K-USA-SSF,2026-10-06,16.4452,16.4453,16.4452,1094168131.47,M0159_2555,บริษัทหลักทรัพย์จัดการกองทุน กสิกรไทย จำกัด
K-USARMF,2026-10-06,7.0075,7.0076,7.0075,1398783317.13,M0470_2563,บริษัทหลักทรัพย์จัดการกองทุน กสิกรไทย จำกัด
K-USXNDQ-A(A),2026-10-06,51.1323,51.1835,51.0556,8536265518.25,M0369_2555,บริษัทหลักทรัพย์จัดการกองทุน กสิกรไทย จำกัด
K-USXNDQ-A(D),2026-10-06,31.9969,32.029,31.9489,10329593441.53,M0369_2555,บริษัทหลักทรัพย์จัดการกองทุน กสิกรไทย จำกัด
K-USXNDQRMF,2026-10-06,15.1326,15.1327,15.1326,1532924046.97,M0592_2567,บริษัทหลักทรัพย์จัดการกองทุน กสิกรไทย จำกัด
K-USXNDQUH,2026-10-06,13.1888,13.2021,13.169,402079332.71,M0787_2568,บริษัทหลักทรัพย์จัดการกองทุน กสิกรไทย จำกัด
K-VALUE-A(A),2026-10-07,7.2468,7.3194,7.2468,1205861441.84,M0023_2538,บริษัทหลักทรัพย์จัดการกองทุน กสิกรไทย จำกัด
K-VALUE-A(D),2026-10-07,6.4071,6.4713,6.4071,2814678317.54,M0023_2538,บริษัทหลักทรัพย์จัดการกองทุน กสิกรไทย จำกัด
K-VALUE-Z(A),2026-10-07,7.006,7.0061,7.006,2022834164.33,M0023_2538,บริษัทหลักทรัพย์จัดการกองทุน กสิกรไทย จำกัด
K-VALUERMF,2026-10-07,34.0441,34.0442,34.0441,12118726118.07,M0405_2549,บริษัทหลักทรัพย์จัดการกองทุน กสิกรไทย จำกัด
K-VIETNAM,2026-10-07,13.7866,13.9935,13.7866,8078084296.27,M0118_2561,บริษัทหลักทรัพย์จัดการกองทุน กสิกรไทย จำกัด
K-VIETNAM-SSF,2026-10-07,12.3768,12.3769,12.3768,1390883950.34,M0511_2565,บริษัทหลักทรัพย์จัดการกองทุน กสิกรไทย จำกัด
K-VIETNAMRMF,2026-10-07,9.8217,9.8218,9.8217,2640630478.87,M0045_2565,บริษัทหลักทรัพย์จัดการกองทุน กสิกรไทย จำกัด
K-WORLDX,2026-10-06,18.2984,18.3168,18.271,14334117685.99,M0688_2562,บริษัทหลักทรัพย์จัดการกองทุน กสิกรไทย จำกัด
K-WORLDXRMF,2026-10-06,13.388,13.3881,13.388,1616132531.88,M0065_2568,บริษัทหลักทรัพย์จัดการกองทุน กสิกรไทย จำกัด
K-WPBALANCED,2026-10-06,10.5126,10.5653,10.5126,46524238366.34,M0279_2564,บริษัทหลักทรัพย์จัดการกองทุน กสิกรไทย จำกัด
K-WPBALRMF,2026-10-06,11.4839,11.484,11.4839,2642855662.98,M0573_2566,บริษัทหลักทรัพย์จัดการกองทุน กสิกรไทย จำกัด
K-WPLIGHT,2026-10-06,10.2952,10.3468,10.2952,5593059317.67,M0278_2564,บริษัทหลักทรัพย์จัดการกองทุน กสิกรไทย จำกัด
K-WPLIGHTRMF,2026-10-06,9.7762,9.7763,9.7762,15060462.66,M0250_2569,บริษัทหลักทรัพย์จัดการกองทุน กสิกรไทย จำกัด
K-WPSPARK,2026-10-06,10.975,11.03,10.975,6543432833.18,M0282_2564,บริษัทหลักทรัพย์จัดการกองทุน กสิกรไทย จำกัด
K-WPSPEEDRMF,2026-10-06,11.8754,11.8755,11.8754,749021499.52,M0455_2567,บริษัทหลักทรัพย์จัดการกองทุน กสิกรไทย จำกัด
K-WPSPEEDUP,2026-10-06,10.8186,10.8728,10.8186,40357166014.98,M0280_2564,บริษัทหลักทรัพย์จัดการกองทุน กสิกรไทย จำกัด
K-WPULTIMATE,2026-10-06,11.63,11.6883,11.63,15409312476.24,M0281_2564,บริษัทหลักทรัพย์จัดการกองทุน กสิกรไทย จำกัด
K-WPULTIRMF,2026-10-06,13.1882,13.1883,13.1882,770211491.51,M0596_2566,บริษัทหลักทรัพย์จัดการกองทุน กสิกรไทย จำกัด
KACB,2026-10-07,19.2494,19.3939,19.2494,1362518230.76,M0130_2545,บริษัทหลักทรัพย์จัดการกองทุน กสิกรไทย จำกัด
KAEQ,2026-10-07,137.937,142.0752,133.7989,2325677435.2,M0135_2545,บริษัทหลักทรัพย์จัดการกองทุน กสิกรไทย จำกัด
KAF,2026-10-07,19.5213,19.619,19.5213,6987855.72,M0035_2538,บริษัทหลักทรัพย์จัดการกองทุน เอ็มเอฟซี จำกัด (มหาชน)
KASF,2026-10-07,17.2082,17.3374,17.2082,372436199.9,M0134_2545,บริษัทหลักทรัพย์จัดการกองทุน กสิกรไทย จำกัด
KF-ACHINA-A,2026-10-06,7.0611,0.0,0.0,3774205983.67,M0671_2560,บริษัทหลักทรัพย์จัดการกองทุน กรุงศรี จำกัด
KF-ACHINA-I,2026-10-06,7.0625,0.0,0.0,971160.46,M0671_2560,บริษัทหลักทรัพย์จัดการกองทุน กรุงศรี จำกัด
KF-ACHINARMF,2026-10-06,4.9486,0.0,0.0,804730543.21,M0577_2563,บริษัทหลักทรัพย์จัดการกองทุน กรุงศรี จำกัด
KF-ACHINASSF,2026-10-06,4.9633,0.0,0.0,338225025.02,M0587_2563,บริษัทหลักทรัพย์จัดการกองทุน กรุงศรี จำกัด
KF-AINCOME-A,2026-10-06,14.0005,14.2106,14.0005,360165542.47,M0240_2558,บริษัทหลักทรัพย์จัดการกองทุน กรุงศรี จำกัด
KF-AINCOME-R,2026-10-06,13.9995,14.2096,13.9995,520137061.29,M0240_2558,บริษัทหลักทรัพย์จัดการกองทุน กรุงศรี จำกัด
KF-AINEXT,2026-10-06,11.1051,11.2163,11.1051,196856367.2,M0810_2569,บริษัทหลักทรัพย์จัดการกองทุน กรุงศรี จำกัด
KF-AINEXT-FX,2026-10-06,11.2972,11.4103,11.2972,31039827.95,M0811_2569,บริษัทหลักทรัพย์จัดการกองทุน กรุงศรี จำกัด
KF-ASET50-D,2026-10-07,17.8052,17.9834,17.8052,7836582.12,M0611_2547,บริษัทหลักทรัพย์จัดการกองทุน กรุงศรี จำกัด
KF-ASET50-L,2026-10-07,17.8043,0.0,17.8043,1024367750.04,M0611_2547,บริษัทหลักทรัพย์จัดการกองทุน กรุงศรี จำกัด
KF-ATECH,2026-10-06,10.4288,10.5853,10.4288,4328151822.33,M0433_2569,บริษัทหลักทรัพย์จัดการกองทุน กรุงศรี จำกัด
KF-ATECH-USD,2026-10-06,10.6435,10.8033,10.6435,14505068.39,M0439_2569,บริษัทหลักทรัพย์จัดการกองทุน กรุงศรี จำกัด
KF-BIC,2026-10-06,6.0079,6.0981,6.0079,49532698.23,M0427_2550,บริษัทหลักทรัพย์จัดการกองทุน กรุงศรี จำกัด
KF-CINCOME-A,2026-10-06,12.8649,13.058,12.8649,986411628.68,M0588_2558,บริษัทหลักทรัพย์จัดการกองทุน กรุงศรี จำกัด
KF-CINCOME-I,2026-10-06,12.8649,12.865,12.8649,551208.08,M0588_2558,บริษัทหลักทรัพย์จัดการกองทุน กรุงศรี จำกัด
KF-CSI300-INDXRMF,2026-10-07,9.4597,0.0,0.0,51029941.01,M0863_2568,บริษัทหลักทรัพย์จัดการกองทุน กรุงศรี จำกัด
KF-CSINCOME,2026-10-06,11.2209,11.3332,11.2209,12415149478.8,M0484_2559,บริษัทหลักทรัพย์จัดการกองทุน กรุงศรี จำกัด
KF-DB70-D,2026-10-07,12.5597,12.6477,12.5409,4746803.66,M0177_2550,บริษัทหลักทรัพย์จัดการกองทุน กรุงศรี จำกัด
KF-DB70-L,2026-10-07,12.3309,0.0,12.3124,1876538261.02,M0177_2550,บริษัทหลักทรัพย์จัดการกองทุน กรุงศรี จำกัด
KF-EM,2026-10-06,10.1329,10.285,10.1329,62947351.21,M0729_2555,บริษัทหลักทรัพย์จัดการกองทุน กรุงศรี จำกัด
KF-EMXCN-A,2026-10-05,17.1434,17.4007,17.1434,671912558.02,M0101_2568,บริษัทหลักทรัพย์จัดการกองทุน กรุงศรี จำกัด
KF-EMXCN-I,2026-10-05,17.1715,17.1716,17.1715,468358.41,M0101_2568,บริษัทหลักทรัพย์จัดการกองทุน กรุงศรี จำกัด
KF-EMXCN-INDXRMF,2026-10-06,17.496,17.4961,17.496,299706837.37,M0873_2567,บริษัทหลักทรัพย์จัดการกองทุน กรุงศรี จำกัด
KF-EUROPE,2026-10-06,21.9698,22.2994,21.9698,481095869.48,M0309_2556,บริษัทหลักทรัพย์จัดการกองทุน กรุงศรี จำกัด
KF-GB70-D,2026-10-07,11.7233,11.8055,11.7233,6710107.72,M0357_2549,บริษัทหลักทรัพย์จัดการกองทุน กรุงศรี จำกัด
KF-GB70-L,2026-10-07,11.7221,0.0,11.7221,176578642.65,M0357_2549,บริษัทหลักทรัพย์จัดการกองทุน กรุงศรี จำกัด
KF-GCHINAD,2026-10-06,6.6141,6.7134,6.6141,836337026.9,M0132_2558,บริษัทหลักทรัพย์จัดการกองทุน กรุงศรี จำกัด
KF-GCHINARMF,2026-10-06,11.861,11.8611,11.861,1133247221.93,M0487_2560,บริษัทหลักทรัพย์จัดการกองทุน กรุงศรี จำกัด
KF-GDIV-USD,2026-10-06,10.4087,10.5649,10.4087,2817383.69,M1060_2568,บริษัทหลักทรัพย์จัดการกองทุน กรุงศรี จำกัด
KF-GDIVRMF,2026-10-06,10.401,10.4011,10.401,119223513.93,M0862_2568,บริษัทหลักทรัพย์จัดการกองทุน กรุงศรี จำกัด
KF-GEI-A,2026-10-06,10.126,10.278,10.126,1336082881.75,M1141_2568,บริษัทหลักทรัพย์จัดการกองทุน กรุงศรี จำกัด
KF-GEI-I,2026-10-06,10.1257,10.1258,10.1257,497622.44,M1141_2568,บริษัทหลักทรัพย์จัดการกองทุน กรุงศรี จำกัด
KF-GEI-R,2026-10-06,10.1258,10.2778,10.1258,158388259.32,M1141_2568,บริษัทหลักทรัพย์จัดการกองทุน กรุงศรี จำกัด
KF-GOLD,2026-10-07,31.9141,31.9621,31.8662,3291459608.3,M0037_2552,บริษัทหลักทรัพย์จัดการกองทุน กรุงศรี จำกัด
KF-HEUROPE-A,2026-10-06,20.897,21.2106,20.897,1475348391.15,M0814_2557,บริษัทหลักทรัพย์จัดการกองทุน กรุงศรี จำกัด
KF-HEUROPE-I,2026-10-06,20.9092,20.9093,20.9092,58515603.63,M0814_2557,บริษัทหลักทรัพย์จัดการกองทุน กรุงศรี จำกัด
KF-HGOLD,2026-10-07,18.4781,18.5059,18.4504,3450190720.67,M0389_2555,บริษัทหลักทรัพย์จัดการกองทุน กรุงศรี จำกัด
KF-HJAPAND,2026-10-06,11.9387,12.1179,11.9387,1346870430.57,M1257_2557,บริษัทหลักทรัพย์จัดการกองทุน กรุงศรี จำกัด
KF-HSHARE-INDX,2026-10-07,6.8122,6.8464,6.8122,1587853828.33,M0009_2553,บริษัทหลักทรัพย์จัดการกองทุน กรุงศรี จำกัด
KF-HSHARE-INDXRMF,2026-10-07,8.8581,8.8582,8.8581,51480019.46,M0866_2568,บริษัทหลักทรัพย์จัดการกองทุน กรุงศรี จำกัด
KF-HSMUS,2026-10-06,14.8846,15.108,14.8846,128487114.55,M0283_2560,บริษัทหลักทรัพย์จัดการกองทุน กรุงศรี จำกัด
KF-INCOME,2026-10-06,14.0182,14.2286,14.0182,977496091.26,M1078_2557,บริษัทหลักทรัพย์จัดการกองทุน กรุงศรี จำกัด
KF-JP-INDXRMF,2026-10-07,14.3711,14.3712,14.3711,112409023.08,M0865_2568,บริษัทหลักทรัพย์จัดการกองทุน กรุงศรี จำกัด
KF-JPSCAPD,2026-10-06,11.9304,12.1095,11.9304,313299561.66,M0238_2560,บริษัทหลักทรัพย์จัดการกองทุน กรุงศรี จำกัด
KF-LATAM,2026-10-06,11.0811,11.2474,11.0811,209748464.21,M0028_2553,บริษัทหลักทรัพย์จัดการกองทุน กรุงศรี จำกัด
KF-MINCOME-A,2026-10-06,10.5782,10.737,10.5782,92284021.38,M0406_2560,บริษัทหลักทรัพย์จัดการกองทุน กรุงศรี จำกัด
KF-MINCOME-R,2026-10-06,10.5771,10.7359,10.5771,98385205.12,M0406_2560,บริษัทหลักทรัพย์จัดการกองทุน กรุงศรี จำกัด
KF-OIL,2026-10-06,6.4234,6.4235,6.4234,302144387.42,M0124_2552,บริษัทหลักทรัพย์จัดการกองทุน กรุงศรี จำกัด
KF-ORTFLEX,2026-10-06,31.6927,32.1682,31.6927,643086097.25,M0291_2549,บริษัทหลักทรัพย์จัดการกองทุน กรุงศรี จำกัด
KF-SET50-A,2026-10-07,42.8871,43.1016,42.8871,61101715.09,M0712_2547,บริษัทหลักทรัพย์จัดการกองทุน กรุงศรี จำกัด
KF-SET50-L,2026-10-07,42.8858,0.0,42.8858,1483210109.63,M0712_2547,บริษัทหลักทรัพย์จัดการกองทุน กรุงศรี จำกัด
KF-SINCOME,2026-10-06,11.2491,11.3617,11.2491,1025057612.38,M0440_2559,บริษัทหลักทรัพย์จัดการกองทุน กรุงศรี จำกัด
KF-SINCOME-FX-A,2026-10-06,10.8894,10.9984,10.8894,4089692551.4,M0554_2566,บริษัทหลักทรัพย์จัดการกองทุน กรุงศรี จำกัด
KF-SINCOME-FX-C,2026-10-06,10.9237,10.9238,10.9237,3346126.28,M0554_2566,บริษัทหลักทรัพย์จัดการกองทุน กรุงศรี จำกัด
KF-SINCOME-FX-I,2026-10-06,10.8897,10.8898,10.8897,262305507.12,M0554_2566,บริษัทหลักทรัพย์จัดการกองทุน กรุงศรี จำกัด
KF-SINCOME-FX-R,2026-10-06,10.8894,10.9984,10.8894,256963669.36,M0554_2566,บริษัทหลักทรัพย์จัดการกองทุน กรุงศรี จำกัด
KF-SINCOME-FXRMF,2026-10-06,10.5337,10.5338,10.5337,165572020.16,M0709_2567,บริษัทหลักทรัพย์จัดการกองทุน กรุงศรี จำกัด
KF-SINCOME-USD,2026-10-06,10.0152,10.1155,10.0152,6840559.96,M0703_2568,บริษัทหลักทรัพย์จัดการกองทุน กรุงศรี จำกัด
KF-SINCOMERMF,2026-10-06,11.1562,11.1563,11.1562,1292616091.06,M0550_2559,บริษัทหลักทรัพย์จัดการกองทุน กรุงศรี จำกัด
KF-SMCAPD,2026-10-06,8.4318,8.5584,8.4318,50099787.09,M0515_2557,บริษัทหลักทรัพย์จัดการกองทุน กรุงศรี จำกัด
KF-SP500M,2026-10-06,9.7102,9.8074,9.7102,1830349920.12,M0581_2569,บริษัทหลักทรัพย์จัดการกองทุน กรุงศรี จำกัด
KF-SP500MFX,2026-10-06,9.8788,9.9777,9.8788,239746946.86,M0582_2569,บริษัทหลักทรัพย์จัดการกองทุน กรุงศรี จำกัด
KF-US-PLUS-A,2026-10-06,11.4696,11.6417,11.4696,252868155.76,M1042_2567,บริษัทหลักทรัพย์จัดการกองทุน กรุงศรี จำกัด
KF-US-PLUS-I,2026-10-06,11.4685,11.4686,11.4685,732284.35,M1042_2567,บริษัทหลักทรัพย์จัดการกองทุน กรุงศรี จำกัด
KF-US-PLUSRMF,2026-10-06,10.8976,10.8977,10.8976,75525896.81,M0867_2568,บริษัทหลักทรัพย์จัดการกองทุน กรุงศรี จำกัด
KF-WORLD-INDFX-A,2026-10-06,11.9231,11.9828,11.9231,839151291.55,M0082_2569,บริษัทหลักทรัพย์จัดการกองทุน กรุงศรี จำกัด
KF-WORLD-INDFX-I,2026-10-06,11.9233,11.9234,11.9233,73646315.67,M0082_2569,บริษัทหลักทรัพย์จัดการกองทุน กรุงศรี จำกัด
KF-WORLD-INDX-A,2026-10-06,15.0301,15.1054,15.0301,2219297114.36,M0762_2565,บริษัทหลักทรัพย์จัดการกองทุน กรุงศรี จำกัด
KF-WORLD-INDX-I,2026-10-06,15.0292,15.0293,15.0292,1582483005.49,M0762_2565,บริษัทหลักทรัพย์จัดการกองทุน กรุงศรี จำกัด
KF-WORLD-INDXRMF,2026-10-06,12.763,12.7631,12.763,1174125921.84,M0725_2567,บริษัทหลักทรัพย์จัดการกองทุน กรุงศรี จำกัด
KF1MAX-A,2026-10-05,11.1777,0.0,0.0,180921152.63,M0684_2565,บริษัทหลักทรัพย์จัดการกองทุน กรุงศรี จำกัด
KF1MAX-I,2026-10-05,11.1788,0.0,0.0,503991038.58,M0684_2565,บริษัทหลักทรัพย์จัดการกองทุน กรุงศรี จำกัด
KF1MAXRMF,2026-10-05,11.5722,0.0,0.0,47566224.67,M0260_2566,บริษัทหลักทรัพย์จัดการกองทุน กรุงศรี จำกัด
KF1MAXSSF,2026-10-05,11.3142,0.0,0.0,17293830.46,M0264_2566,บริษัทหลักทรัพย์จัดการกองทุน กรุงศรี จำกัด
KF1MEAN-A,2026-10-05,10.8626,0.0,0.0,347024961.45,M0683_2565,บริษัทหลักทรัพย์จัดการกองทุน กรุงศรี จำกัด
KF1MEAN-I,2026-10-05,10.8639,0.0,0.0,277240973.75,M0683_2565,บริษัทหลักทรัพย์จัดการกองทุน กรุงศรี จำกัด
KF1MEANRMF,2026-10-05,11.057,0.0,0.0,43337321.04,M0267_2566,บริษัทหลักทรัพย์จัดการกองทุน กรุงศรี จำกัด
KF1MEANSSF,2026-10-05,10.9637,0.0,0.0,8813624.5,M0269_2566,บริษัทหลักทรัพย์จัดการกองทุน กรุงศรี จำกัด
KF1MILD-A,2026-10-05,10.9452,0.0,0.0,635067426.69,M0682_2565,บริษัทหลักทรัพย์จัดการกองทุน กรุงศรี จำกัด
KF1MILD-I,2026-10-05,10.9457,0.0,0.0,161764516.37,M0682_2565,บริษัทหลักทรัพย์จัดการกองทุน กรุงศรี จำกัด
KF1MILDRMF,2026-10-05,10.9549,0.0,0.0,75427905.36,M0255_2566,บริษัทหลักทรัพย์จัดการกองทุน กรุงศรี จำกัด
KF1MILDSSF,2026-10-05,10.8859,0.0,0.0,15396814.62,M0256_2566,บริษัทหลักทรัพย์จัดการกองทุน กรุงศรี จำกัด
KF70-THAIESGX-68,2026-10-07,11.7604,11.7605,11.7016,354669037.04,M0451_2568,บริษัทหลักทรัพย์จัดการกองทุน กรุงศรี จำกัด
KF70-THAIESGX-69,2026-10-07,11.7605,11.7606,11.7017,33677803.8,M0451_2568,บริษัทหลักทรัพย์จัดการกองทุน กรุงศรี จำกัด
KF70-THAIESGX-L,2026-10-07,11.7605,0.0,11.7017,576809362.78,M0451_2568,บริษัทหลักทรัพย์จัดการกองทุน กรุงศรี จำกัด
KFAEQ-THAIESGX-68,2026-10-07,12.386,12.3861,12.3241,135230499.78,M0456_2568,บริษัทหลักทรัพย์จัดการกองทุน กรุงศรี จำกัด
KFAEQ-THAIESGX-69,2026-10-07,12.3857,12.3858,12.3238,30816602.04,M0456_2568,บริษัทหลักทรัพย์จัดการกองทุน กรุงศรี จำกัด
KFAEQ-THAIESGX-L,2026-10-07,12.3861,0.0,12.3242,3865257527.18,M0456_2568,บริษัทหลักทรัพย์จัดการกองทุน กรุงศรี จำกัด
KFAFIX-A,2026-10-07,12.3177,12.3178,12.3177,33043763378.88,M0458_2559,บริษัทหลักทรัพย์จัดการกองทุน กรุงศรี จำกัด
KFAFIX-C,2026-10-07,12.423,12.4231,12.423,84933497.65,M0458_2559,บริษัทหลักทรัพย์จัดการกองทุน กรุงศรี จำกัด
KFAFIX-I,2026-10-07,12.3201,12.3202,12.3201,225388477.85,M0458_2559,บริษัทหลักทรัพย์จัดการกองทุน กรุงศรี จำกัด
KFAFIXRMF,2026-10-07,11.9026,11.9027,11.9026,3929190383.26,M0077_2561,บริษัทหลักทรัพย์จัดการกองทุน กรุงศรี จำกัด
KFAFIXSSF,2026-10-07,12.3179,12.318,12.2563,1056366108.12,M0458_2559,บริษัทหลักทรัพย์จัดการกองทุน กรุงศรี จำกัด
KFAHYBON-A,2026-10-06,6.9173,6.9866,6.9173,267409966.35,M0161_2564,บริษัทหลักทรัพย์จัดการกองทุน กรุงศรี จำกัด
KFCASH-A,2026-10-07,14.072,14.0721,14.072,26725023430.91,M0718_2546,บริษัทหลักทรัพย์จัดการกองทุน กรุงศรี จำกัด
KFCASHPLUS,2026-10-07,12.9628,12.9629,12.9628,3219801026.8,M0401_2550,บริษัทหลักทรัพย์จัดการกองทุน กรุงศรี จำกัด
KFCASHRMF,2026-10-07,14.0575,14.0576,14.0575,11704634123.75,M0762_2547,บริษัทหลักทรัพย์จัดการกองทุน กรุงศรี จำกัด
KFCASHSSF,2026-10-07,14.0694,14.0695,13.9991,626532167.43,M0718_2546,บริษัทหลักทรัพย์จัดการกองทุน กรุงศรี จำกัด
KFCHINA-T10PLUS-A,2026-10-07,6.6884,6.7621,6.6817,1264201697.85,M0503_2568,บริษัทหลักทรัพย์จัดการกองทุน กรุงศรี จำกัด
KFCHINA-T10PLUS-I,2026-10-07,6.6736,6.6804,6.6669,550195.8,M0503_2568,บริษัทหลักทรัพย์จัดการกองทุน กรุงศรี จำกัด
KFCLIMA-A,2026-10-06,10.5432,10.7014,10.5432,138824149.62,M0060_2564,บริษัทหลักทรัพย์จัดการกองทุน กรุงศรี จำกัด
KFCLIMA-I,2026-10-06,10.5432,10.5433,10.5432,129224.16,M0060_2564,บริษัทหลักทรัพย์จัดการกองทุน กรุงศรี จำกัด
KFCLIMARMF,2026-10-06,9.6473,9.6474,9.6473,162421621.11,M0383_2564,บริษัทหลักทรัพย์จัดการกองทุน กรุงศรี จำกัด
KFCLIMASSF,2026-10-06,9.6437,9.6438,9.5955,82233674.8,M0384_2564,บริษัทหลักทรัพย์จัดการกองทุน กรุงศรี จำกัด
KFCMEGA-A,2026-10-06,4.2129,4.2551,4.2129,815610888.61,M0194_2564,บริษัทหลักทรัพย์จัดการกองทุน กรุงศรี จำกัด
KFCMEGA-I,2026-10-06,4.2133,4.2134,4.2133,171807626.18,M0194_2564,บริษัทหลักทรัพย์จัดการกองทุน กรุงศรี จำกัด
KFCMEGARMF,2026-10-06,6.9366,6.9367,6.9366,129194078.31,M0395_2565,บริษัทหลักทรัพย์จัดการกองทุน กรุงศรี จำกัด
KFCMEGASSF,2026-10-06,6.9159,6.916,6.8813,45955826.57,M0397_2565,บริษัทหลักทรัพย์จัดการกองทุน กรุงศรี จำกัด
KFCORE,2026-10-06,11.1104,11.2772,11.1104,838606269.55,M0373_2563,บริษัทหลักทรัพย์จัดการกองทุน กรุงศรี จำกัด
KFCORERMF,2026-10-06,12.8459,12.846,12.8459,92551115.71,M0377_2565,บริษัทหลักทรัพย์จัดการกองทุน กรุงศรี จำกัด
KFCORESSF,2026-10-06,12.5619,12.562,12.4991,61412996.81,M0423_2565,บริษัทหลักทรัพย์จัดการกองทุน กรุงศรี จำกัด
KFCSI300-A,2026-10-07,10.7588,0.0,0.0,262726653.33,M0305_2566,บริษัทหลักทรัพย์จัดการกองทุน กรุงศรี จำกัด
KFCSI300-I,2026-10-07,10.7577,0.0,0.0,1132811.88,M0305_2566,บริษัทหลักทรัพย์จัดการกองทุน กรุงศรี จำกัด
KFCYBER-A,2026-10-06,16.0837,16.3251,16.0837,508454144.56,M0538_2564,บริษัทหลักทรัพย์จัดการกองทุน กรุงศรี จำกัด
KFCYBER-I,2026-10-06,16.0804,16.0805,16.0804,952302.82,M0538_2564,บริษัทหลักทรัพย์จัดการกองทุน กรุงศรี จำกัด
KFDIVERS-A,2026-10-06,9.519,9.6143,9.519,224901357.5,M0125_2563,บริษัทหลักทรัพย์จัดการกองทุน กรุงศรี จำกัด
KFDIVERS-C,2026-10-06,9.5535,9.5536,9.5535,23544.5,M0125_2563,บริษัทหลักทรัพย์จัดการกองทุน กรุงศรี จำกัด
KFDIVERS-I,2026-10-06,9.5615,9.5616,9.5615,10275.42,M0125_2563,บริษัทหลักทรัพย์จัดการกองทุน กรุงศรี จำกัด
KFDIVERS-R,2026-10-06,9.5191,9.6144,9.5191,5180748.49,M0125_2563,บริษัทหลักทรัพย์จัดการกองทุน กรุงศรี จำกัด
KFDIVRMF,2026-10-07,26.7064,26.7466,26.6663,7036742682.96,M0460_2550,บริษัทหลักทรัพย์จัดการกองทุน กรุงศรี จำกัด
KFDIVSSF,2026-10-07,10.5952,10.6112,10.5263,670071393.73,M0082_2563,บริษัทหลักทรัพย์จัดการกองทุน กรุงศรี จำกัด
KFDNM-D,2026-10-07,9.0555,9.0556,9.0102,332540251.55,M0058_2547,บริษัทหลักทรัพย์จัดการกองทุน กรุงศรี จำกัด
KFDNMRMF,2026-10-07,10.3483,10.3639,10.3328,382903855.37,M0081_2561,บริษัทหลักทรัพย์จัดการกองทุน กรุงศรี จำกัด
KFDYNAMIC,2026-10-07,35.0354,35.2107,34.8602,676861859.72,M0530_2546,บริษัทหลักทรัพย์จัดการกองทุน กรุงศรี จำกัด
KFDYNAMIC2-D,2026-10-07,9.2679,0.0,9.2216,338643.33,M0083_2561,บริษัทหลักทรัพย์จัดการกองทุน กรุงศรี จำกัด
KFDYNAMIC2-L,2026-10-07,9.2452,0.0,9.2313,77197485.63,M0083_2561,บริษัทหลักทรัพย์จัดการกองทุน กรุงศรี จำกัด
KFENFIX,2026-10-07,11.2738,11.2739,11.2738,3257724161.42,M0643_2562,บริษัทหลักทรัพย์จัดการกองทุน กรุงศรี จำกัด
KFENS50-A,2026-10-07,29.7464,29.7762,29.7167,2478871253.55,M0532_2550,บริษัทหลักทรัพย์จัดการกองทุน กรุงศรี จำกัด
KFENS50SSF,2026-10-07,26.2073,26.2336,26.0501,901202410.29,M0532_2550,บริษัทหลักทรัพย์จัดการกองทุน กรุงศรี จำกัด
KFEQRMF,2026-10-07,23.2129,23.2478,23.1781,1218753355.3,M0170_2549,บริษัทหลักทรัพย์จัดการกองทุน กรุงศรี จำกัด
KFESG-A,2026-10-06,8.4053,8.5315,8.4053,666536945.56,M0272_2564,บริษัทหลักทรัพย์จัดการกองทุน กรุงศรี จำกัด
KFESG-I,2026-10-06,8.4053,8.4054,8.4053,34231227.23,M0272_2564,บริษัทหลักทรัพย์จัดการกองทุน กรุงศรี จำกัด
KFESGRMF,2026-10-06,11.033,11.0331,11.033,81113858.2,M0402_2565,บริษัทหลักทรัพย์จัดการกองทุน กรุงศรี จำกัด
KFESGSSF,2026-10-06,10.7734,10.7735,10.7195,35463828.11,M0398_2565,บริษัทหลักทรัพย์จัดการกองทุน กรุงศรี จำกัด
KFEURORMF,2026-10-06,19.0928,19.0929,19.0928,377507061.14,M0922_2556,บริษัทหลักทรัพย์จัดการกองทุน กรุงศรี จำกัด
KFFAST-D,2026-10-07,11.5161,11.6314,11.5161,1645834.33,M0535_2559,บริษัทหลักทรัพย์จัดการกองทุน กรุงศรี จำกัด
KFFAST-L,2026-10-07,11.516,0.0,11.4987,266123360.73,M0535_2559,บริษัทหลักทรัพย์จัดการกองทุน กรุงศรี จำกัด
KFFIN-D,2026-10-07,5.1917,5.1918,5.1917,2637962711.84,M0090_2546,บริษัทหลักทรัพย์จัดการกองทุน กรุงศรี จำกัด
KFFLEX,2026-10-07,20.1161,20.1464,20.0859,96637852.23,M0342_2549,บริษัทหลักทรัพย์จัดการกองทุน กรุงศรี จำกัด
KFFLEX-D,2026-10-07,4.1801,4.1802,4.1801,614822452.99,M0067_2544,บริษัทหลักทรัพย์จัดการกองทุน กรุงศรี จำกัด
KFFLEX2RMF,2026-10-07,44.4368,44.4369,44.4368,676267754.46,M0108_2545,บริษัทหลักทรัพย์จัดการกองทุน กรุงศรี จำกัด
KFFUTUREGEN-A,2026-10-06,9.1662,9.3038,9.1662,465349211.04,M0377_2564,บริษัทหลักทรัพย์จัดการกองทุน กรุงศรี จำกัด
KFFUTUREGEN-I,2026-10-06,9.1699,9.17,9.1699,149867.08,M0377_2564,บริษัทหลักทรัพย์จัดการกองทุน กรุงศรี จำกัด
KFGBRAN-ID,2026-10-06,9.1539,9.154,9.1539,341652527.37,M0317_2559,บริษัทหลักทรัพย์จัดการกองทุน กรุงศรี จำกัด
KFGBRAND-A,2026-10-06,11.9156,12.0944,11.9156,1515483981.72,M0317_2559,บริษัทหลักทรัพย์จัดการกองทุน กรุงศรี จำกัด
KFGBRAND-D,2026-10-06,7.24,7.3487,7.24,1585282651.95,M0317_2559,บริษัทหลักทรัพย์จัดการกองทุน กรุงศรี จำกัด
KFGBRAND-I,2026-10-06,11.0181,11.0182,11.0181,28526086.23,M0317_2559,บริษัทหลักทรัพย์จัดการกองทุน กรุงศรี จำกัด
KFGBRANRMF,2026-10-06,14.6251,14.6252,14.6251,3151258691.04,M0566_2559,บริษัทหลักทรัพย์จัดการกองทุน กรุงศรี จำกัด
KFGBRANSSF,2026-10-06,11.0686,11.0687,11.0133,1648214544.74,M0100_2563,บริษัทหลักทรัพย์จัดการกองทุน กรุงศรี จำกัด
KFGBTHAIESG-A,2026-10-07,10.5594,10.5595,10.5066,3023150338.24,M0522_2567,บริษัทหลักทรัพย์จัดการกองทุน กรุงศรี จำกัด
KFGDA-A,2026-10-06,12.8133,13.0056,12.8133,2069672288.87,M0613_2567,บริษัทหลักทรัพย์จัดการกองทุน กรุงศรี จำกัด
KFGDA-I,2026-10-06,12.813,12.8131,12.813,743846131.8,M0613_2567,บริษัทหลักทรัพย์จัดการกองทุน กรุงศรี จำกัด
KFGDA-IX,2026-10-06,12.9444,13.2034,12.9444,51777887.49,M0613_2567,บริษัทหลักทรัพย์จัดการกองทุน กรุงศรี จำกัด
KFGDB-A,2026-10-06,12.0043,12.1845,12.0043,4298170991.24,M0611_2567,บริษัทหลักทรัพย์จัดการกองทุน กรุงศรี จำกัด
KFGDB-I,2026-10-06,12.0041,12.0042,12.0041,115963606.49,M0611_2567,บริษัทหลักทรัพย์จัดการกองทุน กรุงศรี จำกัด
KFGDB-IX,2026-10-06,12.1013,12.3434,12.1013,48405512.88,M0611_2567,บริษัทหลักทรัพย์จัดการกองทุน กรุงศรี จำกัด
KFGDIV-A,2026-10-06,15.5741,15.8078,15.5741,1965399915.9,M0074_2563,บริษัทหลักทรัพย์จัดการกองทุน กรุงศรี จำกัด
KFGDIV-D,2026-10-06,10.5649,10.7235,10.5649,1386477464.38,M0074_2563,บริษัทหลักทรัพย์จัดการกองทุน กรุงศรี จำกัด
KFGDIV-I,2026-10-06,13.6654,13.6655,13.6654,86048063.3,M0074_2563,บริษัทหลักทรัพย์จัดการกองทุน กรุงศรี จำกัด
KFGG-A,2026-10-06,7.2969,7.4065,7.2969,1648777046.13,M0264_2564,บริษัทหลักทรัพย์จัดการกองทุน กรุงศรี จำกัด
KFGG-I,2026-10-06,7.2966,7.2967,7.2966,20185726.37,M0264_2564,บริษัทหลักทรัพย์จัดการกองทุน กรุงศรี จำกัด
KFGGRMF,2026-10-06,7.6654,7.6655,7.6654,1223995100.25,M0376_2564,บริษัทหลักทรัพย์จัดการกองทุน กรุงศรี จำกัด
KFGGSSF,2026-10-06,7.6896,7.6897,7.6512,893506108.62,M0379_2564,บริษัทหลักทรัพย์จัดการกองทุน กรุงศรี จำกัด
KFGLOBAL-A,2026-10-06,11.4025,11.5736,11.4025,170695646.45,M0050_2567,บริษัทหลักทรัพย์จัดการกองทุน กรุงศรี จำกัด
KFGLOBAL-I,2026-10-06,11.4034,11.4035,11.4034,260935.07,M0050_2567,บริษัทหลักทรัพย์จัดการกองทุน กรุงศรี จำกัด
KFGLOBALRMF,2026-10-06,12.0557,12.0558,12.0557,45422379.72,M0717_2567,บริษัทหลักทรัพย์จัดการกองทุน กรุงศรี จำกัด
KFGLOBFX-A,2026-10-06,12.0667,12.2478,12.0667,16743612.06,M0249_2567,บริษัทหลักทรัพย์จัดการกองทุน กรุงศรี จำกัด
KFGLOBFX-I,2026-10-06,12.067,12.0671,12.067,111075.11,M0249_2567,บริษัทหลักทรัพย์จัดการกองทุน กรุงศรี จำกัด
KFGLOBFXRMF,2026-10-06,12.7164,12.7165,12.7164,23389506.09,M0718_2567,บริษัทหลักทรัพย์จัดการกองทุน กรุงศรี จำกัด
KFGOLDRMF,2026-10-07,23.6601,23.6957,23.6246,3682677444.92,M0386_2552,บริษัทหลักทรัพย์จัดการกองทุน กรุงศรี จำกัด
KFGOOD,2026-10-07,10.1854,10.2517,10.1854,211202960.55,M0125_2561,บริษัทหลักทรัพย์จัดการกองทุน กรุงศรี จำกัด
KFGOODRMF,2026-10-07,10.2146,10.2147,10.2146,349751870.85,M0331_2561,บริษัทหลักทรัพย์จัดการกองทุน กรุงศรี จำกัด
KFGOVRMF,2026-10-07,15.8762,15.8763,15.8762,7865253172.24,M0133_2545,บริษัทหลักทรัพย์จัดการกองทุน กรุงศรี จำกัด
KFGPROP-A,2026-10-06,10.0202,10.1706,10.0202,464277210.05,M0075_2559,บริษัทหลักทรัพย์จัดการกองทุน กรุงศรี จำกัด
KFGPROP-D,2026-10-06,6.738,6.8392,6.738,156191203.52,M0075_2559,บริษัทหลักทรัพย์จัดการกองทุน กรุงศรี จำกัด
KFGPROP-I,2026-10-06,8.5831,8.5832,8.5831,36384954.94,M0075_2559,บริษัทหลักทรัพย์จัดการกองทุน กรุงศรี จำกัด
KFGROWTH-A,2026-10-07,6.0112,6.0714,6.0112,5903953.99,M0460_2546,บริษัทหลักทรัพย์จัดการกองทุน กรุงศรี จำกัด
KFGROWTH-D,2026-10-07,2.2992,2.3223,2.2992,313345791.12,M0460_2546,บริษัทหลักทรัพย์จัดการกองทุน กรุงศรี จำกัด
KFGTECH-A,2026-10-06,30.8005,31.2626,30.8005,1715502743.11,M0693_2559,บริษัทหลักทรัพย์จัดการกองทุน กรุงศรี จำกัด
KFGTECH-I,2026-10-06,30.8129,30.813,30.8129,616767.62,M0693_2559,บริษัทหลักทรัพย์จัดการกองทุน กรุงศรี จำกัด
KFGTECHRMF,2026-10-06,26.198,26.1981,26.198,5342990743.01,M0488_2560,บริษัทหลักทรัพย์จัดการกองทุน กรุงศรี จำกัด
KFHAPPY-A,2026-10-07,11.2379,11.2942,11.2379,437023233.79,M0372_2560,บริษัทหลักทรัพย์จัดการกองทุน กรุงศรี จำกัด
KFHAPPYRMF,2026-10-07,10.8067,10.8068,10.8067,1190188155.79,M0489_2560,บริษัทหลักทรัพย์จัดการกองทุน กรุงศรี จำกัด
KFHAPPYSSF,2026-10-07,11.2382,11.2383,11.182,221825429.55,M0372_2560,บริษัทหลักทรัพย์จัดการกองทุน กรุงศรี จำกัด
KFHASIA-A,2026-10-06,14.4752,14.6924,14.4752,995053544.83,M0057_2561,บริษัทหลักทรัพย์จัดการกองทุน กรุงศรี จำกัด
KFHASIA-I,2026-10-06,14.4838,14.4839,14.4838,477030.78,M0057_2561,บริษัทหลักทรัพย์จัดการกองทุน กรุงศรี จำกัด
KFHCARERMF,2026-10-06,14.3228,14.3229,14.3228,2175226687.81,M1094_2557,บริษัทหลักทรัพย์จัดการกองทุน กรุงศรี จำกัด
KFHEALTH-A,2026-10-06,13.6291,13.8336,13.6291,590966719.67,M0316_2557,บริษัทหลักทรัพย์จัดการกองทุน กรุงศรี จำกัด
KFHEALTH-D,2026-10-06,7.8624,7.9804,7.8624,2764848281.24,M0316_2557,บริษัทหลักทรัพย์จัดการกองทุน กรุงศรี จำกัด
KFHHCARE-A,2026-10-06,13.522,13.7249,13.522,851393581.46,M0473_2561,บริษัทหลักทรัพย์จัดการกองทุน กรุงศรี จำกัด
KFHHCARE-D,2026-10-06,9.8687,10.0168,9.8687,146228191.31,M0473_2561,บริษัทหลักทรัพย์จัดการกองทุน กรุงศรี จำกัด
KFHHCARE-I,2026-10-06,13.3997,13.3998,13.3997,123843792.4,M0473_2561,บริษัทหลักทรัพย์จัดการกองทุน กรุงศรี จำกัด
KFHTECH-A,2026-10-06,35.2485,35.7773,35.2485,8387148185.58,M0150_2561,บริษัทหลักทรัพย์จัดการกองทุน กรุงศรี จำกัด
KFHTECH-I,2026-10-06,35.2708,35.2709,35.2708,73000663.41,M0150_2561,บริษัทหลักทรัพย์จัดการกองทุน กรุงศรี จำกัด
KFHTECH-USD,2026-10-06,11.424,11.5955,11.424,2805081.75,M0682_2569,บริษัทหลักทรัพย์จัดการกองทุน กรุงศรี จำกัด
KFINDIA-A,2026-10-06,11.3728,11.5435,11.3728,505706007.12,M0418_2560,บริษัทหลักทรัพย์จัดการกองทุน กรุงศรี จำกัด
KFINDIA-I,2026-10-06,11.3728,11.3729,11.3728,1037150.27,M0418_2560,บริษัทหลักทรัพย์จัดการกองทุน กรุงศรี จำกัด
KFINDIARMF,2026-10-06,12.5568,12.5569,12.5568,447388767.93,M0076_2561,บริษัทหลักทรัพย์จัดการกองทุน กรุงศรี จำกัด
KFINFRA-A,2026-10-05,10.3316,10.4867,10.3316,685193125.57,M0617_2563,บริษัทหลักทรัพย์จัดการกองทุน กรุงศรี จำกัด
KFINFRA-I,2026-10-05,10.3316,10.3317,10.3316,49497149.03,M0617_2563,บริษัทหลักทรัพย์จัดการกองทุน กรุงศรี จำกัด
KFINFRARMF,2026-10-05,9.8012,9.8013,9.8012,75072532.23,M0363_2564,บริษัทหลักทรัพย์จัดการกองทุน กรุงศรี จำกัด
KFINFRASSF,2026-10-05,9.7501,9.7502,9.7013,50508421.89,M0370_2564,บริษัทหลักทรัพย์จัดการกองทุน กรุงศรี จำกัด
KFINNO-A,2026-10-06,5.9892,6.0791,5.9892,622661078.73,M0075_2564,บริษัทหลักทรัพย์จัดการกองทุน กรุงศรี จำกัด
KFINNO-I,2026-10-06,6.0403,6.0404,6.0403,20340.25,M0075_2564,บริษัทหลักทรัพย์จัดการกองทุน กรุงศรี จำกัด
KFJAPANRMF,2026-10-06,21.5768,21.5769,21.5768,437652455.91,M0620_2558,บริษัทหลักทรัพย์จัดการกองทุน กรุงศรี จำกัด
KFJPINDX-A,2026-10-07,36.6767,36.8602,36.6767,1062277453.31,M0096_2560,บริษัทหลักทรัพย์จัดการกองทุน กรุงศรี จำกัด
KFJPINDX-I,2026-10-07,38.3288,38.3289,38.3288,165118.93,M0096_2560,บริษัทหลักทรัพย์จัดการกองทุน กรุงศรี จำกัด
KFJPSCAP-A,2026-10-06,24.6922,25.0627,24.6922,228076836.53,M0178_2560,บริษัทหลักทรัพย์จัดการกองทุน กรุงศรี จำกัด
KFJPSCAP-I,2026-10-06,26.072,26.0721,26.072,163005.03,M0178_2560,บริษัทหลักทรัพย์จัดการกองทุน กรุงศรี จำกัด
KFLTGOVRMF,2026-10-07,15.4679,15.468,15.4679,1662635013.19,M0107_2545,บริษัทหลักทรัพย์จัดการกองทุน กรุงศรี จำกัด
KFMTFI,2026-10-07,17.5951,17.5952,17.5951,1457200425.89,M0665_2546,บริษัทหลักทรัพย์จัดการกองทุน กรุงศรี จำกัด
KFMTFI-D,2026-10-07,9.8782,9.8783,9.8782,700276950.91,M0073_2541,บริษัทหลักทรัพย์จัดการกองทุน กรุงศรี จำกัด
KFMTFIRMF,2026-10-07,15.5721,15.5722,15.5721,6232599576.75,M0105_2545,บริษัทหลักทรัพย์จัดการกองทุน กรุงศรี จำกัด
KFMX2TM,2026-10-07,12.1076,12.1113,0.0,301828562.6,M0515_2554,บริษัทหลักทรัพย์จัดการกองทุน กรุงศรี จำกัด
KFMXPLS2TM,2026-10-07,12.1376,12.1432,0.0,1429125629.15,M0560_2554,บริษัทหลักทรัพย์จัดการกองทุน กรุงศรี จำกัด
KFNDQ-A,2026-10-06,17.8811,17.9706,17.8811,973815613.73,M0012_2566,บริษัทหลักทรัพย์จัดการกองทุน กรุงศรี จำกัด
KFNDQ-I,2026-10-06,17.8975,17.8976,17.8975,287403.55,M0012_2566,บริษัทหลักทรัพย์จัดการกองทุน กรุงศรี จำกัด
KFNDQRMF,2026-10-06,13.8708,13.8709,13.8708,258360513.82,M0859_2567,บริษัทหลักทรัพย์จัดการกองทุน กรุงศรี จำกัด
KFPREFER-A,2026-10-06,9.5282,9.6236,9.5282,217762867.83,M0580_2562,บริษัทหลักทรัพย์จัดการกองทุน กรุงศรี จำกัด
KFS100-A,2026-10-07,15.2773,15.3538,15.2773,140693190.14,M0126_2563,บริษัทหลักทรัพย์จัดการกองทุน กรุงศรี จำกัด
KFS100-I,2026-10-07,14.272,14.2721,14.272,34948.59,M0126_2563,บริษัทหลักทรัพย์จัดการกองทุน กรุงศรี จำกัด
KFS100RMF,2026-10-07,41.8221,41.8222,41.8221,4477153274.8,M0419_2548,บริษัทหลักทรัพย์จัดการกองทุน กรุงศรี จำกัด
KFS100SSF,2026-10-07,13.3664,13.3665,13.2996,717958433.53,M0126_2563,บริษัทหลักทรัพย์จัดการกองทุน กรุงศรี จำกัด
KFS100SSFX,2026-10-07,13.3662,0.0,13.2994,1738063289.63,M0126_2563,บริษัทหลักทรัพย์จัดการกองทุน กรุงศรี จำกัด
KFS50-THAIESGX-68,2026-10-07,13.7748,13.7749,13.7059,255561295.92,M0457_2568,บริษัทหลักทรัพย์จัดการกองทุน กรุงศรี จำกัด
KFS50-THAIESGX-69,2026-10-07,13.775,13.7751,13.7061,35926140.22,M0457_2568,บริษัทหลักทรัพย์จัดการกองทุน กรุงศรี จำกัด
KFS50-THAIESGX-L,2026-10-07,13.775,0.0,13.7061,725921257.44,M0457_2568,บริษัทหลักทรัพย์จัดการกองทุน กรุงศรี จำกัด
KFSDIV,2026-10-07,5.3233,5.3314,5.3153,7155760599.55,M0081_2550,บริษัทหลักทรัพย์จัดการกองทุน กรุงศรี จำกัด
KFSDIV2-D,2026-10-07,19.1357,19.3272,19.1357,9339252.93,M0607_2547,บริษัทหลักทรัพย์จัดการกองทุน กรุงศรี จำกัด
KFSDIV2-L,2026-10-07,18.5836,0.0,18.5836,9539132536.0,M0607_2547,บริษัทหลักทรัพย์จัดการกองทุน กรุงศรี จำกัด
KFSEQ,2026-10-07,22.0476,22.1579,21.9374,765675923.98,M0770_2546,บริษัทหลักทรัพย์จัดการกองทุน กรุงศรี จำกัด
KFSEQ-D,2026-10-07,3.924,3.9437,3.9044,671316167.1,M0023_2540,บริษัทหลักทรัพย์จัดการกองทุน กรุงศรี จำกัด
KFSEQ2-A,2026-10-07,23.2022,23.4343,23.1674,240390.59,M0143_2549,บริษัทหลักทรัพย์จัดการกองทุน กรุงศรี จำกัด
KFSEQ2-L,2026-10-07,22.8872,0.0,22.8529,774491567.59,M0143_2549,บริษัทหลักทรัพย์จัดการกองทุน กรุงศรี จำกัด
KFSGB3M4,2026-10-05,10.0,0.0,0.0,0,M0395_2569,บริษัทหลักทรัพย์จัดการกองทุน กรุงศรี จำกัด
KFSGB6M30,2026-10-02,10.031,0.0,0.0,1576252505.77,M0269_2569,บริษัทหลักทรัพย์จัดการกองทุน กรุงศรี จำกัด
KFSGB6M31,2026-10-02,10.0106,0.0,0.0,1653105861.6,M0503_2569,บริษัทหลักทรัพย์จัดการกองทุน กรุงศรี จำกัด
KFSMART-A,2026-10-07,11.6654,11.6655,11.6654,159483784346.05,M0167_2559,บริษัทหลักทรัพย์จัดการกองทุน กรุงศรี จำกัด
KFSMART-I,2026-10-07,11.6655,11.6656,11.6655,434988159.42,M0167_2559,บริษัทหลักทรัพย์จัดการกองทุน กรุงศรี จำกัด
KFSMUL,2026-10-07,20.8774,20.8775,20.8774,1057038395.68,M0076_2541,บริษัทหลักทรัพย์จัดการกองทุน กรุงศรี จำกัด
KFSPLUS-A,2026-10-07,22.7429,22.743,22.7429,54277683191.26,M0024_2540,บริษัทหลักทรัพย์จัดการกองทุน กรุงศรี จำกัด
KFSPLUS-I,2026-10-07,22.7431,22.7432,22.7431,25855.96,M0024_2540,บริษัทหลักทรัพย์จัดการกองทุน กรุงศรี จำกัด
KFSTARRMF,2026-10-07,7.5483,7.5597,7.537,548169820.92,M0490_2560,บริษัทหลักทรัพย์จัดการกองทุน กรุงศรี จำกัด
KFSUPER,2026-10-07,8.9796,9.0515,8.9796,93992059.44,M0518_2561,บริษัทหลักทรัพย์จัดการกองทุน กรุงศรี จำกัด
KFSUPERRMF,2026-10-07,8.9826,8.9827,8.9826,138709362.26,M0517_2561,บริษัทหลักทรัพย์จัดการกองทุน กรุงศรี จำกัด
KFTGB5M3,2026-10-02,10.0107,0.0,0.0,2283486442.95,M0469_2569,บริษัทหลักทรัพย์จัดการกองทุน กรุงศรี จำกัด
KFTGB5M4,2026-10-02,9.9894,0.0,0.0,2321896598.42,M0660_2569,บริษัทหลักทรัพย์จัดการกองทุน กรุงศรี จำกัด
KFTGB6M61,2026-10-02,10.0341,0.0,0.0,1884440081.38,M0387_2569,บริษัทหลักทรัพย์จัดการกองทุน กรุงศรี จำกัด
KFTGB6M62,2026-10-02,10.026,0.0,0.0,2093762903.9,M0427_2569,บริษัทหลักทรัพย์จัดการกองทุน กรุงศรี จำกัด
KFTGB6M63,2026-10-02,10.022,0.0,0.0,2102126411.48,M0535_2569,บริษัทหลักทรัพย์จัดการกองทุน กรุงศรี จำกัด
KFTGB6M64,2026-10-02,10.0169,0.0,0.0,1299380741.64,M0557_2569,บริษัทหลักทรัพย์จัดการกองทุน กรุงศรี จำกัด
KFTGB6M65,2026-10-02,10.0124,0.0,0.0,2211373489.99,M0594_2569,บริษัทหลักทรัพย์จัดการกองทุน กรุงศรี จำกัด
KFTGB6M66,2026-10-02,10.0087,0.0,0.0,3431328063.91,M0701_2569,บริษัทหลักทรัพย์จัดการกองทุน กรุงศรี จำกัด
KFTGB6M67,2026-10-02,10.0063,0.0,0.0,1783496148.12,M0757_2569,บริษัทหลักทรัพย์จัดการกองทุน กรุงศรี จำกัด
KFTGB6M68,2026-10-02,10.0052,0.0,0.0,2280573493.01,M0772_2569,บริษัทหลักทรัพย์จัดการกองทุน กรุงศรี จำกัด
KFTGB6M69,2026-10-02,10.0023,0.0,0.0,2553678111.5,M0848_2569,บริษัทหลักทรัพย์จัดการกองทุน กรุงศรี จำกัด
KFTGB6M70,2026-10-02,9.9996,0.0,0.0,2814026853.86,M0905_2569,บริษัทหลักทรัพย์จัดการกองทุน กรุงศรี จำกัด
KFTHAICG,2026-10-07,11.2136,11.3258,11.2136,33400882.95,M0411_2560,บริษัทหลักทรัพย์จัดการกองทุน กรุงศรี จำกัด
KFTHAIESGA,2026-10-07,12.0922,12.0923,12.0317,1156416583.49,M0820_2566,บริษัทหลักทรัพย์จัดการกองทุน กรุงศรี จำกัด
KFTHAIESGD,2026-10-07,12.0922,12.0923,12.0317,1168643722.38,M0820_2566,บริษัทหลักทรัพย์จัดการกองทุน กรุงศรี จำกัด
KFTHAISM,2026-10-07,10.8839,11.0091,10.8676,136798985.61,M0759_2558,บริษัทหลักทรัพย์จัดการกองทุน กรุงศรี จำกัด
KFTHAISM2-D,2026-10-07,7.6886,7.7771,7.6771,2382708.39,M0577_2559,บริษัทหลักทรัพย์จัดการกองทุน กรุงศรี จำกัด
KFTHAISM2-L,2026-10-07,7.6415,0.0,7.63,205777230.09,M0577_2559,บริษัทหลักทรัพย์จัดการกองทุน กรุงศรี จำกัด
KFTRB-A,2026-10-06,10.9612,11.0435,10.9612,440792967.63,M0747_2553,บริษัทหลักทรัพย์จัดการกองทุน กรุงศรี จำกัด
KFTRB-I,2026-10-06,10.8449,10.845,10.8449,1448.72,M0747_2553,บริษัทหลักทรัพย์จัดการกองทุน กรุงศรี จำกัด
KFTSRMF,2026-10-07,55.181,55.1811,55.181,1728507242.45,M0136_2545,บริษัทหลักทรัพย์จัดการกองทุน กรุงศรี จำกัด
KFTSTAR-A,2026-10-07,8.416,8.5003,8.416,627031564.64,M0035_2560,บริษัทหลักทรัพย์จัดการกองทุน กรุงศรี จำกัด
KFTSTAR-D,2026-10-07,5.5066,5.5618,5.5066,524848110.3,M0035_2560,บริษัทหลักทรัพย์จัดการกองทุน กรุงศรี จำกัด
KFTSTAR2-D,2026-10-07,7.3274,7.4008,7.3274,80820.59,M0475_2560,บริษัทหลักทรัพย์จัดการกองทุน กรุงศรี จำกัด
KFTSTAR2-L,2026-10-07,7.3231,0.0,7.3121,707706143.84,M0475_2560,บริษัทหลักทรัพย์จัดการกองทุน กรุงศรี จำกัด
KFUS-A,2026-10-05,13.7592,13.9657,13.7592,606704121.38,M0301_2554,บริษัทหลักทรัพย์จัดการกองทุน กรุงศรี จำกัด
KFUS-I,2026-10-05,13.7655,13.7656,13.7655,250161.56,M0301_2554,บริษัทหลักทรัพย์จัดการกองทุน กรุงศรี จำกัด
KFUSD-FGB6M2,2026-10-02,10.1462,0.0,0.0,5099965.37,M0178_2569,บริษัทหลักทรัพย์จัดการกองทุน กรุงศรี จำกัด
KFUSD-FGB6M3,2026-10-02,10.0262,0.0,0.0,4233736.6,M0468_2569,บริษัทหลักทรัพย์จัดการกองทุน กรุงศรี จำกัด
KFUSINDFX-A,2026-10-06,13.7885,13.8575,13.7885,292521349.86,M0594_2567,บริษัทหลักทรัพย์จัดการกองทุน กรุงศรี จำกัด
KFUSINDFX-I,2026-10-06,13.7882,13.7883,13.7882,160250.96,M0594_2567,บริษัทหลักทรัพย์จัดการกองทุน กรุงศรี จำกัด
KFUSINDFXRMF,2026-10-06,13.7891,13.7892,13.7891,598519330.2,M0596_2567,บริษัทหลักทรัพย์จัดการกองทุน กรุงศรี จำกัด
KFUSINDX-A,2026-10-06,27.6765,27.815,27.6765,2563923879.48,M0071_2560,บริษัทหลักทรัพย์จัดการกองทุน กรุงศรี จำกัด
KFUSINDX-I,2026-10-06,27.6788,27.6789,27.6788,57890845.23,M0071_2560,บริษัทหลักทรัพย์จัดการกองทุน กรุงศรี จำกัด
KFUSRMF,2026-10-05,5.9019,5.902,5.9019,140138018.13,M0385_2564,บริษัทหลักทรัพย์จัดการกองทุน กรุงศรี จำกัด
KFUSSSF,2026-10-05,5.9333,5.9334,5.9036,96094306.86,M0387_2564,บริษัทหลักทรัพย์จัดการกองทุน กรุงศรี จำกัด
KFVALUE-A,2026-10-07,30.9179,30.918,30.9179,522488713.32,M0072_2547,บริษัทหลักทรัพย์จัดการกองทุน กรุงศรี จำกัด
KFVALUE-I,2026-10-07,30.9178,30.9179,30.9178,52637.04,M0072_2547,บริษัทหลักทรัพย์จัดการกองทุน กรุงศรี จำกัด
KFVIET-A,2026-10-06,8.799,8.9311,8.799,1386973015.76,M0107_2561,บริษัทหลักทรัพย์จัดการกองทุน กรุงศรี จำกัด
KFVIET-I,2026-10-06,8.8005,8.8006,8.8005,582411558.2,M0107_2561,บริษัทหลักทรัพย์จัดการกองทุน กรุงศรี จำกัด
KFVIETRMF,2026-10-06,8.8372,8.8373,8.8372,435546507.55,M0424_2565,บริษัทหลักทรัพย์จัดการกองทุน กรุงศรี จำกัด
KFVIETSSF,2026-10-06,8.8888,8.8889,8.8444,158671269.47,M0425_2565,บริษัทหลักทรัพย์จัดการกองทุน กรุงศรี จำกัด
KFYENJAI-A,2026-10-07,10.6216,10.6501,10.6216,2030593700.85,M0171_2565,บริษัทหลักทรัพย์จัดการกองทุน กรุงศรี จำกัด
KKF,2026-10-07,3.4045,3.4046,3.379,11621173.99,M0036_2537,บริษัทหลักทรัพย์จัดการกองทุน ยูโอบี (ประเทศไทย) จำกัด
KKP AAA CLO-USD,2026-10-05,10.3485,10.3589,10.3485,35581228.65,M1063_2568,บริษัทหลักทรัพย์จัดการกองทุน เกียรตินาคินภัทร จำกัด
KKP ACT EQ-A,2026-10-07,18.0471,18.1374,18.0471,17215261.23,M0582_2554,บริษัทหลักทรัพย์จัดการกองทุน เกียรตินาคินภัทร จำกัด
KKP ACT EQ-D,2026-10-07,14.6708,14.7443,14.6708,166561702.8,M0582_2554,บริษัทหลักทรัพย์จัดการกองทุน เกียรตินาคินภัทร จำกัด
KKP ACT EQ-F,2026-10-07,15.5135,15.5136,15.5135,0,M0582_2554,บริษัทหลักทรัพย์จัดการกองทุน เกียรตินาคินภัทร จำกัด
KKP ACT EQ-M,2026-10-07,15.5135,15.5136,15.5135,0.01,M0582_2554,บริษัทหลักทรัพย์จัดการกองทุน เกียรตินาคินภัทร จำกัด
KKP ACT EQ-SSF,2026-10-07,17.5609,17.561,17.5609,61338900.25,M0582_2554,บริษัทหลักทรัพย์จัดการกองทุน เกียรตินาคินภัทร จำกัด
KKP ACT FIXED,2026-10-07,12.45,12.4501,12.45,6904620595.59,M0526_2558,บริษัทหลักทรัพย์จัดการกองทุน เกียรตินาคินภัทร จำกัด
KKP ACT FIXED-ES,2026-10-07,12.4872,12.4873,12.4872,45405937.9,M0526_2558,บริษัทหลักทรัพย์จัดการกองทุน เกียรตินาคินภัทร จำกัด
KKP ACT FIXED-F,2026-10-07,12.7847,12.7848,12.7847,159453448.55,M0526_2558,บริษัทหลักทรัพย์จัดการกองทุน เกียรตินาคินภัทร จำกัด
KKP ACT FIXED-M,2026-10-07,12.4572,12.4573,12.4572,0.3,M0526_2558,บริษัทหลักทรัพย์จัดการกองทุน เกียรตินาคินภัทร จำกัด
KKP ACT FIXED-SSF,2026-10-07,12.4516,12.4517,12.4516,453084190.96,M0526_2558,บริษัทหลักทรัพย์จัดการกองทุน เกียรตินาคินภัทร จำกัด
KKP BL THAI ESGX,2026-10-07,12.3592,12.3593,12.3592,23817682.77,M0466_2568,บริษัทหลักทรัพย์จัดการกองทุน เกียรตินาคินภัทร จำกัด
KKP BL THAI ESGX-2568,2026-10-07,12.3588,12.3589,12.3588,414934684.64,M0466_2568,บริษัทหลักทรัพย์จัดการกองทุน เกียรตินาคินภัทร จำกัด
KKP BL THAI ESGX-for LTF,2026-10-07,12.3588,12.3589,12.3588,809669913.25,M0466_2568,บริษัทหลักทรัพย์จัดการกองทุน เกียรตินาคินภัทร จำกัด
KKP BLRMF,2026-10-07,30.4175,30.4176,30.4175,250603522.0,M0423_2547,บริษัทหลักทรัพย์จัดการกองทุน เกียรตินาคินภัทร จำกัด
KKP CASH,2026-10-07,10.2809,10.281,10.2809,4704205059.72,M0501_2567,บริษัทหลักทรัพย์จัดการกองทุน เกียรตินาคินภัทร จำกัด
KKP CASH-F,2026-10-07,10.2809,10.281,10.2809,0,M0501_2567,บริษัทหลักทรัพย์จัดการกองทุน เกียรตินาคินภัทร จำกัด
KKP CASH-SSF,2026-10-07,10.2813,10.2814,10.2813,21338585.87,M0501_2567,บริษัทหลักทรัพย์จัดการกองทุน เกียรตินาคินภัทร จำกัด
KKP CAT-UI,2026-10-05,10.4638,10.5685,10.4638,500410060.21,M0694_2568,บริษัทหลักทรัพย์จัดการกองทุน เกียรตินาคินภัทร จำกัด
KKP CAT-USD-UI,2026-10-05,10.7561,10.8638,10.7561,3909860.1,M0843_2568,บริษัทหลักทรัพย์จัดการกองทุน เกียรตินาคินภัทร จำกัด
KKP CHINA-H,2026-10-06,10.0736,10.0989,10.0736,42326864.11,M0432_2565,บริษัทหลักทรัพย์จัดการกองทุน เกียรตินาคินภัทร จำกัด
KKP CHINA-H-F,2026-10-06,10.0735,10.0736,10.0735,0,M0432_2565,บริษัทหลักทรัพย์จัดการกองทุน เกียรตินาคินภัทร จำกัด
KKP CHINA-H-SSF,2026-10-06,10.0734,10.0735,10.0734,22851532.85,M0432_2565,บริษัทหลักทรัพย์จัดการกองทุน เกียรตินาคินภัทร จำกัด
KKP CNGROWTH-H,2026-09-30,9.4979,9.6405,9.4979,253568326.59,M0702_2569,บริษัทหลักทรัพย์จัดการกองทุน เกียรตินาคินภัทร จำกัด
KKP CNGROWTH-UH,2026-09-30,9.4819,9.6242,9.4819,3214085688.58,M0748_2569,บริษัทหลักทรัพย์จัดการกองทุน เกียรตินาคินภัทร จำกัด
KKP CorePath Balanced,2026-10-01,17.9946,18.091,17.9946,10298093737.95,M0209_2554,บริษัทหลักทรัพย์จัดการกองทุน เกียรตินาคินภัทร จำกัด
KKP CorePath Balanced RMF,2026-10-01,12.9086,12.9087,12.9086,602882411.53,M0184_2561,บริษัทหลักทรัพย์จัดการกองทุน เกียรตินาคินภัทร จำกัด
KKP CorePath Balanced-ES,2026-10-01,17.9958,17.9959,17.9958,70412512.48,M0209_2554,บริษัทหลักทรัพย์จัดการกองทุน เกียรตินาคินภัทร จำกัด
KKP CorePath Balanced-SSF,2026-10-01,17.9934,17.9935,17.9934,212821662.6,M0209_2554,บริษัทหลักทรัพย์จัดการกองทุน เกียรตินาคินภัทร จำกัด
KKP CorePath Extra,2026-10-01,13.0345,13.1043,13.0345,890607989.31,M0471_2561,บริษัทหลักทรัพย์จัดการกองทุน เกียรตินาคินภัทร จำกัด
KKP CorePath Extra-ES,2026-10-01,13.0351,13.0352,13.0351,23140628.87,M0471_2561,บริษัทหลักทรัพย์จัดการกองทุน เกียรตินาคินภัทร จำกัด
KKP CorePath Extra-SSF,2026-10-01,13.0407,13.0408,13.0407,63303590.12,M0471_2561,บริษัทหลักทรัพย์จัดการกองทุน เกียรตินาคินภัทร จำกัด
KKP CorePath Light,2026-10-01,11.978,12.0101,11.978,2183644042.15,M0512_2561,บริษัทหลักทรัพย์จัดการกองทุน เกียรตินาคินภัทร จำกัด
KKP CorePath Light-ES,2026-10-01,11.9786,11.9787,11.9786,30716667.75,M0512_2561,บริษัทหลักทรัพย์จัดการกองทุน เกียรตินาคินภัทร จำกัด
KKP CorePath Light-SSF,2026-10-01,11.9786,11.9787,11.9786,16732257.89,M0512_2561,บริษัทหลักทรัพย์จัดการกองทุน เกียรตินาคินภัทร จำกัด
KKP CorePath Ultra Light,2026-10-05,11.0381,11.0677,11.0381,636326942.21,M0742_2562,บริษัทหลักทรัพย์จัดการกองทุน เกียรตินาคินภัทร จำกัด
KKP CorePath Ultra Light-ES,2026-10-05,11.0384,11.0385,11.0384,22367942.44,M0742_2562,บริษัทหลักทรัพย์จัดการกองทุน เกียรตินาคินภัทร จำกัด
KKP CorePath Ultra Light-SSF,2026-10-05,11.0382,11.0383,11.0382,4462834.06,M0742_2562,บริษัทหลักทรัพย์จัดการกองทุน เกียรตินาคินภัทร จำกัด
KKP DIVIDEND,2026-10-07,14.1339,14.2047,14.1339,102023035.74,M0376_2555,บริษัทหลักทรัพย์จัดการกองทุน เกียรตินาคินภัทร จำกัด
KKP DIVIDEND-F,2026-10-07,14.134,14.1341,14.134,0,M0376_2555,บริษัทหลักทรัพย์จัดการกองทุน เกียรตินาคินภัทร จำกัด
KKP DIVIDEND-M,2026-10-07,14.134,14.1341,14.134,0,M0376_2555,บริษัทหลักทรัพย์จัดการกองทุน เกียรตินาคินภัทร จำกัด
KKP DIVIDEND-SSF,2026-10-07,14.1345,14.1346,14.1345,23790097.75,M0376_2555,บริษัทหลักทรัพย์จัดการกองทุน เกียรตินาคินภัทร จำกัด
KKP EMXCN-H,2026-10-06,16.8422,16.9265,16.8422,272389551.48,M0077_2567,บริษัทหลักทรัพย์จัดการกองทุน เกียรตินาคินภัทร จำกัด
KKP EMXCN-H-M,2026-10-06,16.8422,16.8423,16.8422,0,M0077_2567,บริษัทหลักทรัพย์จัดการกองทุน เกียรตินาคินภัทร จำกัด
KKP EMXCN-H-SSF,2026-10-06,16.8425,16.8426,16.8425,8479990.23,M0077_2567,บริษัทหลักทรัพย์จัดการกองทุน เกียรตินาคินภัทร จำกัด
KKP EMXCN-UH,2026-10-06,17.3217,17.4084,17.3217,311340634.01,M0080_2567,บริษัทหลักทรัพย์จัดการกองทุน เกียรตินาคินภัทร จำกัด
KKP EMXCN-UH-M,2026-10-06,17.3217,17.3218,17.3217,0.07,M0080_2567,บริษัทหลักทรัพย์จัดการกองทุน เกียรตินาคินภัทร จำกัด
KKP EMXCN-UH-SSF,2026-10-06,17.3221,17.3222,17.3221,10951092.09,M0080_2567,บริษัทหลักทรัพย์จัดการกองทุน เกียรตินาคินภัทร จำกัด
KKP EQ THAI ESG,2026-10-07,10.861,10.8611,10.861,578947664.51,M0851_2566,บริษัทหลักทรัพย์จัดการกองทุน เกียรตินาคินภัทร จำกัด
KKP EQRMF,2026-10-07,44.938,44.9381,44.938,1514663906.49,M0426_2547,บริษัทหลักทรัพย์จัดการกองทุน เกียรตินาคินภัทร จำกัด
KKP EUROPE-H,2026-10-05,10.3934,10.5234,10.3934,14836378.07,M0022_2569,บริษัทหลักทรัพย์จัดการกองทุน เกียรตินาคินภัทร จำกัด
KKP EUROPE-UH,2026-10-05,10.5983,10.7309,10.5983,52316443.81,M0023_2569,บริษัทหลักทรัพย์จัดการกองทุน เกียรตินาคินภัทร จำกัด
KKP EWUS500-UH,2026-10-06,11.1278,11.1835,11.1278,163267667.99,M0965_2567,บริษัทหลักทรัพย์จัดการกองทุน เกียรตินาคินภัทร จำกัด
KKP EWUS500-UH-M,2026-10-06,11.1278,11.1279,11.1278,0.32,M0965_2567,บริษัทหลักทรัพย์จัดการกองทุน เกียรตินาคินภัทร จำกัด
KKP EWUS500-UH-SSF,2026-10-06,11.128,11.1281,11.128,3719486.7,M0965_2567,บริษัทหลักทรัพย์จัดการกองทุน เกียรตินาคินภัทร จำกัด
KKP G-HYB-H-UI,2026-10-06,9.7234,9.7721,9.7234,154088919.76,M0089_2564,บริษัทหลักทรัพย์จัดการกองทุน เกียรตินาคินภัทร จำกัด
KKP G-HYB-H-UI-R,2026-10-06,9.7234,9.7721,9.7234,3.77,M0089_2564,บริษัทหลักทรัพย์จัดการกองทุน เกียรตินาคินภัทร จำกัด
KKP G-THEME-H,2026-10-06,8.7365,8.8114,8.7365,229238427.1,M0604_2563,บริษัทหลักทรัพย์จัดการกองทุน เกียรตินาคินภัทร จำกัด
KKP G-THEME-H-F,2026-10-06,8.7365,8.7366,8.7365,192.77,M0604_2563,บริษัทหลักทรัพย์จัดการกองทุน เกียรตินาคินภัทร จำกัด
KKP G-THEME-H-SSF,2026-10-06,8.7372,8.7373,8.7372,8021004.53,M0604_2563,บริษัทหลักทรัพย์จัดการกองทุน เกียรตินาคินภัทร จำกัด
KKP G-UBOND-H,2026-10-06,10.094,10.1698,10.094,204914119.54,M0518_2560,บริษัทหลักทรัพย์จัดการกองทุน เกียรตินาคินภัทร จำกัด
KKP G-UBOND-H-F,2026-10-06,10.0941,10.0942,10.0941,12.5,M0518_2560,บริษัทหลักทรัพย์จัดการกองทุน เกียรตินาคินภัทร จำกัด
KKP G-UBOND-H-M,2026-10-06,10.0941,10.0942,10.0941,0.38,M0518_2560,บริษัทหลักทรัพย์จัดการกองทุน เกียรตินาคินภัทร จำกัด
KKP G-UBOND-H-SSF,2026-10-06,10.0979,10.098,10.0979,3899671.94,M0518_2560,บริษัทหลักทรัพย์จัดการกองทุน เกียรตินาคินภัทร จำกัด
KKP GAG-UI-M,2026-10-01,11.1735,11.1736,11.1735,5149156340.9,M0723_2568,บริษัทหลักทรัพย์จัดการกองทุน เกียรตินาคินภัทร จำกัด
KKP GB THAI ESG,2026-10-07,10.9784,10.9785,10.9784,9608912895.04,M0840_2566,บริษัทหลักทรัพย์จัดการกองทุน เกียรตินาคินภัทร จำกัด
KKP GBA-UI-M,2026-10-01,10.7599,10.76,10.7599,14927404758.41,M0537_2568,บริษัทหลักทรัพย์จัดการกองทุน เกียรตินาคินภัทร จำกัด
KKP GC-UI,2026-10-05,10.6658,10.7726,10.6658,950269159.53,M0878_2566,บริษัทหลักทรัพย์จัดการกองทุน เกียรตินาคินภัทร จำกัด
KKP GC-UI-R,2026-10-05,10.6659,10.7727,10.6659,227401693.96,M0878_2566,บริษัทหลักทรัพย์จัดการกองทุน เกียรตินาคินภัทร จำกัด
KKP GC-USD-UI,2026-10-05,10.123,10.2243,10.123,498016.04,M0913_2568,บริษัทหลักทรัพย์จัดการกองทุน เกียรตินาคินภัทร จำกัด
KKP GCON-UI-M,2026-10-05,9.756,9.7561,9.756,3795421250.1,M0716_2568,บริษัทหลักทรัพย์จัดการกองทุน เกียรตินาคินภัทร จำกัด
KKP GCORE-UI-M,2026-10-05,9.859,9.8591,9.859,9047445082.15,M0726_2568,บริษัทหลักทรัพย์จัดการกองทุน เกียรตินาคินภัทร จำกัด
KKP GENH-UI-M,2026-10-05,10.2846,10.2847,10.2846,4430773164.93,M0730_2568,บริษัทหลักทรัพย์จัดการกองทุน เกียรตินาคินภัทร จำกัด
KKP GGRO-UI-M,2026-10-01,11.4295,11.4296,11.4295,2289371494.25,M0725_2568,บริษัทหลักทรัพย์จัดการกองทุน เกียรตินาคินภัทร จำกัด
KKP GHC-A,2026-10-06,18.3693,18.5531,18.3693,607651953.01,M0109_2551,บริษัทหลักทรัพย์จัดการกองทุน เกียรตินาคินภัทร จำกัด
KKP GHC-D,2026-10-06,16.5001,16.6652,16.5001,102958890.33,M0109_2551,บริษัทหลักทรัพย์จัดการกองทุน เกียรตินาคินภัทร จำกัด
KKP GIMPACT-H,2026-10-06,9.726,9.8428,9.726,32059172.62,M0193_2564,บริษัทหลักทรัพย์จัดการกองทุน เกียรตินาคินภัทร จำกัด
KKP GIMPACT-H-SSF,2026-10-06,9.7264,9.7265,9.7264,7805248.87,M0193_2564,บริษัทหลักทรัพย์จัดการกองทุน เกียรตินาคินภัทร จำกัด
KKP GINFRAEQ-H,2026-10-06,17.3496,17.5232,17.3496,1938721911.96,M0743_2562,บริษัทหลักทรัพย์จัดการกองทุน เกียรตินาคินภัทร จำกัด
KKP GINFRAEQ-H-F,2026-10-06,17.3496,17.3497,17.3496,2.93,M0743_2562,บริษัทหลักทรัพย์จัดการกองทุน เกียรตินาคินภัทร จำกัด
KKP GINFRAEQ-H-M,2026-10-06,17.3496,17.3497,17.3496,0.45,M0743_2562,บริษัทหลักทรัพย์จัดการกองทุน เกียรตินาคินภัทร จำกัด
KKP GINFRAEQ-H-SSF,2026-10-06,17.3503,17.3504,17.3503,14590898.43,M0743_2562,บริษัทหลักทรัพย์จัดการกองทุน เกียรตินาคินภัทร จำกัด
KKP GMOD-UI-M,2026-10-01,10.1499,10.15,10.1499,4310493256.74,M0717_2568,บริษัทหลักทรัพย์จัดการกองทุน เกียรตินาคินภัทร จำกัด
KKP GNP,2026-10-06,26.3058,26.6347,26.3058,6898107153.06,M0645_2558,บริษัทหลักทรัพย์จัดการกองทุน เกียรตินาคินภัทร จำกัด
KKP GNP RMF-H,2026-10-06,19.7226,19.7227,19.7226,832823079.05,M0366_2561,บริษัทหลักทรัพย์จัดการกองทุน เกียรตินาคินภัทร จำกัด
KKP GNP RMF-UH,2026-10-06,23.8059,23.806,23.8059,1228123759.95,M0369_2561,บริษัทหลักทรัพย์จัดการกองทุน เกียรตินาคินภัทร จำกัด
KKP GNP-ES,2026-10-06,26.3063,26.3064,26.3063,41238086.85,M0645_2558,บริษัทหลักทรัพย์จัดการกองทุน เกียรตินาคินภัทร จำกัด
KKP GNP-H,2026-10-06,18.0334,18.2589,18.0334,3508170097.27,M0009_2561,บริษัทหลักทรัพย์จัดการกองทุน เกียรตินาคินภัทร จำกัด
KKP GNP-H-ES,2026-10-06,18.0342,18.0343,18.0342,19068429.77,M0009_2561,บริษัทหลักทรัพย์จัดการกองทุน เกียรตินาคินภัทร จำกัด
KKP GNP-H-F,2026-10-06,18.0337,18.0338,18.0337,50.99,M0009_2561,บริษัทหลักทรัพย์จัดการกองทุน เกียรตินาคินภัทร จำกัด
KKP GNP-H-M,2026-10-06,18.0337,18.0338,18.0337,0,M0009_2561,บริษัทหลักทรัพย์จัดการกองทุน เกียรตินาคินภัทร จำกัด
KKP GNP-H-SSF,2026-10-06,18.038,18.0381,18.038,215780292.87,M0009_2561,บริษัทหลักทรัพย์จัดการกองทุน เกียรตินาคินภัทร จำกัด
KKP GNP-M,2026-10-06,26.306,26.3061,26.306,0.91,M0645_2558,บริษัทหลักทรัพย์จัดการกองทุน เกียรตินาคินภัทร จำกัด
KKP GNP-SSF,2026-10-06,26.3121,26.3122,26.3121,198776202.77,M0645_2558,บริษัทหลักทรัพย์จัดการกองทุน เกียรตินาคินภัทร จำกัด
KKP GVALUE-H,2026-10-06,13.3791,13.5799,13.3791,80436239.73,M0216_2567,บริษัทหลักทรัพย์จัดการกองทุน เกียรตินาคินภัทร จำกัด
KKP GVALUE-H-M,2026-10-06,13.3791,13.3792,13.3791,0,M0216_2567,บริษัทหลักทรัพย์จัดการกองทุน เกียรตินาคินภัทร จำกัด
KKP GVALUE-H-SSF,2026-10-06,13.3795,13.3796,13.3795,3844673.67,M0216_2567,บริษัทหลักทรัพย์จัดการกองทุน เกียรตินาคินภัทร จำกัด
KKP GVALUE-UH,2026-10-06,13.544,13.7473,13.544,478615723.74,M0221_2567,บริษัทหลักทรัพย์จัดการกองทุน เกียรตินาคินภัทร จำกัด
KKP GVALUE-UH-M,2026-10-06,13.544,13.5441,13.544,0,M0221_2567,บริษัทหลักทรัพย์จัดการกองทุน เกียรตินาคินภัทร จำกัด
KKP GVALUE-UH-SSF,2026-10-06,13.5448,13.5449,13.5448,5343752.66,M0221_2567,บริษัทหลักทรัพย์จัดการกองทุน เกียรตินาคินภัทร จำกัด
KKP INCOME-H,2026-10-06,10.2007,10.3334,10.2007,125066799.11,M0488_2564,บริษัทหลักทรัพย์จัดการกองทุน เกียรตินาคินภัทร จำกัด
KKP INCOME-H-M,2026-10-06,10.2007,10.2008,10.2007,0,M0488_2564,บริษัทหลักทรัพย์จัดการกองทุน เกียรตินาคินภัทร จำกัด
KKP INCOME-H-R,2026-10-06,10.2007,10.3334,10.2007,261076718.79,M0488_2564,บริษัทหลักทรัพย์จัดการกองทุน เกียรตินาคินภัทร จำกัด
KKP INCOME-H-SSF,2026-10-06,10.2012,10.2013,10.2012,46542802.32,M0488_2564,บริษัทหลักทรัพย์จัดการกองทุน เกียรตินาคินภัทร จำกัด
KKP INDIA RMF-UH,2026-10-05,8.9064,8.9065,8.9064,16952685.32,M0872_2568,บริษัทหลักทรัพย์จัดการกองทุน เกียรตินาคินภัทร จำกัด
KKP INDIA-H,2026-10-05,7.6522,7.7671,7.6522,43788782.61,M0424_2567,บริษัทหลักทรัพย์จัดการกองทุน เกียรตินาคินภัทร จำกัด
KKP INDIA-H-SSF,2026-10-05,7.6524,7.6525,7.6524,4102976.88,M0424_2567,บริษัทหลักทรัพย์จัดการกองทุน เกียรตินาคินภัทร จำกัด
KKP INDIA-UH,2026-10-05,7.5945,7.7085,7.5945,235268851.84,M0427_2567,บริษัทหลักทรัพย์จัดการกองทุน เกียรตินาคินภัทร จำกัด
KKP INDIA-UH-SSF,2026-10-05,7.5949,7.595,7.5949,8937330.4,M0427_2567,บริษัทหลักทรัพย์จัดการกองทุน เกียรตินาคินภัทร จำกัด
KKP INRMF,2026-10-07,17.1224,17.1225,17.1224,2532908146.29,M0414_2547,บริษัทหลักทรัพย์จัดการกองทุน เกียรตินาคินภัทร จำกัด
KKP MMRMF,2026-10-07,12.5957,12.5958,12.5957,717050752.17,M0669_2552,บริษัทหลักทรัพย์จัดการกองทุน เกียรตินาคินภัทร จำกัด
KKP MP,2026-10-07,12.9868,12.9869,12.9868,41787601871.24,M0135_2551,บริษัทหลักทรัพย์จัดการกองทุน เกียรตินาคินภัทร จำกัด
KKP MP-F,2026-10-07,13.1222,13.1223,13.1222,845846380.65,M0135_2551,บริษัทหลักทรัพย์จัดการกองทุน เกียรตินาคินภัทร จำกัด
KKP MP-SSF,2026-10-07,12.9864,12.9865,12.9864,154416396.44,M0135_2551,บริษัทหลักทรัพย์จัดการกองทุน เกียรตินาคินภัทร จำกัด
KKP NDQ100-H,2026-10-06,18.0814,18.0815,18.0814,1625790475.67,M0530_2564,บริษัทหลักทรัพย์จัดการกองทุน เกียรตินาคินภัทร จำกัด
KKP NDQ100-H-F,2026-10-06,18.0813,18.0814,18.0813,335.74,M0530_2564,บริษัทหลักทรัพย์จัดการกองทุน เกียรตินาคินภัทร จำกัด
KKP NDQ100-H-SSF,2026-10-06,18.0793,18.0794,18.0793,137293816.57,M0530_2564,บริษัทหลักทรัพย์จัดการกองทุน เกียรตินาคินภัทร จำกัด
KKP NDQ100-UH,2026-10-06,19.0039,19.004,19.0039,1825854825.82,M0690_2566,บริษัทหลักทรัพย์จัดการกองทุน เกียรตินาคินภัทร จำกัด
KKP NDQ100-UH-E,2026-10-06,19.1255,19.1563,19.0948,1114954254.5,M0690_2566,บริษัทหลักทรัพย์จัดการกองทุน เกียรตินาคินภัทร จำกัด
KKP NDQ100-UH-F,2026-10-06,19.1248,19.1249,19.1248,993918019.33,M0690_2566,บริษัทหลักทรัพย์จัดการกองทุน เกียรตินาคินภัทร จำกัด
KKP NDQ100-UH-SSF,2026-10-06,18.9543,18.9544,18.9543,66219980.83,M0690_2566,บริษัทหลักทรัพย์จัดการกองทุน เกียรตินาคินภัทร จำกัด
KKP PEQ-UI,2026-09-29,12.1506,0.0,11.5431,4045329047.99,M0578_2567,บริษัทหลักทรัพย์จัดการกองทุน เกียรตินาคินภัทร จำกัด
KKP PGE RMF-H,2026-10-06,13.8795,13.8796,13.8795,657249346.34,M0400_2564,บริษัทหลักทรัพย์จัดการกองทุน เกียรตินาคินภัทร จำกัด
KKP PGE RMF-UH,2026-10-06,14.1137,14.1138,14.1137,675963602.87,M0719_2567,บริษัทหลักทรัพย์จัดการกองทุน เกียรตินาคินภัทร จำกัด
KKP PGE-H,2026-10-06,19.4848,19.4849,19.4848,2707024300.18,M0316_2562,บริษัทหลักทรัพย์จัดการกองทุน เกียรตินาคินภัทร จำกัด
KKP PGE-H-F,2026-10-06,19.4849,19.485,19.4849,107.44,M0316_2562,บริษัทหลักทรัพย์จัดการกองทุน เกียรตินาคินภัทร จำกัด
KKP PGE-H-M,2026-10-06,19.4849,19.485,19.4849,1.53,M0316_2562,บริษัทหลักทรัพย์จัดการกองทุน เกียรตินาคินภัทร จำกัด
KKP PGE-H-SSF,2026-10-06,19.4854,19.4855,19.4854,568102112.6,M0316_2562,บริษัทหลักทรัพย์จัดการกองทุน เกียรตินาคินภัทร จำกัด
KKP PGE-UH,2026-10-06,16.0004,16.0005,16.0004,5060344070.96,M0501_2566,บริษัทหลักทรัพย์จัดการกองทุน เกียรตินาคินภัทร จำกัด
KKP PGE-UH-F,2026-10-06,16.0013,16.0014,16.0013,133.81,M0501_2566,บริษัทหลักทรัพย์จัดการกองทุน เกียรตินาคินภัทร จำกัด
KKP PGE-UH-I,2026-10-06,16.0102,16.0103,16.0102,526364116.58,M0501_2566,บริษัทหลักทรัพย์จัดการกองทุน เกียรตินาคินภัทร จำกัด
KKP PGE-UH-M,2026-10-06,16.0013,16.0014,16.0013,8.3,M0501_2566,บริษัทหลักทรัพย์จัดการกองทุน เกียรตินาคินภัทร จำกัด
KKP PGE-UH-SSF,2026-10-06,16.0007,16.0008,16.0007,200678439.92,M0501_2566,บริษัทหลักทรัพย์จัดการกองทุน เกียรตินาคินภัทร จำกัด
KKP PLUS,2026-10-07,15.2437,15.2438,15.2437,85861059410.82,M0359_2547,บริษัทหลักทรัพย์จัดการกองทุน เกียรตินาคินภัทร จำกัด
KKP PLUS-F,2026-10-07,15.519,15.5191,15.519,701554013.75,M0359_2547,บริษัทหลักทรัพย์จัดการกองทุน เกียรตินาคินภัทร จำกัด
KKP PLUS-M,2026-10-07,15.2459,15.246,15.2459,0.56,M0359_2547,บริษัทหลักทรัพย์จัดการกองทุน เกียรตินาคินภัทร จำกัด
KKP PLUS-SSF,2026-10-07,15.2449,15.245,15.2449,71420018.41,M0359_2547,บริษัทหลักทรัพย์จัดการกองทุน เกียรตินาคินภัทร จำกัด
KKP PREIT-UI,2026-09-30,9.8558,9.9791,0.0,150008542.86,M0371_2565,บริษัทหลักทรัพย์จัดการกองทุน เกียรตินาคินภัทร จำกัด
KKP PREIT-UI-R,2026-09-30,9.8558,9.9791,9.6587,105457982.39,M0371_2565,บริษัทหลักทรัพย์จัดการกองทุน เกียรตินาคินภัทร จำกัด
KKP PROP,2026-10-06,19.4566,19.5053,19.4566,469619695.33,M0773_2554,บริษัทหลักทรัพย์จัดการกองทุน เกียรตินาคินภัทร จำกัด
KKP PROP-D,2026-10-06,10.831,10.8582,10.831,181329702.58,M0529_2556,บริษัทหลักทรัพย์จัดการกองทุน เกียรตินาคินภัทร จำกัด
KKP PROP-D-F,2026-10-06,10.8585,10.8586,10.8585,46.38,M0529_2556,บริษัทหลักทรัพย์จัดการกองทุน เกียรตินาคินภัทร จำกัด
KKP PROP-D-SSF,2026-10-06,11.2172,11.2173,11.2172,14359074.63,M0529_2556,บริษัทหลักทรัพย์จัดการกองทุน เกียรตินาคินภัทร จำกัด
KKP PROPRMF,2026-10-06,17.6778,17.6779,17.5894,286553069.41,M0847_2554,บริษัทหลักทรัพย์จัดการกองทุน เกียรตินาคินภัทร จำกัด
KKP S-PLUS,2026-10-07,10.9287,10.9288,10.9287,48790648003.49,M0058_2565,บริษัทหลักทรัพย์จัดการกองทุน เกียรตินาคินภัทร จำกัด
KKP S-PLUS-F,2026-10-07,10.9287,10.9288,10.9287,0,M0058_2565,บริษัทหลักทรัพย์จัดการกองทุน เกียรตินาคินภัทร จำกัด
KKP S-PLUS-M,2026-10-07,10.9287,10.9288,10.9287,0,M0058_2565,บริษัทหลักทรัพย์จัดการกองทุน เกียรตินาคินภัทร จำกัด
KKP S-PLUS-SSF,2026-10-07,10.9295,10.9296,10.9295,39447483.0,M0058_2565,บริษัทหลักทรัพย์จัดการกองทุน เกียรตินาคินภัทร จำกัด
KKP SELECT-A,2026-10-07,23.0893,23.2048,23.0893,80000.61,M0601_2547,บริษัทหลักทรัพย์จัดการกองทุน เกียรตินาคินภัทร จำกัด
KKP SELECT-D,2026-10-07,22.5848,22.6978,22.5848,100605.0,M0601_2547,บริษัทหลักทรัพย์จัดการกองทุน เกียรตินาคินภัทร จำกัด
KKP SELECT-EXL-D,2026-10-07,22.333,22.3331,22.333,1934375650.23,M0601_2547,บริษัทหลักทรัพย์จัดการกองทุน เกียรตินาคินภัทร จำกัด
KKP SEMICON-H,2026-10-06,32.8413,32.8414,32.8413,2212948156.79,M0241_2564,บริษัทหลักทรัพย์จัดการกองทุน เกียรตินาคินภัทร จำกัด
KKP SEMICON-H-F,2026-10-06,32.8419,32.842,32.8419,9709.85,M0241_2564,บริษัทหลักทรัพย์จัดการกองทุน เกียรตินาคินภัทร จำกัด
KKP SEMICON-H-M,2026-10-06,32.8419,32.842,32.8419,0.07,M0241_2564,บริษัทหลักทรัพย์จัดการกองทุน เกียรตินาคินภัทร จำกัด
KKP SEMICON-H-SSF,2026-10-06,32.8476,32.8477,32.8476,208292306.32,M0241_2564,บริษัทหลักทรัพย์จัดการกองทุน เกียรตินาคินภัทร จำกัด
KKP SET50 ESG,2026-10-07,15.7536,15.7537,15.7536,398302079.63,M0164_2563,บริษัทหลักทรัพย์จัดการกองทุน เกียรตินาคินภัทร จำกัด
KKP SET50 ESG-E,2026-10-07,15.863,15.897,15.863,22499860.71,M0164_2563,บริษัทหลักทรัพย์จัดการกองทุน เกียรตินาคินภัทร จำกัด
KKP SET50 ESG-F,2026-10-07,15.7545,15.7546,15.7545,0,M0164_2563,บริษัทหลักทรัพย์จัดการกองทุน เกียรตินาคินภัทร จำกัด
KKP SET50 ESG-SSF,2026-10-07,15.7526,15.7527,15.7526,271399276.35,M0164_2563,บริษัทหลักทรัพย์จัดการกองทุน เกียรตินาคินภัทร จำกัด
KKP SET50 ESG-SSFX,2026-10-07,15.7518,15.7519,15.7518,553494847.43,M0164_2563,บริษัทหลักทรัพย์จัดการกองทุน เกียรตินาคินภัทร จำกัด
KKP SIB-H,2026-10-06,9.9329,10.0323,9.9329,417356737.06,M0826_2567,บริษัทหลักทรัพย์จัดการกองทุน เกียรตินาคินภัทร จำกัด
KKP SIB-H-M,2026-10-06,9.9329,9.933,9.9329,1.0,M0826_2567,บริษัทหลักทรัพย์จัดการกองทุน เกียรตินาคินภัทร จำกัด
KKP SIB-H-SSF,2026-10-06,9.933,9.9331,9.933,1603905.61,M0826_2567,บริษัทหลักทรัพย์จัดการกองทุน เกียรตินาคินภัทร จำกัด
KKP SIB-UH,2026-10-06,10.5574,10.6631,10.5574,461384132.2,M0829_2567,บริษัทหลักทรัพย์จัดการกองทุน เกียรตินาคินภัทร จำกัด
KKP SIB-UH-M,2026-10-06,10.5574,10.5575,10.5574,0,M0829_2567,บริษัทหลักทรัพย์จัดการกองทุน เกียรตินาคินภัทร จำกัด
KKP SIB-UH-SSF,2026-10-06,10.5576,10.5577,10.5576,3077777.38,M0829_2567,บริษัทหลักทรัพย์จัดการกองทุน เกียรตินาคินภัทร จำกัด
KKP SIB-USD,2026-10-06,10.2639,10.3666,10.2639,12281105.21,M0207_2568,บริษัทหลักทรัพย์จัดการกองทุน เกียรตินาคินภัทร จำกัด
KKP SM CAP,2026-10-07,15.1138,15.265,15.1138,291429286.43,M0363_2559,บริษัทหลักทรัพย์จัดการกองทุน เกียรตินาคินภัทร จำกัด
KKP SM CAP-F,2026-10-07,15.1138,15.1139,15.1138,0,M0363_2559,บริษัทหลักทรัพย์จัดการกองทุน เกียรตินาคินภัทร จำกัด
KKP SM CAP-M,2026-10-07,15.1138,15.1139,15.1138,0,M0363_2559,บริษัทหลักทรัพย์จัดการกองทุน เกียรตินาคินภัทร จำกัด
KKP SM CAP-SSF,2026-10-07,15.1143,15.1144,15.1143,4739857.7,M0363_2559,บริษัทหลักทรัพย์จัดการกองทุน เกียรตินาคินภัทร จำกัด
KKP SMART MV,2026-10-07,12.1356,12.1357,12.1356,58129625.66,M0078_2559,บริษัทหลักทรัพย์จัดการกองทุน เกียรตินาคินภัทร จำกัด
KKP SMART MV-L,2026-10-07,12.8709,12.871,12.8709,29418.95,M0561_2559,บริษัทหลักทรัพย์จัดการกองทุน เกียรตินาคินภัทร จำกัด
KKP SMART MV-L-EXL,2026-10-07,12.8675,12.8676,12.8675,106206316.33,M0561_2559,บริษัทหลักทรัพย์จัดการกองทุน เกียรตินาคินภัทร จำกัด
KKP SMART MV-M,2026-10-07,12.1356,12.1357,12.1356,0,M0078_2559,บริษัทหลักทรัพย์จัดการกองทุน เกียรตินาคินภัทร จำกัด
KKP SMART MV-SSF,2026-10-07,12.1359,12.136,12.1359,8361864.76,M0078_2559,บริษัทหลักทรัพย์จัดการกองทุน เกียรตินาคินภัทร จำกัด
KKP TECH RMF-H,2026-10-06,20.4065,20.4066,20.4065,713439310.07,M0463_2564,บริษัทหลักทรัพย์จัดการกองทุน เกียรตินาคินภัทร จำกัด
KKP TECH-H,2026-10-06,28.4517,28.5229,28.4517,2353823929.59,M0471_2563,บริษัทหลักทรัพย์จัดการกองทุน เกียรตินาคินภัทร จำกัด
KKP TECH-H-F,2026-10-06,28.4672,28.4673,28.4672,120295597.23,M0471_2563,บริษัทหลักทรัพย์จัดการกองทุน เกียรตินาคินภัทร จำกัด
KKP TECH-H-M,2026-10-06,28.4536,28.4537,28.4536,0.06,M0471_2563,บริษัทหลักทรัพย์จัดการกองทุน เกียรตินาคินภัทร จำกัด
KKP TECH-H-SSF,2026-10-06,28.4584,28.4585,28.4584,607341811.79,M0471_2563,บริษัทหลักทรัพย์จัดการกองทุน เกียรตินาคินภัทร จำกัด
KKP TECH-UH,2026-10-06,19.3089,19.4055,19.3089,658366110.65,M0605_2567,บริษัทหลักทรัพย์จัดการกองทุน เกียรตินาคินภัทร จำกัด
KKP TECH-UH-F,2026-10-06,19.3089,19.309,19.3089,759.49,M0605_2567,บริษัทหลักทรัพย์จัดการกองทุน เกียรตินาคินภัทร จำกัด
KKP TECH-UH-M,2026-10-06,19.3089,19.309,19.3089,0,M0605_2567,บริษัทหลักทรัพย์จัดการกองทุน เกียรตินาคินภัทร จำกัด
KKP TECH-UH-SSF,2026-10-06,19.3084,19.3085,19.3084,24777251.68,M0605_2567,บริษัทหลักทรัพย์จัดการกองทุน เกียรตินาคินภัทร จำกัด
KKP US500 RMF-UH,2026-10-06,12.1226,12.1227,12.1226,182682465.3,M0869_2568,บริษัทหลักทรัพย์จัดการกองทุน เกียรตินาคินภัทร จำกัด
KKP US500-H,2026-10-06,14.138,14.1734,14.138,787665980.31,M0298_2567,บริษัทหลักทรัพย์จัดการกองทุน เกียรตินาคินภัทร จำกัด
KKP US500-H-M,2026-10-06,14.138,14.1381,14.138,0,M0298_2567,บริษัทหลักทรัพย์จัดการกองทุน เกียรตินาคินภัทร จำกัด
KKP US500-H-SSF,2026-10-06,14.1385,14.1386,14.1385,20146208.72,M0298_2567,บริษัทหลักทรัพย์จัดการกองทุน เกียรตินาคินภัทร จำกัด
KKP US500-UH,2026-10-06,13.9801,14.0501,13.9801,2419197408.01,M0301_2567,บริษัทหลักทรัพย์จัดการกองทุน เกียรตินาคินภัทร จำกัด
KKP US500-UH-E,2026-10-06,14.1274,14.1653,14.0896,1103583978.88,M0301_2567,บริษัทหลักทรัพย์จัดการกองทุน เกียรตินาคินภัทร จำกัด
KKP US500-UH-M,2026-10-06,14.0255,14.0256,14.0255,0.54,M0301_2567,บริษัทหลักทรัพย์จัดการกองทุน เกียรตินาคินภัทร จำกัด
KKP US500-UH-SSF,2026-10-06,13.9806,13.9807,13.9806,32609905.7,M0301_2567,บริษัทหลักทรัพย์จัดการกองทุน เกียรตินาคินภัทร จำกัด
KKP VGF-UI,2026-10-06,8.3088,8.4086,8.3088,4913415825.88,M0549_2564,บริษัทหลักทรัพย์จัดการกองทุน เกียรตินาคินภัทร จำกัด
KKP VIETNAM,2026-10-07,9.6232,9.7676,9.6232,125594693.37,M1015_2567,บริษัทหลักทรัพย์จัดการกองทุน เกียรตินาคินภัทร จำกัด
KKP WIN-UH,2026-10-06,11.5579,11.6736,11.5579,482406612.1,M0403_2569,บริษัทหลักทรัพย์จัดการกองทุน เกียรตินาคินภัทร จำกัด
KKP WIN-UH-R,2026-10-06,11.5576,11.6733,11.5576,1514226114.0,M0403_2569,บริษัทหลักทรัพย์จัดการกองทุน เกียรตินาคินภัทร จำกัด
KPLUS,2026-10-07,6.8491,6.8492,6.8491,133902322.95,M0001_2536,บริษัทหลักทรัพย์จัดการกองทุน ยูโอบี (ประเทศไทย) จำกัด
KPLUS2,2026-10-07,6.6413,6.6414,6.6413,62926657.61,M0052_2536,บริษัทหลักทรัพย์จัดการกองทุน ยูโอบี (ประเทศไทย) จำกัด
KPVDEQ,2026-10-07,11.0121,11.0122,11.0121,124913598.35,M0427_2562,บริษัทหลักทรัพย์จัดการกองทุน กสิกรไทย จำกัด
KPVDFI,2026-10-07,11.9587,11.9588,11.9587,4227974066.41,M0434_2562,บริษัทหลักทรัพย์จัดการกองทุน กสิกรไทย จำกัด
KPVDSF,2026-10-07,11.4729,11.473,11.4729,1551050549.1,M0430_2562,บริษัทหลักทรัพย์จัดการกองทุน กสิกรไทย จำกัด
KSRMF,2026-10-07,25.4873,25.4874,25.4873,412422664.93,M0380_2549,บริษัทหลักทรัพย์จัดการกองทุน กรุงไทย จำกัด (มหาชน)
KT-AASIA-A,2026-10-06,20.8268,21.1393,20.8268,958778790.8,M0392_2558,บริษัทหลักทรัพย์จัดการกองทุน กรุงไทย จำกัด (มหาชน)
KT-AGRIANDFOOD,2026-10-06,7.8942,8.0127,7.8942,449083788.12,M0214_2554,บริษัทหลักทรัพย์จัดการกองทุน กรุงไทย จำกัด (มหาชน)
KT-ARB-A,2026-10-06,10.0972,10.2053,10.0972,36446387.55,M0062_2566,บริษัทหลักทรัพย์จัดการกองทุน กรุงไทย จำกัด (มหาชน)
KT-ARE,2026-10-06,9.6963,9.7934,9.6963,1649026680.6,M0175_2569,บริษัทหลักทรัพย์จัดการกองทุน กรุงไทย จำกัด (มหาชน)
KT-ASEAN-A,2026-10-06,13.2444,13.4432,13.2444,95177824.65,M0124_2558,บริษัทหลักทรัพย์จัดการกองทุน กรุงไทย จำกัด (มหาชน)
KT-ASEAN-SSF,2026-10-06,13.2262,13.2263,13.2262,6194419.46,M0124_2558,บริษัทหลักทรัพย์จัดการกองทุน กรุงไทย จำกัด (มหาชน)
KT-ASIAG-A,2026-10-06,9.6048,9.749,9.6048,2420210045.21,M0009_2564,บริษัทหลักทรัพย์จัดการกองทุน กรุงไทย จำกัด (มหาชน)
KT-ASIAG-SSF,2026-10-06,9.5911,9.5912,9.5911,38533244.44,M0009_2564,บริษัทหลักทรัพย์จัดการกองทุน กรุงไทย จำกัด (มหาชน)
KT-ASIANBOND-A,2026-10-06,10.1456,10.1964,10.1456,81040997.53,M0557_2564,บริษัทหลักทรัพย์จัดการกองทุน กรุงไทย จำกัด (มหาชน)
KT-Ashares RMF,2026-09-30,6.7243,6.7244,6.7243,833692319.02,M0546_2563,บริษัทหลักทรัพย์จัดการกองทุน กรุงไทย จำกัด (มหาชน)
KT-Ashares-A,2026-09-30,7.9821,8.1019,7.9821,8432213994.99,M0338_2563,บริษัทหลักทรัพย์จัดการกองทุน กรุงไทย จำกัด (มหาชน)
KT-Ashares-SSF,2026-09-30,7.9756,7.9757,7.9756,42229359.93,M0338_2563,บริษัทหลักทรัพย์จัดการกองทุน กรุงไทย จำกัด (มหาชน)
KT-BAI,2026-10-06,10.2688,10.3129,10.2578,81066131.49,M0629_2569,บริษัทหลักทรัพย์จัดการกองทุน กรุงไทย จำกัด (มหาชน)
KT-BLOCKCHAIN-A,2026-10-06,14.716,14.879,14.7003,679638165.29,M0055_2565,บริษัทหลักทรัพย์จัดการกองทุน กรุงไทย จำกัด (มหาชน)
KT-BOND,2026-10-06,10.4249,10.5032,10.4249,447594800.3,M0758_2554,บริษัทหลักทรัพย์จัดการกองทุน กรุงไทย จำกัด (มหาชน)
KT-BOND RMF,2026-10-06,9.036,9.0361,9.036,120905944.19,M0886_2555,บริษัทหลักทรัพย์จัดการกองทุน กรุงไทย จำกัด (มหาชน)
KT-BRAIN RMF,2026-10-07,8.2727,8.2728,8.2727,44389906.45,M0374_2561,บริษัทหลักทรัพย์จัดการกองทุน กรุงไทย จำกัด (มหาชน)
KT-BRAIN-A,2026-10-07,7.81,7.8882,7.81,107155996.88,M0336_2561,บริษัทหลักทรัพย์จัดการกองทุน กรุงไทย จำกัด (มหาชน)
KT-BTCETFFOF-UI-A,2026-10-06,8.4811,8.5751,8.472,143138225.2,M0493_2567,บริษัทหลักทรัพย์จัดการกองทุน กรุงไทย จำกัด (มหาชน)
KT-CARE-A,2026-10-07,9.4904,9.538,9.4904,61413473.42,M0180_2562,บริษัทหลักทรัพย์จัดการกองทุน กรุงไทย จำกัด (มหาชน)
KT-CATBOND-UI,2026-10-05,10.506,10.6637,10.506,10503985.98,M0741_2568,บริษัทหลักทรัพย์จัดการกองทุน กรุงไทย จำกัด (มหาชน)
KT-CATBONDUH-UI,2026-10-05,10.974,11.1387,10.974,13804388.75,M0742_2568,บริษัทหลักทรัพย์จัดการกองทุน กรุงไทย จำกัด (มหาชน)
KT-CHINA RMF,2026-10-06,7.1536,7.1537,7.1536,689093294.88,M0586_2560,บริษัทหลักทรัพย์จัดการกองทุน กรุงไทย จำกัด (มหาชน)
KT-CHINA-A,2026-10-06,8.8053,8.9375,8.8053,3649620375.1,M0087_2560,บริษัทหลักทรัพย์จัดการกองทุน กรุงไทย จำกัด (มหาชน)
KT-CHINA-SSF,2026-10-06,8.8001,8.8002,8.8001,37948096.52,M0087_2560,บริษัทหลักทรัพย์จัดการกองทุน กรุงไทย จำกัด (มหาชน)
KT-CHINABOND-A,2026-09-29,9.7404,9.8136,9.7404,1122978802.42,M0136_2564,บริษัทหลักทรัพย์จัดการกองทุน กรุงไทย จำกัด (มหาชน)
KT-CHINABOND-SSF,2026-09-29,9.7365,9.7366,9.7365,1651669.34,M0136_2564,บริษัทหลักทรัพย์จัดการกองทุน กรุงไทย จำกัด (มหาชน)
KT-CLIMATE RMF,2026-10-06,9.8866,9.8867,9.8866,104279938.89,M0471_2564,บริษัทหลักทรัพย์จัดการกองทุน กรุงไทย จำกัด (มหาชน)
KT-CLIMATE-A,2026-10-06,10.8407,11.0034,10.8407,248494292.38,M0061_2564,บริษัทหลักทรัพย์จัดการกองทุน กรุงไทย จำกัด (มหาชน)
KT-CLIMATE-SSF,2026-10-06,10.8289,10.829,10.8289,46708872.34,M0061_2564,บริษัทหลักทรัพย์จัดการกองทุน กรุงไทย จำกัด (มหาชน)
KT-CLMVT-A,2026-10-07,15.5226,15.7555,15.5226,228313640.41,M0559_2559,บริษัทหลักทรัพย์จัดการกองทุน กรุงไทย จำกัด (มหาชน)
KT-CLMVT-D,2026-10-07,8.9372,9.0714,8.9372,304313481.3,M0559_2559,บริษัทหลักทรัพย์จัดการกองทุน กรุงไทย จำกัด (มหาชน)
KT-CSBOND-A,2026-10-06,11.5266,11.6131,11.5266,347730833.32,M0168_2561,บริษัทหลักทรัพย์จัดการกองทุน กรุงไทย จำกัด (มหาชน)
KT-DHINCOME-A,2026-10-06,11.6573,11.8323,11.6573,4452017.17,M0215_2561,บริษัทหลักทรัพย์จัดการกองทุน กรุงไทย จำกัด (มหาชน)
KT-EMEQ-A,2026-10-05,13.5295,13.7325,13.5295,485508457.23,M0259_2562,บริษัทหลักทรัพย์จัดการกองทุน กรุงไทย จำกัด (มหาชน)
KT-ENERGY-A,2026-10-06,18.1171,18.389,18.1171,672980530.46,M0243_2552,บริษัทหลักทรัพย์จัดการกองทุน กรุงไทย จำกัด (มหาชน)
KT-EPIC-A,2026-10-05,12.2031,12.3252,12.2031,204510896.19,M0007_2565,บริษัทหลักทรัพย์จัดการกองทุน กรุงไทย จำกัด (มหาชน)
KT-ESG RMF,2026-10-07,10.7568,10.7569,10.7568,151425754.41,M0615_2562,บริษัทหลักทรัพย์จัดการกองทุน กรุงไทย จำกัด (มหาชน)
KT-ESG-A,2026-10-07,11.1545,11.1944,11.1426,146748872.54,M0591_2562,บริษัทหลักทรัพย์จัดการกองทุน กรุงไทย จำกัด (มหาชน)
KT-EURO50-A,2026-10-06,13.5115,13.5936,13.497,85138593.28,M0478_2567,บริษัทหลักทรัพย์จัดการกองทุน กรุงไทย จำกัด (มหาชน)
KT-EUROSM,2026-10-06,20.7227,21.0336,20.7227,636556788.6,M0980_2556,บริษัทหลักทรัพย์จัดการกองทุน กรุงไทย จำกัด (มหาชน)
KT-EUROTECH-A,2026-10-06,10.8808,11.0441,10.8808,372334399.68,M0319_2564,บริษัทหลักทรัพย์จัดการกองทุน กรุงไทย จำกัด (มหาชน)
KT-EUROTECH-SSF,2026-10-06,10.8705,10.8706,10.8705,53257567.9,M0319_2564,บริษัทหลักทรัพย์จัดการกองทุน กรุงไทย จำกัด (มหาชน)
KT-FINANCE-A,2026-10-06,35.9627,36.5022,35.9627,975609552.38,M0557_2552,บริษัทหลักทรัพย์จัดการกองทุน กรุงไทย จำกัด (มหาชน)
KT-FINANCE-SSF,2026-10-06,35.9103,35.9104,35.9103,15525771.98,M0557_2552,บริษัทหลักทรัพย์จัดการกองทุน กรุงไทย จำกัด (มหาชน)
KT-FLEX,2026-10-07,13.2438,13.277,13.2438,474375126.85,M0634_2556,บริษัทหลักทรัพย์จัดการกองทุน กรุงไทย จำกัด (มหาชน)
KT-GCINCOME-A,2026-10-06,10.2215,10.2983,10.2215,513909662.28,M0625_2560,บริษัทหลักทรัพย์จัดการกองทุน กรุงไทย จำกัด (มหาชน)
KT-GCINCOME-R,2026-10-06,10.2195,10.2962,10.2195,143834573.53,M0625_2560,บริษัทหลักทรัพย์จัดการกองทุน กรุงไทย จำกัด (มหาชน)
KT-GCINCOME-SSF,2026-10-06,10.2168,10.2169,10.2168,16155809.1,M0625_2560,บริษัทหลักทรัพย์จัดการกองทุน กรุงไทย จำกัด (มหาชน)
KT-GEQ-A,2026-10-06,14.6404,14.6562,14.6247,9621615378.75,M0156_2564,บริษัทหลักทรัพย์จัดการกองทุน กรุงไทย จำกัด (มหาชน)
KT-GEQ-I,2026-10-06,14.6789,14.6947,14.6632,183805002.63,M0156_2564,บริษัทหลักทรัพย์จัดการกองทุน กรุงไทย จำกัด (มหาชน)
KT-GEQ-UHA,2026-10-06,14.7082,14.724,14.6925,21012712.77,M0156_2564,บริษัทหลักทรัพย์จัดการกองทุน กรุงไทย จำกัด (มหาชน)
KT-GEQ-UHI,2026-10-06,14.6413,14.6571,14.6256,0,M0156_2564,บริษัทหลักทรัพย์จัดการกองทุน กรุงไทย จำกัด (มหาชน)
KT-GEQ-USD-A,2026-10-06,0.4818,0.4824,0.4813,172.34,M0156_2564,บริษัทหลักทรัพย์จัดการกองทุน กรุงไทย จำกัด (มหาชน)
KT-GESG RMF,2026-10-06,11.3332,11.3333,11.3332,20539481.69,M0633_2566,บริษัทหลักทรัพย์จัดการกองทุน กรุงไทย จำกัด (มหาชน)
KT-GESG-A,2026-10-06,12.7823,12.9741,12.7823,268509679.33,M0542_2564,บริษัทหลักทรัพย์จัดการกองทุน กรุงไทย จำกัด (มหาชน)
KT-GESG-P,2026-10-06,12.7845,12.7846,12.7845,0,M0542_2564,บริษัทหลักทรัพย์จัดการกองทุน กรุงไทย จำกัด (มหาชน)
KT-GESG-SSF,2026-10-06,12.8026,12.8027,12.8026,32696262.86,M0542_2564,บริษัทหลักทรัพย์จัดการกองทุน กรุงไทย จำกัด (มหาชน)
KT-GFO-A,2026-10-06,10.8535,11.0164,10.8535,420108315.77,M0045_2568,บริษัทหลักทรัพย์จัดการกองทุน กรุงไทย จำกัด (มหาชน)
KT-GMO-A,2026-10-06,10.9985,11.1636,10.9985,86441645.67,M0102_2559,บริษัทหลักทรัพย์จัดการกองทุน กรุงไทย จำกัด (มหาชน)
KT-GOI-A,2026-10-06,13.0915,13.288,13.0915,55980570.57,M0705_2559,บริษัทหลักทรัพย์จัดการกองทุน กรุงไทย จำกัด (มหาชน)
KT-GOLD,2026-10-07,22.5106,22.567,22.4543,2655043408.51,M0650_2553,บริษัทหลักทรัพย์จัดการกองทุน กรุงไทย จำกัด (มหาชน)
KT-GOLD RMF,2026-10-07,21.1701,21.1702,21.1701,1610097392.62,M0652_2553,บริษัทหลักทรัพย์จัดการกองทุน กรุงไทย จำกัด (มหาชน)
KT-GOLDUH-A,2026-10-07,15.7335,15.8291,15.7167,1924396954.69,M0239_2567,บริษัทหลักทรัพย์จัดการกองทุน กรุงไทย จำกัด (มหาชน)
KT-GOLDUH-USD-A,2026-10-07,0.4696,0.4726,0.4691,1941.13,M0239_2567,บริษัทหลักทรัพย์จัดการกองทุน กรุงไทย จำกัด (มหาชน)
KT-GPEQ-UI,2026-09-30,12.276,12.5216,12.276,280115810.01,M0636_2567,บริษัทหลักทรัพย์จัดการกองทุน กรุงไทย จำกัด (มหาชน)
KT-GREEN-A,2026-10-06,7.1745,7.2822,7.1745,116704566.31,M0747_2565,บริษัทหลักทรัพย์จัดการกองทุน กรุงไทย จำกัด (มหาชน)
KT-GREEN-SSF,2026-10-06,7.166,7.1661,7.166,5892424.1,M0747_2565,บริษัทหลักทรัพย์จัดการกองทุน กรุงไทย จำกัด (มหาชน)
KT-GRID,2026-10-06,10.2325,10.3459,10.2325,222508778.68,M0763_2569,บริษัทหลักทรัพย์จัดการกองทุน กรุงไทย จำกัด (มหาชน)
KT-GWA-A,2026-10-05,10.9816,11.0915,10.9816,77301345.11,M1128_2568,บริษัทหลักทรัพย์จัดการกองทุน กรุงไทย จำกัด (มหาชน)
KT-GWA-X,2026-10-05,11.0679,11.068,11.0679,166019089.11,M1128_2568,บริษัทหลักทรัพย์จัดการกองทุน กรุงไทย จำกัด (มหาชน)
KT-GWB-A,2026-10-05,10.5714,10.6508,10.5714,22265333.81,M1127_2568,บริษัทหลักทรัพย์จัดการกองทุน กรุงไทย จำกัด (มหาชน)
KT-GWB-X,2026-10-05,10.6408,10.6409,10.6408,159612802.33,M1127_2568,บริษัทหลักทรัพย์จัดการกองทุน กรุงไทย จำกัด (มหาชน)
KT-GWG-A,2026-10-05,10.2618,10.3132,10.2618,4043632.61,M1129_2568,บริษัทหลักทรัพย์จัดการกองทุน กรุงไทย จำกัด (มหาชน)
KT-GWG-X,2026-10-05,10.3072,10.3073,10.3072,154607961.61,M1129_2568,บริษัทหลักทรัพย์จัดการกองทุน กรุงไทย จำกัด (มหาชน)
KT-HEALTHC RMF,2026-10-06,16.6582,16.6583,16.6582,1045977421.75,M0627_2558,บริษัทหลักทรัพย์จัดการกองทุน กรุงไทย จำกัด (มหาชน)
KT-HEALTHCARE-A,2026-10-06,17.568,17.8316,17.568,1683032752.51,M0602_2558,บริษัทหลักทรัพย์จัดการกองทุน กรุงไทย จำกัด (มหาชน)
KT-HEALTHCARE-SSF,2026-10-06,17.5489,17.549,17.5489,83666980.8,M0602_2558,บริษัทหลักทรัพย์จัดการกองทุน กรุงไทย จำกัด (มหาชน)
KT-HEALTHCARE-USD-A,2026-10-06,0.5558,0.5642,0.5558,2107.44,M0602_2558,บริษัทหลักทรัพย์จัดการกองทุน กรุงไทย จำกัด (มหาชน)
KT-HiDiv RMF,2026-10-07,20.025,20.0251,20.025,1393501030.55,M0822_2556,บริษัทหลักทรัพย์จัดการกองทุน กรุงไทย จำกัด (มหาชน)
KT-HiDiv-A,2026-10-07,13.5605,13.6623,13.5605,70519904.36,M0658_2556,บริษัทหลักทรัพย์จัดการกองทุน กรุงไทย จำกัด (มหาชน)
KT-HiDiv-D,2026-10-07,12.0586,12.1491,12.0586,1533565572.4,M0658_2556,บริษัทหลักทรัพย์จัดการกองทุน กรุงไทย จำกัด (มหาชน)
KT-IGF-A,2026-10-06,18.1694,18.3512,18.1694,455003022.8,M0520_2557,บริษัทหลักทรัพย์จัดการกองทุน กรุงไทย จำกัด (มหาชน)
KT-IGF-R,2026-10-06,18.1698,18.3516,18.1698,191193706.0,M0520_2557,บริษัทหลักทรัพย์จัดการกองทุน กรุงไทย จำกัด (มหาชน)
KT-INDIA-A,2026-10-06,19.0081,19.2933,19.0081,1165106684.35,M0642_2558,บริษัทหลักทรัพย์จัดการกองทุน กรุงไทย จำกัด (มหาชน)
KT-INDIA-D,2026-10-06,11.8038,11.981,11.8038,111481343.98,M0642_2558,บริษัทหลักทรัพย์จัดการกองทุน กรุงไทย จำกัด (มหาชน)
KT-INDIA-SSF,2026-10-06,17.1711,17.1712,17.1711,97391063.09,M0642_2558,บริษัทหลักทรัพย์จัดการกองทุน กรุงไทย จำกัด (มหาชน)
KT-JAPANALL-A,2026-10-06,16.3811,16.6269,16.3811,5891495960.38,M0022_2567,บริษัทหลักทรัพย์จัดการกองทุน กรุงไทย จำกัด (มหาชน)
KT-JAPANSM-A,2026-10-06,28.3414,28.7666,28.3414,365882624.88,M0021_2559,บริษัทหลักทรัพย์จัดการกองทุน กรุงไทย จำกัด (มหาชน)
KT-JAPANSM-D,2026-10-06,24.1163,24.4781,24.1163,81443053.82,M0021_2559,บริษัทหลักทรัพย์จัดการกองทุน กรุงไทย จำกัด (มหาชน)
KT-JAPANSM-SSF,2026-10-06,28.0654,28.0655,28.0654,28667791.5,M0021_2559,บริษัทหลักทรัพย์จัดการกองทุน กรุงไทย จำกัด (มหาชน)
KT-JEPQ,2026-10-06,10.5464,10.5804,10.5464,407291878.28,M0838_2569,บริษัทหลักทรัพย์จัดการกองทุน กรุงไทย จำกัด (มหาชน)
KT-JPFUND-A,2026-10-07,31.6271,31.8328,31.5797,456205318.35,M0086_2562,บริษัทหลักทรัพย์จัดการกองทุน กรุงไทย จำกัด (มหาชน)
KT-KOREA,2026-10-06,9.1596,9.2153,9.1596,343777015.65,M0509_2569,บริษัทหลักทรัพย์จัดการกองทุน กรุงไทย จำกัด (มหาชน)
KT-LUXURY-A,2026-10-06,9.7695,9.9161,9.7695,114149333.62,M0083_2565,บริษัทหลักทรัพย์จัดการกองทุน กรุงไทย จำกัด (มหาชน)
KT-LUXURY-SSF,2026-10-06,9.7676,9.7677,9.7676,12478792.74,M0083_2565,บริษัทหลักทรัพย์จัดการกองทุน กรุงไทย จำกัด (มหาชน)
KT-MAB-A,2026-10-05,12.2371,12.329,12.2371,1503730759.22,M0088_2561,บริษัทหลักทรัพย์จัดการกองทุน กรุงไทย จำกัด (มหาชน)
KT-MFB-A,2026-10-05,10.2864,10.3379,10.2864,199982131.02,M0103_2561,บริษัทหลักทรัพย์จัดการกองทุน กรุงไทย จำกัด (มหาชน)
KT-MFE-A,2026-10-05,14.4543,14.5989,14.4543,515035808.11,M0101_2561,บริษัทหลักทรัพย์จัดการกองทุน กรุงไทย จำกัด (มหาชน)
KT-MINING,2026-10-06,12.0881,12.2695,12.0881,940723709.72,M0314_2553,บริษัทหลักทรัพย์จัดการกองทุน กรุงไทย จำกัด (มหาชน)
KT-NASDAQ-A,2026-10-06,15.79,15.807,15.7731,1084244968.9,M1041_2567,บริษัทหลักทรัพย์จัดการกองทุน กรุงไทย จำกัด (มหาชน)
KT-OIL,2026-10-06,6.7849,6.7918,6.7849,326335413.99,M0299_2553,บริษัทหลักทรัพย์จัดการกองทุน กรุงไทย จำกัด (มหาชน)
KT-OPP-A,2026-10-06,23.4453,23.6799,23.4453,68958164.78,M0688_2556,บริษัทหลักทรัพย์จัดการกองทุน กรุงไทย จำกัด (มหาชน)
KT-OPP-D,2026-10-06,12.5781,12.704,12.5781,36433779.82,M0688_2556,บริษัทหลักทรัพย์จัดการกองทุน กรุงไทย จำกัด (มหาชน)
KT-PIF RMF,2026-10-07,11.3425,11.3426,11.3425,209126197.51,M0494_2559,บริษัทหลักทรัพย์จัดการกองทุน กรุงไทย จำกัด (มหาชน)
KT-PIF-A,2026-10-07,11.7346,11.852,11.7346,1351303001.97,M0181_2559,บริษัทหลักทรัพย์จัดการกองทุน กรุงไทย จำกัด (มหาชน)
KT-PIF-D,2026-10-07,8.0704,8.1512,8.0704,1280137452.12,M0181_2559,บริษัทหลักทรัพย์จัดการกองทุน กรุงไทย จำกัด (มหาชน)
KT-PIF-I,2026-10-07,9.617,9.6171,9.617,0,M0181_2559,บริษัทหลักทรัพย์จัดการกองทุน กรุงไทย จำกัด (มหาชน)
KT-PIF-SSF,2026-10-07,9.881,9.8811,9.881,54714765.12,M0181_2559,บริษัทหลักทรัพย์จัดการกองทุน กรุงไทย จำกัด (มหาชน)
KT-PRECIOUS RMF,2026-10-06,10.5212,10.5213,10.5212,309855140.13,M1085_2568,บริษัทหลักทรัพย์จัดการกองทุน กรุงไทย จำกัด (มหาชน)
KT-PRECIOUS-A,2026-10-06,15.2242,15.4527,15.2242,11472908516.7,M0753_2553,บริษัทหลักทรัพย์จัดการกองทุน กรุงไทย จำกัด (มหาชน)
KT-PROPERTY RMF,2026-10-06,13.5342,13.5343,13.5342,200030121.23,M0824_2555,บริษัทหลักทรัพย์จัดการกองทุน กรุงไทย จำกัด (มหาชน)
KT-PROPERTY-A,2026-10-06,10.7984,10.9605,10.7984,494221044.22,M0509_2554,บริษัทหลักทรัพย์จัดการกองทุน กรุงไทย จำกัด (มหาชน)
KT-PROPERTY-D,2026-10-06,10.7973,10.9594,10.7973,250638028.25,M0509_2554,บริษัทหลักทรัพย์จัดการกองทุน กรุงไทย จำกัด (มหาชน)
KT-PROPERTY-P,2026-10-06,10.7979,10.798,10.7979,0,M0509_2554,บริษัทหลักทรัพย์จัดการกองทุน กรุงไทย จำกัด (มหาชน)
KT-PROPERTY-SSF,2026-10-06,10.784,10.7841,10.784,5036006.54,M0509_2554,บริษัทหลักทรัพย์จัดการกองทุน กรุงไทย จำกัด (มหาชน)
KT-S&P500-A,2026-10-06,14.3994,14.4869,14.384,1242290874.42,M0867_2567,บริษัทหลักทรัพย์จัดการกองทุน กรุงไทย จำกัด (มหาชน)
KT-S&P500-USD-A,2026-10-06,0.4635,0.4664,0.463,623.94,M0867_2567,บริษัทหลักทรัพย์จัดการกองทุน กรุงไทย จำกัด (มหาชน)
KT-SAGA-A,2026-10-06,11.8644,11.928,11.8644,1025128235.59,M0027_2562,บริษัทหลักทรัพย์จัดการกองทุน กรุงไทย จำกัด (มหาชน)
KT-SELECTTHEQ-D,2026-10-07,9.8406,9.8407,9.8406,0,M0570_2559,บริษัทหลักทรัพย์จัดการกองทุน กรุงไทย จำกัด (มหาชน)
KT-SELECTTHEQ-NT,2026-10-07,9.8406,9.8407,9.8406,139894718.29,M0570_2559,บริษัทหลักทรัพย์จัดการกองทุน กรุงไทย จำกัด (มหาชน)
KT-SET50-A,2026-10-07,13.9408,13.9548,13.9269,4399692576.03,M0691_2559,บริษัทหลักทรัพย์จัดการกองทุน กรุงไทย จำกัด (มหาชน)
KT-SET50-D,2026-10-07,12.6459,12.6586,12.6333,93526714.19,M0691_2559,บริษัทหลักทรัพย์จัดการกองทุน กรุงไทย จำกัด (มหาชน)
KT-SHARIAH-A,2026-10-07,25.5231,25.7784,25.5231,9946246.99,M0381_2549,บริษัทหลักทรัพย์จัดการกองทุน กรุงไทย จำกัด (มหาชน)
KT-SHARIAH-NT,2026-10-07,25.6586,25.6587,25.6586,44264321.2,M0381_2549,บริษัทหลักทรัพย์จัดการกองทุน กรุงไทย จำกัด (มหาชน)
KT-SMARTTHEQ-A,2026-10-07,11.1029,11.103,11.1029,0,M0505_2559,บริษัทหลักทรัพย์จัดการกองทุน กรุงไทย จำกัด (มหาชน)
KT-SMARTTHEQ-NT,2026-10-07,11.1029,11.103,11.1029,217096015.06,M0505_2559,บริษัทหลักทรัพย์จัดการกองทุน กรุงไทย จำกัด (มหาชน)
KT-ST,2026-10-07,13.3266,13.3267,13.3266,24573525744.76,M0739_2554,บริษัทหลักทรัพย์จัดการกองทุน กรุงไทย จำกัด (มหาชน)
KT-TECHNOLOGY RMF,2026-10-06,11.783,11.7831,11.783,168144968.36,M0966_2568,บริษัทหลักทรัพย์จัดการกองทุน กรุงไทย จำกัด (มหาชน)
KT-TECHNOLOGY-A,2026-10-06,14.671,14.8912,14.671,3416093782.82,M0700_2565,บริษัทหลักทรัพย์จัดการกองทุน กรุงไทย จำกัด (มหาชน)
KT-TECHNOLOGY-SSF,2026-10-06,14.6471,14.6472,14.6471,52532260.71,M0700_2565,บริษัทหลักทรัพย์จัดการกองทุน กรุงไทย จำกัด (มหาชน)
KT-TECHNOLOGY-USD-A,2026-10-06,0.4652,0.4723,0.4652,732.85,M0700_2565,บริษัทหลักทรัพย์จัดการกองทุน กรุงไทย จำกัด (มหาชน)
KT-THEQ-D,2026-10-07,22.7995,22.7996,22.7995,0,M0583_2547,บริษัทหลักทรัพย์จัดการกองทุน กรุงไทย จำกัด (มหาชน)
KT-THEQ-NT,2026-10-07,22.7995,22.7996,22.7995,1271225148.77,M0583_2547,บริษัทหลักทรัพย์จัดการกองทุน กรุงไทย จำกัด (มหาชน)
KT-TRIGB1,2026-10-06,9.2126,9.2127,9.2126,166611820.15,M0503_2564,บริษัทหลักทรัพย์จัดการกองทุน กรุงไทย จำกัด (มหาชน)
KT-US RMF,2026-10-06,13.4824,13.4825,13.4824,175069564.36,M0632_2566,บริษัทหลักทรัพย์จัดการกองทุน กรุงไทย จำกัด (มหาชน)
KT-US-A,2026-10-06,26.497,26.8946,26.497,1918925776.45,M1250_2557,บริษัทหลักทรัพย์จัดการกองทุน กรุงไทย จำกัด (มหาชน)
KT-US-SSF,2026-10-06,26.4548,26.4549,26.4548,90653591.46,M1250_2557,บริษัทหลักทรัพย์จัดการกองทุน กรุงไทย จำกัด (มหาชน)
KT-USSM-A,2026-10-06,13.7433,13.8268,13.7286,39463931.18,M0157_2568,บริษัทหลักทรัพย์จัดการกองทุน กรุงไทย จำกัด (มหาชน)
KT-VIETNAM RMF,2026-10-07,11.7604,11.7605,11.7604,310092650.98,M0492_2565,บริษัทหลักทรัพย์จัดการกองทุน กรุงไทย จำกัด (มหาชน)
KT-VIETNAM-A,2026-10-07,9.4754,9.6176,9.4754,638924763.13,M0218_2565,บริษัทหลักทรัพย์จัดการกองทุน กรุงไทย จำกัด (มหาชน)
KT-VIETNAM-SSF,2026-10-07,9.3323,9.3324,9.3323,134516991.88,M0218_2565,บริษัทหลักทรัพย์จัดการกองทุน กรุงไทย จำกัด (มหาชน)
KT-VNDIAMOND-A,2026-10-07,9.2105,9.2764,9.1908,20299895.91,M0571_2568,บริษัทหลักทรัพย์จัดการกองทุน กรุงไทย จำกัด (มหาชน)
KT-WCORP,2026-10-06,11.1802,11.2642,11.1802,155073471.74,M0962_2555,บริษัทหลักทรัพย์จัดการกองทุน กรุงไทย จำกัด (มหาชน)
KT-WEQ RMF,2026-10-06,17.1803,17.1804,17.1803,653308332.94,M0869_2557,บริษัทหลักทรัพย์จัดการกองทุน กรุงไทย จำกัด (มหาชน)
KT-WEQ-A,2026-10-06,19.2813,19.5706,19.2813,1655543474.92,M0680_2557,บริษัทหลักทรัพย์จัดการกองทุน กรุงไทย จำกัด (มหาชน)
KT-WEQ-SSF,2026-10-06,19.2682,19.2683,19.2682,51871827.02,M0680_2557,บริษัทหลักทรัพย์จัดการกองทุน กรุงไทย จำกัด (มหาชน)
KT-WISLAMIC-A,2026-10-06,13.3543,13.5022,13.34,65170697.25,M0715_2568,บริษัทหลักทรัพย์จัดการกองทุน กรุงไทย จำกัด (มหาชน)
KT-WISLAMIC-AB,2026-10-06,13.3132,13.3275,13.1658,14830181.86,M0715_2568,บริษัทหลักทรัพย์จัดการกองทุน กรุงไทย จำกัด (มหาชน)
KT-WQUALITY-A,2026-10-06,12.2108,12.285,12.1977,427573971.22,M1024_2567,บริษัทหลักทรัพย์จัดการกองทุน กรุงไทย จำกัด (มหาชน)
KT-WQUALITY-USD-A,2026-10-06,0.3834,0.3858,0.383,259.7,M1024_2567,บริษัทหลักทรัพย์จัดการกองทุน กรุงไทย จำกัด (มหาชน)
KT-WTAI RMF,2026-10-06,11.1121,11.1122,11.1121,398062407.01,M0443_2564,บริษัทหลักทรัพย์จัดการกองทุน กรุงไทย จำกัด (มหาชน)
KT-WTAI-A,2026-10-06,21.8795,22.2078,21.8795,2511206020.61,M0141_2561,บริษัทหลักทรัพย์จัดการกองทุน กรุงไทย จำกัด (มหาชน)
KT-mai,2026-10-07,6.0401,6.1006,6.0401,57686239.01,M0412_2558,บริษัทหลักทรัพย์จัดการกองทุน กรุงไทย จำกัด (มหาชน)
KT25/75-A,2026-10-07,11.3234,11.3518,11.3234,163036252.53,M0509_2560,บริษัทหลักทรัพย์จัดการกองทุน กรุงไทย จำกัด (มหาชน)
KT25/75-R,2026-10-07,11.3197,11.3481,11.3197,132795041.3,M0509_2560,บริษัทหลักทรัพย์จัดการกองทุน กรุงไทย จำกัด (มหาชน)
KT25/75RMF,2026-10-07,13.4212,13.4213,13.4212,1284063927.26,M1150_2557,บริษัทหลักทรัพย์จัดการกองทุน กรุงไทย จำกัด (มหาชน)
KT70/30-A,2026-10-07,38.5046,38.5047,38.5046,0,M0423_2549,บริษัทหลักทรัพย์จัดการกองทุน กรุงไทย จำกัด (มหาชน)
KT70/30-NT,2026-10-07,38.5046,38.5047,38.5046,1166698303.92,M0423_2549,บริษัทหลักทรัพย์จัดการกองทุน กรุงไทย จำกัด (มหาชน)
KT70/30S-SSF,2026-10-07,12.4614,12.4615,12.4614,508383489.69,M0158_2563,บริษัทหลักทรัพย์จัดการกองทุน กรุงไทย จำกัด (มหาชน)
KT70/30S-SSFX,2026-10-07,12.4677,12.4678,12.4677,327218537.82,M0158_2563,บริษัทหลักทรัพย์จัดการกองทุน กรุงไทย จำกัด (มหาชน)
KTAG-ThaiESG,2026-10-07,11.8144,11.8145,11.8144,473694018.17,M0821_2566,บริษัทหลักทรัพย์จัดการกองทุน กรุงไทย จำกัด (มหาชน)
KTAG70/30-ThaiESG,2026-10-07,11.3492,11.3493,11.3492,1728954496.25,M0846_2566,บริษัทหลักทรัพย์จัดการกองทุน กรุงไทย จำกัด (มหาชน)
KTBTHAICG-A,2026-10-07,12.5407,12.5533,12.5282,68320520.05,M0484_2560,บริษัทหลักทรัพย์จัดการกองทุน กรุงไทย จำกัด (มหาชน)
KTEF,2026-10-07,23.0897,23.263,23.0897,3498208679.13,M0288_2554,บริษัทหลักทรัพย์จัดการกองทุน กรุงไทย จำกัด (มหาชน)
KTEF-RMF,2026-10-07,9.83,9.8301,9.83,284077485.22,M0559_2560,บริษัทหลักทรัพย์จัดการกองทุน กรุงไทย จำกัด (มหาชน)
KTEQ70PLUSX-D,2026-10-07,12.0156,12.0157,12.0156,365708677.31,M0467_2568,บริษัทหลักทรัพย์จัดการกองทุน กรุงไทย จำกัด (มหาชน)
KTEQ70PLUSX-L,2026-10-07,12.0311,12.0312,12.0311,1016896021.57,M0467_2568,บริษัทหลักทรัพย์จัดการกองทุน กรุงไทย จำกัด (มหาชน)
KTEQDIVX-D,2026-10-07,13.5842,13.5843,13.5842,149424374.32,M0472_2568,บริษัทหลักทรัพย์จัดการกองทุน กรุงไทย จำกัด (มหาชน)
KTEQDIVX-L,2026-10-07,13.5943,13.5944,13.5943,198753262.43,M0472_2568,บริษัทหลักทรัพย์จัดการกองทุน กรุงไทย จำกัด (มหาชน)
KTEQPLUSX-D,2026-10-07,13.1733,13.1734,13.1733,62829893.58,M0463_2568,บริษัทหลักทรัพย์จัดการกองทุน กรุงไทย จำกัด (มหาชน)
KTEQPLUSX-L,2026-10-07,13.1988,13.1989,13.1988,152268136.98,M0463_2568,บริษัทหลักทรัพย์จัดการกองทุน กรุงไทย จำกัด (มหาชน)
KTESG50-ThaiESG,2026-10-07,12.0561,12.0562,12.0561,820157804.64,M0854_2566,บริษัทหลักทรัพย์จัดการกองทุน กรุงไทย จำกัด (มหาชน)
KTESGS-SSF,2026-10-07,13.218,13.2181,13.218,331111604.72,M0157_2563,บริษัทหลักทรัพย์จัดการกองทุน กรุงไทย จำกัด (มหาชน)
KTESGS-SSFX,2026-10-07,13.2249,13.225,13.2249,367155644.96,M0157_2563,บริษัทหลักทรัพย์จัดการกองทุน กรุงไทย จำกัด (มหาชน)
KTESGSI-ThaiESG,2026-10-07,9.9704,9.9705,9.9704,2203187061.53,M0691_2567,บริษัทหลักทรัพย์จัดการกองทุน กรุงไทย จำกัด (มหาชน)
KTF13,2026-10-06,9.3596,9.3597,9.3596,117886296.05,M0569_2563,บริษัทหลักทรัพย์จัดการกองทุน กรุงไทย จำกัด (มหาชน)
KTF14,2026-10-06,9.3902,9.3903,9.3902,158957949.05,M0571_2563,บริษัทหลักทรัพย์จัดการกองทุน กรุงไทย จำกัด (มหาชน)
KTF15,2026-10-06,9.6026,9.6027,9.6026,140938224.26,M0572_2563,บริษัทหลักทรัพย์จัดการกองทุน กรุงไทย จำกัด (มหาชน)
KTF16,2026-10-06,9.5967,9.5968,9.5967,250072671.16,M0573_2563,บริษัทหลักทรัพย์จัดการกองทุน กรุงไทย จำกัด (มหาชน)
KTF17,2026-10-06,9.6342,9.6343,9.6342,134533317.37,M0574_2563,บริษัทหลักทรัพย์จัดการกองทุน กรุงไทย จำกัด (มหาชน)
KTF18,2026-10-06,9.6687,9.6688,9.6687,138590592.03,M0575_2563,บริษัทหลักทรัพย์จัดการกองทุน กรุงไทย จำกัด (มหาชน)
KTF19,2026-10-06,9.5749,9.575,9.5749,167659770.98,M0016_2564,บริษัทหลักทรัพย์จัดการกองทุน กรุงไทย จำกัด (มหาชน)
KTF20,2026-10-06,9.5768,9.5769,9.5768,171192636.56,M0017_2564,บริษัทหลักทรัพย์จัดการกองทุน กรุงไทย จำกัด (มหาชน)
KTF23,2026-10-06,9.6781,9.6782,9.6781,77187340.36,M0022_2564,บริษัทหลักทรัพย์จัดการกองทุน กรุงไทย จำกัด (มหาชน)
KTF24,2026-10-06,9.6859,9.686,9.6859,69177081.86,M0023_2564,บริษัทหลักทรัพย์จัดการกองทุน กรุงไทย จำกัด (มหาชน)
KTFIX-1Y3Y,2026-10-07,12.8287,12.8288,12.8287,4282798784.78,M0928_2556,บริษัทหลักทรัพย์จัดการกองทุน กรุงไทย จำกัด (มหาชน)
KTFIX3M1,2026-10-07,12.5899,12.59,12.5899,4741517.04,M0551_2551,บริษัทหลักทรัพย์จัดการกองทุน กรุงไทย จำกัด (มหาชน)
KTFIX3M3,2026-10-07,12.5032,12.5033,12.5032,7162752.23,M0553_2551,บริษัทหลักทรัพย์จัดการกองทุน กรุงไทย จำกัด (มหาชน)
KTFIXPLUS-A,2026-10-07,13.9111,13.9112,13.9111,4068652221.65,M0031_2543,บริษัทหลักทรัพย์จัดการกองทุน กรุงไทย จำกัด (มหาชน)
KTFIXPLUS-D,2026-10-07,12.0642,12.0643,12.0642,413777409.78,M0031_2543,บริษัทหลักทรัพย์จัดการกองทุน กรุงไทย จำกัด (มหาชน)
KTFIXPLUS-I,2026-10-07,13.2835,13.2836,13.2835,11630108.64,M0031_2543,บริษัทหลักทรัพย์จัดการกองทุน กรุงไทย จำกัด (มหาชน)
KTFIXPLUS-SSF,2026-10-07,13.1648,13.1649,13.1648,61461834.57,M0031_2543,บริษัทหลักทรัพย์จัดการกองทุน กรุงไทย จำกัด (มหาชน)
KTFIXPLUS-X,2026-10-07,14.2331,14.2332,14.2331,330102990.29,M0031_2543,บริษัทหลักทรัพย์จัดการกองทุน กรุงไทย จำกัด (มหาชน)
KTFUSD11M1,2026-10-07,9.97,9.9701,9.97,30430203.49,M0711_2569,บริษัทหลักทรัพย์จัดการกองทุน กรุงไทย จำกัด (มหาชน)
KTFUSD6M4,2026-10-07,9.9361,9.9362,9.9361,99758480.28,M0206_2569,บริษัทหลักทรัพย์จัดการกองทุน กรุงไทย จำกัด (มหาชน)
KTFUSD6M5,2026-10-07,10.0193,10.0194,10.0193,50462502.86,M0993_2569,บริษัทหลักทรัพย์จัดการกองทุน กรุงไทย จำกัด (มหาชน)
KTGOV3M10S,2026-10-07,9.9315,9.9316,9.9315,1204343328.94,M0891_2569,บริษัทหลักทรัพย์จัดการกองทุน กรุงไทย จำกัด (มหาชน)
KTGOV3M11S,2026-10-07,9.9987,9.9988,9.9987,3382260909.28,M0909_2569,บริษัทหลักทรัพย์จัดการกองทุน กรุงไทย จำกัด (มหาชน)
KTGOV3M12S,2026-10-07,10.0177,10.0178,10.0177,5319273958.58,M0945_2569,บริษัทหลักทรัพย์จัดการกองทุน กรุงไทย จำกัด (มหาชน)
KTGOV3M13S,2026-10-07,10.0,10.0,10.0,2803535377.76,M0996_2569,บริษัทหลักทรัพย์จัดการกองทุน กรุงไทย จำกัด (มหาชน)
KTGOV3M6S,2026-10-07,10.2202,10.2203,10.2202,1349102339.9,M0732_2569,บริษัทหลักทรัพย์จัดการกองทุน กรุงไทย จำกัด (มหาชน)
KTGOV3M7S,2026-10-07,10.1878,10.1879,10.1878,2002217708.78,M0766_2569,บริษัทหลักทรัพย์จัดการกองทุน กรุงไทย จำกัด (มหาชน)
KTGOV3M8S,2026-10-07,10.203,10.2031,10.203,1099516304.09,M0794_2569,บริษัทหลักทรัพย์จัดการกองทุน กรุงไทย จำกัด (มหาชน)
KTGOV3M9S,2026-10-07,10.006,10.0061,10.006,2870843695.63,M0862_2569,บริษัทหลักทรัพย์จัดการกองทุน กรุงไทย จำกัด (มหาชน)
KTGOV6M2S,2026-10-07,10.0116,10.0117,10.0116,1159501005.22,M0759_2569,บริษัทหลักทรัพย์จัดการกองทุน กรุงไทย จำกัด (มหาชน)
KTGOV6M32,2026-10-07,10.037,10.0371,10.037,3288548072.86,M0329_2569,บริษัทหลักทรัพย์จัดการกองทุน กรุงไทย จำกัด (มหาชน)
KTGOV6M33,2026-10-07,10.0278,10.0279,10.0278,4444834368.25,M0494_2569,บริษัทหลักทรัพย์จัดการกองทุน กรุงไทย จำกัด (มหาชน)
KTGOV6M34,2026-10-07,10.025,10.0251,10.025,2226430775.27,M0565_2569,บริษัทหลักทรัพย์จัดการกองทุน กรุงไทย จำกัด (มหาชน)
KTGOV6M35,2026-10-07,10.0195,10.0196,10.0195,1225942003.76,M0615_2569,บริษัทหลักทรัพย์จัดการกองทุน กรุงไทย จำกัด (มหาชน)
KTGOV6M36,2026-10-07,10.0146,10.0147,10.0146,3131954870.99,M0694_2569,บริษัทหลักทรัพย์จัดการกองทุน กรุงไทย จำกัด (มหาชน)
KTGOV6M37,2026-10-07,10.0032,10.0033,10.0032,2132615412.3,M0750_2569,บริษัทหลักทรัพย์จัดการกองทุน กรุงไทย จำกัด (มหาชน)
KTGOV6M3S,2026-10-07,10.0081,10.0082,10.0081,1182435731.35,M0796_2569,บริษัทหลักทรัพย์จัดการกองทุน กรุงไทย จำกัด (มหาชน)
KTGOV6M4S,2026-10-07,10.0073,10.0074,10.0073,1049647393.69,M0836_2569,บริษัทหลักทรัพย์จัดการกองทุน กรุงไทย จำกัด (มหาชน)
KTGOVUSD6M1,2026-10-07,9.9694,9.9695,9.9694,25460912.1,M0727_2569,บริษัทหลักทรัพย์จัดการกองทุน กรุงไทย จำกัด (มหาชน)
KTGOVUSD6M2,2026-10-07,9.941,9.9411,9.941,12187562.03,M0855_2569,บริษัทหลักทรัพย์จัดการกองทุน กรุงไทย จำกัด (มหาชน)
KTHH,2026-09-30,10.7228,10.8301,10.7228,61008378.92,M0254_2563,บริษัทหลักทรัพย์จัดการกองทุน กรุงไทย จำกัด (มหาชน)
KTILF,2026-10-07,12.4745,12.4933,12.4683,878935516.7,M0191_2556,บริษัทหลักทรัพย์จัดการกองทุน กรุงไทย จำกัด (มหาชน)
KTMEE-A,2026-09-30,11.9989,12.0632,11.9668,147870930.19,M0035_2561,บริษัทหลักทรัพย์จัดการกองทุน กรุงไทย จำกัด (มหาชน)
KTMEE-D,2026-09-30,10.4777,10.5339,10.4497,14274272.79,M0035_2561,บริษัทหลักทรัพย์จัดการกองทุน กรุงไทย จำกัด (มหาชน)
KTMEE-RMF,2026-09-30,12.4326,12.4327,12.4326,97707331.34,M0434_2561,บริษัทหลักทรัพย์จัดการกองทุน กรุงไทย จำกัด (มหาชน)
KTMEE-SSF,2026-09-30,11.9902,11.9903,11.9902,108176782.02,M0035_2561,บริษัทหลักทรัพย์จัดการกองทุน กรุงไทย จำกัด (มหาชน)
KTMSEQ,2026-10-07,15.3538,15.5074,15.3538,371428481.72,M0055_2558,บริษัทหลักทรัพย์จัดการกองทุน กรุงไทย จำกัด (มหาชน)
KTMUNG-A,2026-09-30,12.4415,12.5082,12.4082,221784172.32,M0036_2561,บริษัทหลักทรัพย์จัดการกองทุน กรุงไทย จำกัด (มหาชน)
KTMUNG-D,2026-09-30,10.4909,10.5471,10.4628,31374568.76,M0036_2561,บริษัทหลักทรัพย์จัดการกองทุน กรุงไทย จำกัด (มหาชน)
KTMUNG-RMF,2026-09-30,13.6605,13.6606,13.6605,163668255.31,M0428_2561,บริษัทหลักทรัพย์จัดการกองทุน กรุงไทย จำกัด (มหาชน)
KTMUNG-SSF,2026-09-30,12.4359,12.436,12.4359,174997320.61,M0036_2561,บริษัทหลักทรัพย์จัดการกองทุน กรุงไทย จำกัด (มหาชน)
KTPCRED-UI-A,2026-09-30,10.4504,10.5811,10.2414,2840140736.14,M0272_2567,บริษัทหลักทรัพย์จัดการกองทุน กรุงไทย จำกัด (มหาชน)
KTPCRED-UI-R,2026-09-30,10.4503,10.581,10.2413,1755242841.41,M0272_2567,บริษัทหลักทรัพย์จัดการกองทุน กรุงไทย จำกัด (มหาชน)
KTPCREDH-UI-A,2026-09-30,10.5524,10.6844,10.3414,159045177.95,M0264_2567,บริษัทหลักทรัพย์จัดการกองทุน กรุงไทย จำกัด (มหาชน)
KTPCREDH-UI-R,2026-09-30,10.5536,10.6856,10.3425,233316811.04,M0264_2567,บริษัทหลักทรัพย์จัดการกองทุน กรุงไทย จำกัด (มหาชน)
KTPLUS,2026-10-07,12.0065,12.0066,12.0065,32174174660.05,M0396_2556,บริษัทหลักทรัพย์จัดการกองทุน กรุงไทย จำกัด (มหาชน)
KTSE,2026-10-07,8.0307,8.0509,8.0307,1609973178.32,M0526_2546,บริษัทหลักทรัพย์จัดการกองทุน กรุงไทย จำกัด (มหาชน)
KTSE-RMF,2026-10-07,13.2782,13.2783,13.2782,442805788.81,M0730_2555,บริษัทหลักทรัพย์จัดการกองทุน กรุงไทย จำกัด (มหาชน)
KTSET50FF-A,2026-10-07,29.8257,29.8258,29.8257,0,M0264_2550,บริษัทหลักทรัพย์จัดการกองทุน กรุงไทย จำกัด (มหาชน)
KTSET50FF-NT,2026-10-07,29.8257,29.8258,29.8257,435791029.47,M0264_2550,บริษัทหลักทรัพย์จัดการกองทุน กรุงไทย จำกัด (มหาชน)
KTSET50RMF,2026-10-07,14.1152,14.1153,14.1152,1168008917.25,M0653_2559,บริษัทหลักทรัพย์จัดการกองทุน กรุงไทย จำกัด (มหาชน)
KTSF,2026-10-07,10.2642,10.2643,10.2642,1845460260.72,M0020_2543,บริษัทหลักทรัพย์จัดการกองทุน กรุงไทย จำกัด (มหาชน)
KTSIV3M1,2026-10-07,12.9606,12.9607,12.9606,24819266.32,M0647_2551,บริษัทหลักทรัพย์จัดการกองทุน กรุงไทย จำกัด (มหาชน)
KTSIV3M2,2026-10-07,12.9719,12.972,12.9719,11807301.98,M0671_2551,บริษัทหลักทรัพย์จัดการกองทุน กรุงไทย จำกัด (มหาชน)
KTSIV6M1,2026-10-07,13.1582,13.1583,13.1582,8202666.08,M0649_2551,บริษัทหลักทรัพย์จัดการกองทุน กรุงไทย จำกัด (มหาชน)
KTSIV6M2,2026-10-07,13.1003,13.1004,13.1003,8235515.54,M0675_2551,บริษัทหลักทรัพย์จัดการกองทุน กรุงไทย จำกัด (มหาชน)
KTSRI-A,2026-09-30,11.9431,11.9751,11.9112,206239805.14,M0033_2561,บริษัทหลักทรัพย์จัดการกองทุน กรุงไทย จำกัด (มหาชน)
KTSRI-D,2026-09-30,10.9636,10.993,10.9343,3975945.45,M0033_2561,บริษัทหลักทรัพย์จัดการกองทุน กรุงไทย จำกัด (มหาชน)
KTSRI-RMF,2026-09-30,11.5409,11.541,11.5409,62359840.94,M0437_2561,บริษัทหลักทรัพย์จัดการกองทุน กรุงไทย จำกัด (มหาชน)
KTSRI-SSF,2026-09-30,11.9322,11.9323,11.9322,30275480.51,M0033_2561,บริษัทหลักทรัพย์จัดการกองทุน กรุงไทย จำกัด (มหาชน)
KTSS,2026-10-07,13.8521,13.8522,13.8521,44997072797.7,M0884_2548,บริษัทหลักทรัพย์จัดการกองทุน กรุงไทย จำกัด (มหาชน)
KTSTPLUS-A,2026-10-07,11.4981,11.4982,11.4981,57660793725.65,M0304_2559,บริษัทหลักทรัพย์จัดการกองทุน กรุงไทย จำกัด (มหาชน)
KTSTPLUS-I,2026-10-07,11.5974,11.5975,11.5974,744559503.45,M0304_2559,บริษัทหลักทรัพย์จัดการกองทุน กรุงไทย จำกัด (มหาชน)
KTSTPLUS-P,2026-10-07,11.7339,11.734,11.7339,2300701539.97,M0304_2559,บริษัทหลักทรัพย์จัดการกองทุน กรุงไทย จำกัด (มหาชน)
KTSTPLUS-SSF,2026-10-07,11.4959,11.496,11.4959,172448038.08,M0304_2559,บริษัทหลักทรัพย์จัดการกองทุน กรุงไทย จำกัด (มหาชน)
KTSUK-A,2026-09-30,11.5263,11.5572,11.4955,230082494.19,M0032_2561,บริษัทหลักทรัพย์จัดการกองทุน กรุงไทย จำกัด (มหาชน)
KTSUK-D,2026-09-30,10.8974,10.9267,10.8682,8809323.22,M0032_2561,บริษัทหลักทรัพย์จัดการกองทุน กรุงไทย จำกัด (มหาชน)
KTSUK-RMF,2026-09-30,10.9008,10.9009,10.9008,76728859.98,M0436_2561,บริษัทหลักทรัพย์จัดการกองทุน กรุงไทย จำกัด (มหาชน)
KTSUK-SSF,2026-09-30,11.5113,11.5114,11.5113,34309526.82,M0032_2561,บริษัทหลักทรัพย์จัดการกองทุน กรุงไทย จำกัด (มหาชน)
KTSV-A,2026-10-07,12.427,12.4271,12.427,21590322808.79,M0139_2552,บริษัทหลักทรัพย์จัดการกองทุน กรุงไทย จำกัด (มหาชน)
KTSV-KTB,2026-10-07,12.4271,12.4272,12.4271,25770201508.0,M0139_2552,บริษัทหลักทรัพย์จัดการกองทุน กรุงไทย จำกัด (มหาชน)
KTWC-ALPHA-A,2026-10-05,10.1529,10.3053,10.1529,2235946254.43,M0667_2569,บริษัทหลักทรัพย์จัดการกองทุน กรุงไทย จำกัด (มหาชน)
KTWC-ALPHA-RG,2026-10-05,10.1529,10.3053,10.1529,121642033.53,M0667_2569,บริษัทหลักทรัพย์จัดการกองทุน กรุงไทย จำกัด (มหาชน)
KTWC-DEFENSIVE-A,2026-10-05,11.0412,11.0965,11.0412,4673011957.37,M0268_2566,บริษัทหลักทรัพย์จัดการกองทุน กรุงไทย จำกัด (มหาชน)
KTWC-DEFENSIVE-RG,2026-10-05,11.0415,11.0968,11.0415,195672329.58,M0268_2566,บริษัทหลักทรัพย์จัดการกองทุน กรุงไทย จำกัด (มหาชน)
KTWC-DEFENSIVE-SSF,2026-10-05,11.0373,11.0374,11.0373,31202340.17,M0268_2566,บริษัทหลักทรัพย์จัดการกองทุน กรุงไทย จำกัด (มหาชน)
KTWC-GROWTH-A,2026-10-05,13.6569,13.7936,13.6569,15358178281.15,M0273_2566,บริษัทหลักทรัพย์จัดการกองทุน กรุงไทย จำกัด (มหาชน)
KTWC-GROWTH-RG,2026-10-05,13.6571,13.7938,13.6571,871676108.4,M0273_2566,บริษัทหลักทรัพย์จัดการกองทุน กรุงไทย จำกัด (มหาชน)
KTWC-GROWTH-SSF,2026-10-05,13.651,13.6511,13.651,44856796.32,M0273_2566,บริษัทหลักทรัพย์จัดการกองทุน กรุงไทย จำกัด (มหาชน)
KTWC-INCOME RMF,2026-10-05,10.13,10.1301,10.13,82525691.58,M1029_2568,บริษัทหลักทรัพย์จัดการกองทุน กรุงไทย จำกัด (มหาชน)
KTWC-INCOME-A,2026-10-05,10.3957,10.4738,10.3957,2398298001.72,M0513_2568,บริษัทหลักทรัพย์จัดการกองทุน กรุงไทย จำกัด (มหาชน)
KTWC-INCOME-R,2026-10-05,10.3954,10.4735,10.3954,1795958.92,M0513_2568,บริษัทหลักทรัพย์จัดการกองทุน กรุงไทย จำกัด (มหาชน)
KTWC-INCOME-RG,2026-10-05,10.3958,10.4739,10.3958,55962231.23,M0513_2568,บริษัทหลักทรัพย์จัดการกองทุน กรุงไทย จำกัด (มหาชน)
KTWC-MODERATE RMF,2026-10-05,11.7801,11.7802,11.7801,759645435.0,M0659_2567,บริษัทหลักทรัพย์จัดการกองทุน กรุงไทย จำกัด (มหาชน)
KTWC-MODERATE-A,2026-10-05,12.4502,12.5437,12.4502,9505329992.81,M0271_2566,บริษัทหลักทรัพย์จัดการกองทุน กรุงไทย จำกัด (มหาชน)
KTWC-MODERATE-RG,2026-10-05,12.4505,12.544,12.4505,632329450.61,M0271_2566,บริษัทหลักทรัพย์จัดการกองทุน กรุงไทย จำกัด (มหาชน)
KTWC-MODERATE-SSF,2026-10-05,12.4469,12.447,12.4469,42710140.95,M0271_2566,บริษัทหลักทรัพย์จัดการกองทุน กรุงไทย จำกัด (มหาชน)
KTWG-A,2026-10-07,10.9416,10.9417,10.9416,694027975.41,M0357_2559,บริษัทหลักทรัพย์จัดการกองทุน กรุงไทย จำกัด (มหาชน)
KTWP-A,2026-10-07,11.0389,11.039,11.0389,214292598.07,M0315_2559,บริษัทหลักทรัพย์จัดการกองทุน กรุงไทย จำกัด (มหาชน)
LH-THAPE1UI,2026-10-07,10.9618,11.1811,10.9618,3618604403.49,M0407_2564,บริษัทหลักทรัพย์จัดการกองทุน แลนด์ แอนด์ เฮ้าส์ จำกัด
LHACTGF-A,2026-10-07,13.2624,13.2625,13.2624,9877203.32,M0567_2559,บริษัทหลักทรัพย์จัดการกองทุน แลนด์ แอนด์ เฮ้าส์ จำกัด
LHACTGF-D,2026-10-07,10.6793,10.6794,10.6793,25611544.18,M0567_2559,บริษัทหลักทรัพย์จัดการกองทุน แลนด์ แอนด์ เฮ้าส์ จำกัด
LHAI-A,2026-10-06,14.7276,14.9486,14.7276,1182496284.6,M0884_2568,บริษัทหลักทรัพย์จัดการกองทุน แลนด์ แอนด์ เฮ้าส์ จำกัด
LHAI-E,2026-10-06,14.7269,14.727,14.7269,24776221.26,M0884_2568,บริษัทหลักทรัพย์จัดการกองทุน แลนด์ แอนด์ เฮ้าส์ จำกัด
LHAI-INFRA,2026-10-06,10.2785,10.4436,10.2785,28032585.01,M0716_2569,บริษัทหลักทรัพย์จัดการกองทุน แลนด์ แอนด์ เฮ้าส์ จำกัด
LHALFA1-UI-PD,2026-10-07,10.6357,10.6358,10.6357,452977894.48,M0564_2568,บริษัทหลักทรัพย์จัดการกองทุน แลนด์ แอนด์ เฮ้าส์ จำกัด
LHASIASEMICON,2026-10-07,8.9082,9.0513,8.9082,369301487.37,M0226_2569,บริษัทหลักทรัพย์จัดการกองทุน แลนด์ แอนด์ เฮ้าส์ จำกัด
LHBLUESKY-A,2026-10-05,9.5934,9.6415,9.5934,151782325.36,M0909_2566,บริษัทหลักทรัพย์จัดการกองทุน แลนด์ แอนด์ เฮ้าส์ จำกัด
LHBLUESKY-D,2026-10-05,9.5936,9.6417,9.5936,521780.22,M0909_2566,บริษัทหลักทรัพย์จัดการกองทุน แลนด์ แอนด์ เฮ้าส์ จำกัด
LHCHINA-A,2026-10-06,4.9274,5.0014,4.9274,122543977.76,M0228_2563,บริษัทหลักทรัพย์จัดการกองทุน แลนด์ แอนด์ เฮ้าส์ จำกัด
LHCHINA-ASSF,2026-10-06,4.8373,4.8374,4.8373,774988.16,M0228_2563,บริษัทหลักทรัพย์จัดการกองทุน แลนด์ แอนด์ เฮ้าส์ จำกัด
LHCHINA-D,2026-10-06,4.4994,4.567,4.4994,68948116.07,M0228_2563,บริษัทหลักทรัพย์จัดการกองทุน แลนด์ แอนด์ เฮ้าส์ จำกัด
LHCHINA-DSSF,2026-10-06,4.6368,4.6369,4.6368,1953900.09,M0228_2563,บริษัทหลักทรัพย์จัดการกองทุน แลนด์ แอนด์ เฮ้าส์ จำกัด
LHCHINA-E,2026-10-06,4.9212,4.9213,4.9212,19462690.18,M0228_2563,บริษัทหลักทรัพย์จัดการกองทุน แลนด์ แอนด์ เฮ้าส์ จำกัด
LHCHINARMF,2026-10-06,4.1323,4.1324,4.1323,22562413.23,M0557_2563,บริษัทหลักทรัพย์จัดการกองทุน แลนด์ แอนด์ เฮ้าส์ จำกัด
LHCOPPER,2026-10-06,10.0027,10.1633,10.0027,218561524.35,M0075_2569,บริษัทหลักทรัพย์จัดการกองทุน แลนด์ แอนด์ เฮ้าส์ จำกัด
LHCYBER-A,2026-10-06,13.7816,13.9884,13.7816,280174485.67,M0053_2564,บริษัทหลักทรัพย์จัดการกองทุน แลนด์ แอนด์ เฮ้าส์ จำกัด
LHCYBER-ASSF,2026-10-06,13.7075,13.7076,13.7075,4627120.48,M0053_2564,บริษัทหลักทรัพย์จัดการกองทุน แลนด์ แอนด์ เฮ้าส์ จำกัด
LHCYBER-D,2026-10-06,11.5106,11.6834,11.5106,47261401.39,M0053_2564,บริษัทหลักทรัพย์จัดการกองทุน แลนด์ แอนด์ เฮ้าส์ จำกัด
LHCYBER-DSSF,2026-10-06,11.8375,11.8376,11.8375,4569449.71,M0053_2564,บริษัทหลักทรัพย์จัดการกองทุน แลนด์ แอนด์ เฮ้าส์ จำกัด
LHCYBER-E,2026-10-06,13.7787,13.7788,13.7787,7996766.93,M0053_2564,บริษัทหลักทรัพย์จัดการกองทุน แลนด์ แอนด์ เฮ้าส์ จำกัด
LHCYBERRMF,2026-10-06,14.0267,14.0268,14.0267,16906881.05,M0705_2568,บริษัทหลักทรัพย์จัดการกองทุน แลนด์ แอนด์ เฮ้าส์ จำกัด
LHDEBT-A,2026-10-07,12.9122,12.9123,12.9122,152373562.1,M0433_2555,บริษัทหลักทรัพย์จัดการกองทุน แลนด์ แอนด์ เฮ้าส์ จำกัด
LHDEBT-D,2026-10-07,11.7355,11.7356,11.7355,14692031.64,M0433_2555,บริษัทหลักทรัพย์จัดการกองทุน แลนด์ แอนด์ เฮ้าส์ จำกัด
LHDEBT-E,2026-10-07,12.7311,12.7312,12.7311,1382389.92,M0433_2555,บริษัทหลักทรัพย์จัดการกองทุน แลนด์ แอนด์ เฮ้าส์ จำกัด
LHDEBT-L,2026-10-07,12.9611,12.9612,12.9611,26676400.55,M0433_2555,บริษัทหลักทรัพย์จัดการกองทุน แลนด์ แอนด์ เฮ้าส์ จำกัด
LHDEBT-R,2026-10-07,12.8842,12.8843,12.8842,3422016.03,M0433_2555,บริษัทหลักทรัพย์จัดการกองทุน แลนด์ แอนด์ เฮ้าส์ จำกัด
LHDEBTPVD-A,2026-10-07,11.1861,11.1862,11.1861,1793877734.64,M0508_2562,บริษัทหลักทรัพย์จัดการกองทุน แลนด์ แอนด์ เฮ้าส์ จำกัด
LHDEBTPVD-UA,2026-10-07,11.1861,11.1862,11.1861,0,M0508_2562,บริษัทหลักทรัพย์จัดการกองทุน แลนด์ แอนด์ เฮ้าส์ จำกัด
LHDIGITAL-A,2026-10-06,16.1859,16.3883,16.1859,39024827.52,M0059_2561,บริษัทหลักทรัพย์จัดการกองทุน แลนด์ แอนด์ เฮ้าส์ จำกัด
LHDIGITAL-D,2026-10-06,9.6405,9.7611,9.6405,59146380.95,M0059_2561,บริษัทหลักทรัพย์จัดการกองทุน แลนด์ แอนด์ เฮ้าส์ จำกัด
LHDIGITAL-E,2026-10-06,13.1757,13.1758,13.1757,9281628.27,M0059_2561,บริษัทหลักทรัพย์จัดการกองทุน แลนด์ แอนด์ เฮ้าส์ จำกัด
LHDIGITAL-R,2026-10-06,16.1806,16.383,16.1806,1056904.29,M0059_2561,บริษัทหลักทรัพย์จัดการกองทุน แลนด์ แอนด์ เฮ้าส์ จำกัด
LHDRAM,2026-10-06,8.1234,8.2539,8.1234,843915580.5,M0561_2569,บริษัทหลักทรัพย์จัดการกองทุน แลนด์ แอนด์ เฮ้าส์ จำกัด
LHDRAM-AI,2026-10-06,9.6149,9.7693,9.6149,47579721.4,M0678_2569,บริษัทหลักทรัพย์จัดการกองทุน แลนด์ แอนด์ เฮ้าส์ จำกัด
LHEME-A,2026-10-06,11.2242,11.3927,11.2242,91786945.59,M0031_2561,บริษัทหลักทรัพย์จัดการกองทุน แลนด์ แอนด์ เฮ้าส์ จำกัด
LHEME-D,2026-10-06,9.4217,9.5631,9.4217,162170854.4,M0031_2561,บริษัทหลักทรัพย์จัดการกองทุน แลนด์ แอนด์ เฮ้าส์ จำกัด
LHEME-E,2026-10-06,11.2221,11.2222,11.2221,8487007.32,M0031_2561,บริษัทหลักทรัพย์จัดการกองทุน แลนด์ แอนด์ เฮ้าส์ จำกัด
LHEQD-A,2026-10-07,16.6164,16.6165,16.6164,288298063.32,M0496_2555,บริษัทหลักทรัพย์จัดการกองทุน แลนด์ แอนด์ เฮ้าส์ จำกัด
LHEQD-D,2026-10-07,5.6652,5.6653,5.6652,25872129.22,M0496_2555,บริษัทหลักทรัพย์จัดการกองทุน แลนด์ แอนด์ เฮ้าส์ จำกัด
LHEQD-E,2026-10-07,14.0958,14.0959,14.0958,467931.18,M0496_2555,บริษัทหลักทรัพย์จัดการกองทุน แลนด์ แอนด์ เฮ้าส์ จำกัด
LHEQD-R,2026-10-07,16.5175,16.5176,16.5175,2852507.72,M0496_2555,บริษัทหลักทรัพย์จัดการกองทุน แลนด์ แอนด์ เฮ้าส์ จำกัด
LHEQDPLUS-A,2026-10-07,12.6565,12.7832,12.6565,6466401.12,M0503_2561,บริษัทหลักทรัพย์จัดการกองทุน แลนด์ แอนด์ เฮ้าส์ จำกัด
LHEQDPLUS-D,2026-10-07,9.7499,9.8475,9.7499,205211293.72,M0503_2561,บริษัทหลักทรัพย์จัดการกองทุน แลนด์ แอนด์ เฮ้าส์ จำกัด
LHESPORT-A,2026-10-06,12.3831,12.538,12.3831,133493132.21,M0462_2563,บริษัทหลักทรัพย์จัดการกองทุน แลนด์ แอนด์ เฮ้าส์ จำกัด
LHESPORT-D,2026-10-06,9.6546,9.7754,9.6546,69098892.93,M0462_2563,บริษัทหลักทรัพย์จัดการกองทุน แลนด์ แอนด์ เฮ้าส์ จำกัด
LHESPORT-E,2026-10-06,12.3776,12.3777,12.3776,15006305.03,M0462_2563,บริษัทหลักทรัพย์จัดการกองทุน แลนด์ แอนด์ เฮ้าส์ จำกัด
LHEUROPE-A,2026-10-06,10.8678,11.0309,10.8678,5693959.15,M0380_2564,บริษัทหลักทรัพย์จัดการกองทุน แลนด์ แอนด์ เฮ้าส์ จำกัด
LHEUROPE-ASSF,2026-10-06,10.8658,10.8659,10.8658,1762128.8,M0380_2564,บริษัทหลักทรัพย์จัดการกองทุน แลนด์ แอนด์ เฮ้าส์ จำกัด
LHEUROPE-D,2026-10-06,9.7771,9.9239,9.7771,8427914.35,M0380_2564,บริษัทหลักทรัพย์จัดการกองทุน แลนด์ แอนด์ เฮ้าส์ จำกัด
LHEUROPE-DSSF,2026-10-06,10.1224,10.1225,10.1224,2435328.49,M0380_2564,บริษัทหลักทรัพย์จัดการกองทุน แลนด์ แอนด์ เฮ้าส์ จำกัด
LHEUROPE-E,2026-10-06,10.8681,10.8682,10.8681,2783830.4,M0380_2564,บริษัทหลักทรัพย์จัดการกองทุน แลนด์ แอนด์ เฮ้าส์ จำกัด
LHFL,2026-10-07,10.9161,11.0254,10.9161,145603415.04,M0144_2556,บริษัทหลักทรัพย์จัดการกองทุน แลนด์ แอนด์ เฮ้าส์ จำกัด
LHFLRMF,2026-10-07,15.9515,15.9516,15.9515,252946216.21,M0885_2555,บริษัทหลักทรัพย์จัดการกองทุน แลนด์ แอนด์ เฮ้าส์ จำกัด
LHGALPHA,2026-10-06,10.5698,10.7395,10.5698,68464458.29,M0379_2569,บริษัทหลักทรัพย์จัดการกองทุน แลนด์ แอนด์ เฮ้าส์ จำกัด
LHGAS,2026-10-06,9.493,9.6455,9.493,53721698.58,M0417_2569,บริษัทหลักทรัพย์จัดการกองทุน แลนด์ แอนด์ เฮ้าส์ จำกัด
LHGBLOCK-A,2026-10-06,13.1719,13.3037,13.1719,92676295.24,M0149_2567,บริษัทหลักทรัพย์จัดการกองทุน แลนด์ แอนด์ เฮ้าส์ จำกัด
LHGBLOCK-ASSF,2026-10-06,13.1671,13.1672,13.1671,1494498.03,M0149_2567,บริษัทหลักทรัพย์จัดการกองทุน แลนด์ แอนด์ เฮ้าส์ จำกัด
LHGBLOCK-D,2026-10-06,11.9164,12.0357,11.9164,28154657.11,M0149_2567,บริษัทหลักทรัพย์จัดการกองทุน แลนด์ แอนด์ เฮ้าส์ จำกัด
LHGBLOCK-DSSF,2026-10-06,12.4739,12.474,12.4739,1263112.76,M0149_2567,บริษัทหลักทรัพย์จัดการกองทุน แลนด์ แอนด์ เฮ้าส์ จำกัด
LHGBLOCK-E,2026-10-06,13.1724,13.1725,13.1724,9619991.85,M0149_2567,บริษัทหลักทรัพย์จัดการกองทุน แลนด์ แอนด์ เฮ้าส์ จำกัด
LHGDEFENSE-A,2026-10-06,7.3431,7.4611,7.3431,94193029.81,M1002_2568,บริษัทหลักทรัพย์จัดการกองทุน แลนด์ แอนด์ เฮ้าส์ จำกัด
LHGDEFENSE-D,2026-10-06,7.3433,7.4613,7.3433,383673.48,M1002_2568,บริษัทหลักทรัพย์จัดการกองทุน แลนด์ แอนด์ เฮ้าส์ จำกัด
LHGDEFENSE-E,2026-10-06,7.3431,7.3432,7.3431,2286241.55,M1002_2568,บริษัทหลักทรัพย์จัดการกองทุน แลนด์ แอนด์ เฮ้าส์ จำกัด
LHGDIV-A,2026-10-06,12.266,12.4501,12.266,13917358.2,M0145_2565,บริษัทหลักทรัพย์จัดการกองทุน แลนด์ แอนด์ เฮ้าส์ จำกัด
LHGDIV-ASSF,2026-10-06,12.2671,12.2672,12.2671,840038.77,M0145_2565,บริษัทหลักทรัพย์จัดการกองทุน แลนด์ แอนด์ เฮ้าส์ จำกัด
LHGDIV-D,2026-10-06,10.997,11.1621,10.997,8505483.98,M0145_2565,บริษัทหลักทรัพย์จัดการกองทุน แลนด์ แอนด์ เฮ้าส์ จำกัด
LHGDIV-DSSF,2026-10-06,11.7416,11.7417,11.7416,1441203.34,M0145_2565,บริษัทหลักทรัพย์จัดการกองทุน แลนด์ แอนด์ เฮ้าส์ จำกัด
LHGDIV-E,2026-10-06,12.2658,12.2659,12.2658,2048726.72,M0145_2565,บริษัทหลักทรัพย์จัดการกองทุน แลนด์ แอนด์ เฮ้าส์ จำกัด
LHGDYNAMIC-A,2026-10-06,10.6397,10.7462,10.6397,3723935.01,M0460_2563,บริษัทหลักทรัพย์จัดการกองทุน แลนด์ แอนด์ เฮ้าส์ จำกัด
LHGDYNAMIC-D,2026-10-06,9.0352,9.1257,9.0352,5218145.13,M0460_2563,บริษัทหลักทรัพย์จัดการกองทุน แลนด์ แอนด์ เฮ้าส์ จำกัด
LHGDYNAMIC-E,2026-10-06,10.6394,10.6395,10.6394,5547602.12,M0460_2563,บริษัทหลักทรัพย์จัดการกองทุน แลนด์ แอนด์ เฮ้าส์ จำกัด
LHGENHANCED-A,2026-10-05,11.3389,11.4524,11.3389,74613070.27,M0090_2568,บริษัทหลักทรัพย์จัดการกองทุน แลนด์ แอนด์ เฮ้าส์ จำกัด
LHGEQ-A,2026-10-06,17.6056,17.8698,17.6056,1304502518.48,M0195_2561,บริษัทหลักทรัพย์จัดการกองทุน แลนด์ แอนด์ เฮ้าส์ จำกัด
LHGEQ-ASSF,2026-10-06,16.5797,16.5798,16.5797,21124292.93,M0195_2561,บริษัทหลักทรัพย์จัดการกองทุน แลนด์ แอนด์ เฮ้าส์ จำกัด
LHGEQ-D,2026-10-06,12.9473,13.1416,12.9473,165275452.76,M0195_2561,บริษัทหลักทรัพย์จัดการกองทุน แลนด์ แอนด์ เฮ้าส์ จำกัด
LHGEQ-DSSF,2026-10-06,16.077,16.0771,16.077,20858071.34,M0195_2561,บริษัทหลักทรัพย์จัดการกองทุน แลนด์ แอนด์ เฮ้าส์ จำกัด
LHGEQ-E,2026-10-06,16.1173,16.1174,16.1173,9163468.53,M0195_2561,บริษัทหลักทรัพย์จัดการกองทุน แลนด์ แอนด์ เฮ้าส์ จำกัด
LHGEQ-R,2026-10-06,17.6018,17.8659,17.6018,3132752.92,M0195_2561,บริษัทหลักทรัพย์จัดการกองทุน แลนด์ แอนด์ เฮ้าส์ จำกัด
LHGEQP-A,2026-10-06,15.3725,15.5648,15.3725,832217682.72,M0112_2565,บริษัทหลักทรัพย์จัดการกองทุน แลนด์ แอนด์ เฮ้าส์ จำกัด
LHGEQP-ASSF,2026-10-06,15.3811,15.3812,15.3811,2933770.7,M0112_2565,บริษัทหลักทรัพย์จัดการกองทุน แลนด์ แอนด์ เฮ้าส์ จำกัด
LHGEQP-D,2026-10-06,13.2142,13.3795,13.2142,5814772.77,M0112_2565,บริษัทหลักทรัพย์จัดการกองทุน แลนด์ แอนด์ เฮ้าส์ จำกัด
LHGEQP-DSSF,2026-10-06,13.8114,13.8115,13.8114,3725333.65,M0112_2565,บริษัทหลักทรัพย์จัดการกองทุน แลนด์ แอนด์ เฮ้าส์ จำกัด
LHGEQP-E,2026-10-06,15.3734,15.3735,15.3734,3821171.05,M0112_2565,บริษัทหลักทรัพย์จัดการกองทุน แลนด์ แอนด์ เฮ้าส์ จำกัด
LHGEQRMF,2026-10-06,13.6975,13.6976,13.6975,138677647.28,M0274_2563,บริษัทหลักทรัพย์จัดการกองทุน แลนด์ แอนด์ เฮ้าส์ จำกัด
LHGIGO-A,2026-10-05,10.076,10.1769,10.076,740226034.72,M0126_2568,บริษัทหลักทรัพย์จัดการกองทุน แลนด์ แอนด์ เฮ้าส์ จำกัด
LHGIGO-D,2026-10-05,10.0759,10.1768,10.0759,50970564.12,M0126_2568,บริษัทหลักทรัพย์จัดการกองทุน แลนด์ แอนด์ เฮ้าส์ จำกัด
LHGIGO-E,2026-10-05,10.0761,10.0762,10.0761,11534878.76,M0126_2568,บริษัทหลักทรัพย์จัดการกองทุน แลนด์ แอนด์ เฮ้าส์ จำกัด
LHGIGORMF,2026-10-05,9.6944,9.6945,9.6944,7371043.55,M0589_2568,บริษัทหลักทรัพย์จัดการกองทุน แลนด์ แอนด์ เฮ้าส์ จำกัด
LHGINCOME-A,2026-10-05,9.2484,9.2762,9.2484,40509893.41,M0315_2560,บริษัทหลักทรัพย์จัดการกองทุน แลนด์ แอนด์ เฮ้าส์ จำกัด
LHGINCOME-D,2026-10-05,8.6749,8.701,8.6749,13748058.67,M0315_2560,บริษัทหลักทรัพย์จัดการกองทุน แลนด์ แอนด์ เฮ้าส์ จำกัด
LHGINCOME-E,2026-10-05,9.1348,9.1349,9.1348,562397.72,M0315_2560,บริษัทหลักทรัพย์จัดการกองทุน แลนด์ แอนด์ เฮ้าส์ จำกัด
LHGINCOME-R,2026-10-05,9.248,9.2758,9.248,1856373.09,M0315_2560,บริษัทหลักทรัพย์จัดการกองทุน แลนด์ แอนด์ เฮ้าส์ จำกัด
LHGINCOMERMF,2026-10-05,9.0025,9.0026,9.0025,18161429.28,M0500_2560,บริษัทหลักทรัพย์จัดการกองทุน แลนด์ แอนด์ เฮ้าส์ จำกัด
LHGLIFEE-A,2026-10-06,10.8834,11.0468,10.8834,94008976.85,M0425_2560,บริษัทหลักทรัพย์จัดการกองทุน แลนด์ แอนด์ เฮ้าส์ จำกัด
LHGLIFEE-D,2026-10-06,8.3854,8.5113,8.3854,147616089.3,M0425_2560,บริษัทหลักทรัพย์จัดการกองทุน แลนด์ แอนด์ เฮ้าส์ จำกัด
LHGLIFEE-E,2026-10-06,10.5626,10.5627,10.5626,4355616.75,M0425_2560,บริษัทหลักทรัพย์จัดการกองทุน แลนด์ แอนด์ เฮ้าส์ จำกัด
LHGOLD-A,2026-10-06,15.7345,15.7661,15.7345,165330208.73,M0334_2563,บริษัทหลักทรัพย์จัดการกองทุน แลนด์ แอนด์ เฮ้าส์ จำกัด
LHGOLD-D,2026-10-06,13.5735,13.6007,13.5735,54416283.56,M0334_2563,บริษัทหลักทรัพย์จัดการกองทุน แลนด์ แอนด์ เฮ้าส์ จำกัด
LHGOLD-E,2026-10-06,15.7504,15.7505,15.7504,12128531.14,M0334_2563,บริษัทหลักทรัพย์จัดการกองทุน แลนด์ แอนด์ เฮ้าส์ จำกัด
LHGOVRMF,2026-10-07,11.8441,11.8442,11.8441,608830965.26,M0890_2555,บริษัทหลักทรัพย์จัดการกองทุน แลนด์ แอนด์ เฮ้าส์ จำกัด
LHGPAFUI-A,2026-10-06,10.4864,10.67,10.4864,27842304.86,M0274_2567,บริษัทหลักทรัพย์จัดการกองทุน แลนด์ แอนด์ เฮ้าส์ จำกัด
LHGREEN-A,2026-10-05,9.1495,9.264,9.1495,22728350.49,M0052_2564,บริษัทหลักทรัพย์จัดการกองทุน แลนด์ แอนด์ เฮ้าส์ จำกัด
LHGREEN-D,2026-10-05,8.2483,8.3515,8.2483,4086533.09,M0052_2564,บริษัทหลักทรัพย์จัดการกองทุน แลนด์ แอนด์ เฮ้าส์ จำกัด
LHGREEN-E,2026-10-05,9.1494,9.1495,9.1494,2884040.72,M0052_2564,บริษัทหลักทรัพย์จัดการกองทุน แลนด์ แอนด์ เฮ้าส์ จำกัด
LHGREEN-IA,2026-10-05,9.014,9.0141,9.014,0,M0052_2564,บริษัทหลักทรัพย์จัดการกองทุน แลนด์ แอนด์ เฮ้าส์ จำกัด
LHGRID,2026-10-06,9.6933,9.7702,9.6933,116379751.73,M0534_2569,บริษัทหลักทรัพย์จัดการกองทุน แลนด์ แอนด์ เฮ้าส์ จำกัด
LHGROWTH-A,2026-10-07,17.716,17.7161,17.716,469411166.66,M0113_2556,บริษัทหลักทรัพย์จัดการกองทุน แลนด์ แอนด์ เฮ้าส์ จำกัด
LHGROWTH-D,2026-10-07,8.56,8.5601,8.56,24392482.89,M0113_2556,บริษัทหลักทรัพย์จัดการกองทุน แลนด์ แอนด์ เฮ้าส์ จำกัด
LHGROWTH-E,2026-10-07,15.789,15.7891,15.789,4741755.82,M0113_2556,บริษัทหลักทรัพย์จัดการกองทุน แลนด์ แอนด์ เฮ้าส์ จำกัด
LHGROWTH-R,2026-10-07,17.6302,17.6303,17.6302,3749176.08,M0113_2556,บริษัทหลักทรัพย์จัดการกองทุน แลนด์ แอนด์ เฮ้าส์ จำกัด
LHGSELECT-A,2026-10-06,11.4505,11.6224,11.4505,114656925.51,M0994_2567,บริษัทหลักทรัพย์จัดการกองทุน แลนด์ แอนด์ เฮ้าส์ จำกัด
LHGSELECT-D,2026-10-06,9.4742,9.6164,9.4742,1445047.71,M0994_2567,บริษัทหลักทรัพย์จัดการกองทุน แลนด์ แอนด์ เฮ้าส์ จำกัด
LHGSELECT-E,2026-10-06,11.4508,11.4509,11.4508,5118919.36,M0994_2567,บริษัทหลักทรัพย์จัดการกองทุน แลนด์ แอนด์ เฮ้าส์ จำกัด
LHHEALTH-A,2026-10-06,5.9857,6.0606,5.9857,55808531.5,M0216_2564,บริษัทหลักทรัพย์จัดการกองทุน แลนด์ แอนด์ เฮ้าส์ จำกัด
LHHEALTH-ASSF,2026-10-06,5.9221,5.9222,5.9221,431590.91,M0216_2564,บริษัทหลักทรัพย์จัดการกองทุน แลนด์ แอนด์ เฮ้าส์ จำกัด
LHHEALTH-D,2026-10-06,5.6993,5.7706,5.6993,29477403.44,M0216_2564,บริษัทหลักทรัพย์จัดการกองทุน แลนด์ แอนด์ เฮ้าส์ จำกัด
LHHEALTH-DSSF,2026-10-06,5.9211,5.9212,5.9211,446545.26,M0216_2564,บริษัทหลักทรัพย์จัดการกองทุน แลนด์ แอนด์ เฮ้าส์ จำกัด
LHHEALTH-E,2026-10-06,5.9873,5.9874,5.9873,7597205.06,M0216_2564,บริษัทหลักทรัพย์จัดการกองทุน แลนด์ แอนด์ เฮ้าส์ จำกัด
LHHUMANOID,2026-10-06,8.7679,8.9087,8.7679,139101063.89,M0367_2569,บริษัทหลักทรัพย์จัดการกองทุน แลนด์ แอนด์ เฮ้าส์ จำกัด
LHINDIAE-A,2026-10-06,9.4053,9.4995,9.4053,8359781.48,M0579_2560,บริษัทหลักทรัพย์จัดการกองทุน แลนด์ แอนด์ เฮ้าส์ จำกัด
LHINDIAE-D,2026-10-06,8.3633,8.447,8.3633,8497032.8,M0579_2560,บริษัทหลักทรัพย์จัดการกองทุน แลนด์ แอนด์ เฮ้าส์ จำกัด
LHINDIAE-E,2026-10-06,9.4068,9.4069,9.4068,3338424.11,M0579_2560,บริษัทหลักทรัพย์จัดการกองทุน แลนด์ แอนด์ เฮ้าส์ จำกัด
LHINNO-A,2026-10-06,5.2734,5.3394,5.2734,558764055.11,M0585_2563,บริษัทหลักทรัพย์จัดการกองทุน แลนด์ แอนด์ เฮ้าส์ จำกัด
LHINNO-D,2026-10-06,4.7468,4.8062,4.7468,167307768.31,M0585_2563,บริษัทหลักทรัพย์จัดการกองทุน แลนด์ แอนด์ เฮ้าส์ จำกัด
LHINNO-E,2026-10-06,5.2729,5.273,5.2729,43125631.51,M0585_2563,บริษัทหลักทรัพย์จัดการกองทุน แลนด์ แอนด์ เฮ้าส์ จำกัด
LHIP-D,2026-10-07,9.5512,9.6468,9.5512,286116360.35,M0195_2559,บริษัทหลักทรัพย์จัดการกองทุน แลนด์ แอนด์ เฮ้าส์ จำกัด
LHJAPE-A,2026-10-05,16.001,16.2011,16.001,2624852.46,M0617_2558,บริษัทหลักทรัพย์จัดการกองทุน แลนด์ แอนด์ เฮ้าส์ จำกัด
LHJAPE-D,2026-10-05,13.8347,14.0077,13.8347,22533317.49,M0617_2558,บริษัทหลักทรัพย์จัดการกองทุน แลนด์ แอนด์ เฮ้าส์ จำกัด
LHJAPE-E,2026-10-05,15.9884,15.9885,15.9884,4929116.25,M0617_2558,บริษัทหลักทรัพย์จัดการกองทุน แลนด์ แอนด์ เฮ้าส์ จำกัด
LHLONGEVITY,2026-10-06,10.8295,11.0034,10.8295,68869641.45,M0233_2569,บริษัทหลักทรัพย์จัดการกองทุน แลนด์ แอนด์ เฮ้าส์ จำกัด
LHMEGA-A,2026-10-06,13.4324,13.6004,13.4324,20692569.27,M0285_2563,บริษัทหลักทรัพย์จัดการกองทุน แลนด์ แอนด์ เฮ้าส์ จำกัด
LHMEGA-D,2026-10-06,10.5978,10.7304,10.5978,9033388.16,M0285_2563,บริษัทหลักทรัพย์จัดการกองทุน แลนด์ แอนด์ เฮ้าส์ จำกัด
LHMEGA-E,2026-10-06,13.4349,13.435,13.4349,843579.18,M0285_2563,บริษัทหลักทรัพย์จัดการกองทุน แลนด์ แอนด์ เฮ้าส์ จำกัด
LHMM-A,2026-10-07,12.4185,12.4186,12.4185,2693934220.93,M0881_2554,บริษัทหลักทรัพย์จัดการกองทุน แลนด์ แอนด์ เฮ้าส์ จำกัด
LHMM-ASSF,2026-10-07,12.4168,12.4169,12.4168,7218825.14,M0881_2554,บริษัทหลักทรัพย์จัดการกองทุน แลนด์ แอนด์ เฮ้าส์ จำกัด
LHMM-L,2026-10-07,12.4185,12.4186,12.4185,0,M0881_2554,บริษัทหลักทรัพย์จัดการกองทุน แลนด์ แอนด์ เฮ้าส์ จำกัด
LHMMPVD,2026-10-07,10.8096,10.8097,10.8096,437186518.05,M0500_2562,บริษัทหลักทรัพย์จัดการกองทุน แลนด์ แอนด์ เฮ้าส์ จำกัด
LHMMRMF,2026-10-07,10.4798,10.4799,10.4798,53810266.18,M0562_2565,บริษัทหลักทรัพย์จัดการกองทุน แลนด์ แอนด์ เฮ้าส์ จำกัด
LHMOBILITY-A,2026-10-05,6.8764,6.9796,6.8764,15195348.91,M0098_2564,บริษัทหลักทรัพย์จัดการกองทุน แลนด์ แอนด์ เฮ้าส์ จำกัด
LHMOBILITY-D,2026-10-05,5.9317,6.0208,5.9317,2846795.67,M0098_2564,บริษัทหลักทรัพย์จัดการกองทุน แลนด์ แอนด์ เฮ้าส์ จำกัด
LHMOBILITY-E,2026-10-05,6.8763,6.8764,6.8763,4985490.95,M0098_2564,บริษัทหลักทรัพย์จัดการกองทุน แลนด์ แอนด์ เฮ้าส์ จำกัด
LHMSFL-A,2026-10-07,16.7233,16.8906,16.7233,3187196.46,M0413_2558,บริษัทหลักทรัพย์จัดการกองทุน แลนด์ แอนด์ เฮ้าส์ จำกัด
LHMSFL-D,2026-10-07,9.5402,9.6357,9.5402,3428194.84,M0413_2558,บริษัทหลักทรัพย์จัดการกองทุน แลนด์ แอนด์ เฮ้าส์ จำกัด
LHMSFL-R,2026-10-07,16.7358,16.9033,16.7358,2998870.01,M0413_2558,บริษัทหลักทรัพย์จัดการกองทุน แลนด์ แอนด์ เฮ้าส์ จำกัด
LHNUKZ-A,2026-10-06,9.116,9.2528,9.116,202796815.63,M0647_2568,บริษัทหลักทรัพย์จัดการกองทุน แลนด์ แอนด์ เฮ้าส์ จำกัด
LHNUKZ-E,2026-10-06,9.1158,9.1159,9.1158,9524071.8,M0647_2568,บริษัทหลักทรัพย์จัดการกองทุน แลนด์ แอนด์ เฮ้าส์ จำกัด
LHPHOTONICS,2026-10-06,9.0546,9.1264,9.0546,100996406.76,M0514_2569,บริษัทหลักทรัพย์จัดการกองทุน แลนด์ แอนด์ เฮ้าส์ จำกัด
LHPROP-I,2026-10-07,7.4724,7.5099,7.4724,951955862.11,M0524_2558,บริษัทหลักทรัพย์จัดการกองทุน แลนด์ แอนด์ เฮ้าส์ จำกัด
LHPROPG-A,2026-10-05,7.5254,7.6196,7.5254,6080679.52,M0563_2562,บริษัทหลักทรัพย์จัดการกองทุน แลนด์ แอนด์ เฮ้าส์ จำกัด
LHPROPG-D,2026-10-05,6.5854,6.6678,6.5854,89898316.53,M0563_2562,บริษัทหลักทรัพย์จัดการกองทุน แลนด์ แอนด์ เฮ้าส์ จำกัด
LHPROPG-E,2026-10-05,7.5267,7.5268,7.5267,1290557.59,M0563_2562,บริษัทหลักทรัพย์จัดการกองทุน แลนด์ แอนด์ เฮ้าส์ จำกัด
LHPROPIA-A,2026-10-07,8.7725,8.8603,8.7725,8299883.69,M0204_2559,บริษัทหลักทรัพย์จัดการกองทุน แลนด์ แอนด์ เฮ้าส์ จำกัด
LHPROPIA-ASSF,2026-10-07,8.7231,8.7232,8.7231,1186199.67,M0204_2559,บริษัทหลักทรัพย์จัดการกองทุน แลนด์ แอนด์ เฮ้าส์ จำกัด
LHPROPIA-D,2026-10-07,7.9299,8.0093,7.9299,583822712.59,M0204_2559,บริษัทหลักทรัพย์จัดการกองทุน แลนด์ แอนด์ เฮ้าส์ จำกัด
LHPROPIA-DSSF,2026-10-07,8.3154,8.3155,8.3154,2210283.05,M0204_2559,บริษัทหลักทรัพย์จัดการกองทุน แลนด์ แอนด์ เฮ้าส์ จำกัด
LHPROPIA-E,2026-10-07,8.7691,8.7692,8.7691,1429291.99,M0204_2559,บริษัทหลักทรัพย์จัดการกองทุน แลนด์ แอนด์ เฮ้าส์ จำกัด
LHPROPINFRA-D,2026-10-07,7.739,7.7778,7.739,136933305.96,M0163_2559,บริษัทหลักทรัพย์จัดการกองทุน แลนด์ แอนด์ เฮ้าส์ จำกัด
LHPROPINFRA-E,2026-10-07,10.2795,10.2796,10.2795,1093856.17,M0163_2559,บริษัทหลักทรัพย์จัดการกองทุน แลนด์ แอนด์ เฮ้าส์ จำกัด
LHQTUM-A,2026-10-06,15.6407,15.8754,15.6407,398285921.59,M0049_2568,บริษัทหลักทรัพย์จัดการกองทุน แลนด์ แอนด์ เฮ้าส์ จำกัด
LHQTUM-E,2026-10-06,15.6388,15.6389,15.6388,13106097.61,M0049_2568,บริษัทหลักทรัพย์จัดการกองทุน แลนด์ แอนด์ เฮ้าส์ จำกัด
LHROBOTE-A,2026-10-05,18.1087,18.3352,18.1087,29069736.49,M0658_2560,บริษัทหลักทรัพย์จัดการกองทุน แลนด์ แอนด์ เฮ้าส์ จำกัด
LHROBOTE-D,2026-10-05,14.44,14.6206,14.44,119575796.72,M0658_2560,บริษัทหลักทรัพย์จัดการกองทุน แลนด์ แอนด์ เฮ้าส์ จำกัด
LHROBOTE-E,2026-10-05,18.0718,18.0719,18.0718,4869847.23,M0658_2560,บริษัทหลักทรัพย์จัดการกองทุน แลนด์ แอนด์ เฮ้าส์ จำกัด
LHSBUSD6M1,2026-10-07,10.1045,10.1046,10.1045,1659097.86,M0570_2567,บริษัทหลักทรัพย์จัดการกองทุน แลนด์ แอนด์ เฮ้าส์ จำกัด
LHSELECT-D,2026-10-07,8.541,8.6265,8.541,94236891.86,M0322_2560,บริษัทหลักทรัพย์จัดการกองทุน แลนด์ แอนด์ เฮ้าส์ จำกัด
LHSEMICON-A,2026-10-06,29.5318,30.0059,29.5318,948829083.55,M0227_2564,บริษัทหลักทรัพย์จัดการกองทุน แลนด์ แอนด์ เฮ้าส์ จำกัด
LHSEMICON-D,2026-10-06,20.2105,20.535,20.2105,205846014.08,M0227_2564,บริษัทหลักทรัพย์จัดการกองทุน แลนด์ แอนด์ เฮ้าส์ จำกัด
LHSEMICON-E,2026-10-06,29.5302,29.5303,29.5302,21246304.21,M0227_2564,บริษัทหลักทรัพย์จัดการกองทุน แลนด์ แอนด์ เฮ้าส์ จำกัด
LHSET100,2026-10-07,9.8393,9.8886,9.8393,117354605.28,M0783_2569,บริษัทหลักทรัพย์จัดการกองทุน แลนด์ แอนด์ เฮ้าส์ จำกัด
LHSITHAIESG,2026-10-07,10.2052,10.2053,10.2052,23389885.0,M0801_2567,บริษัทหลักทรัพย์จัดการกองทุน แลนด์ แอนด์ เฮ้าส์ จำกัด
LHSMART-D,2026-10-07,8.4814,8.5663,8.4814,150789952.88,M0220_2559,บริษัทหลักทรัพย์จัดการกองทุน แลนด์ แอนด์ เฮ้าส์ จำกัด
LHSMARTDSSF-SSF,2026-10-07,13.0531,13.0532,13.0531,103052466.65,M0135_2563,บริษัทหลักทรัพย์จัดการกองทุน แลนด์ แอนด์ เฮ้าส์ จำกัด
LHSMARTDSSF-SSFX,2026-10-07,12.8222,12.8223,12.8222,49582823.35,M0135_2563,บริษัทหลักทรัพย์จัดการกองทุน แลนด์ แอนด์ เฮ้าส์ จำกัด
LHSMARTMIX,2026-10-07,12.5959,12.596,12.5959,105396622.53,M0435_2559,บริษัทหลักทรัพย์จัดการกองทุน แลนด์ แอนด์ เฮ้าส์ จำกัด
LHSOLAR,2026-10-06,6.2844,6.3854,6.2844,463121262.61,M0489_2569,บริษัทหลักทรัพย์จัดการกองทุน แลนด์ แอนด์ เฮ้าส์ จำกัด
LHSPACE-A,2026-10-06,17.1339,17.391,17.1339,351091766.06,M0521_2567,บริษัทหลักทรัพย์จัดการกองทุน แลนด์ แอนด์ เฮ้าส์ จำกัด
LHSPACE-ASSF,2026-10-06,17.1428,17.1429,17.1428,1710437.6,M0521_2567,บริษัทหลักทรัพย์จัดการกองทุน แลนด์ แอนด์ เฮ้าส์ จำกัด
LHSPACE-D,2026-10-06,15.595,15.829,15.595,22727663.01,M0521_2567,บริษัทหลักทรัพย์จัดการกองทุน แลนด์ แอนด์ เฮ้าส์ จำกัด
LHSPACE-DSSF,2026-10-06,15.5828,15.5829,15.5828,1988590.46,M0521_2567,บริษัทหลักทรัพย์จัดการกองทุน แลนด์ แอนด์ เฮ้าส์ จำกัด
LHSPACE-E,2026-10-06,17.1333,17.1334,17.1333,9963229.39,M0521_2567,บริษัทหลักทรัพย์จัดการกองทุน แลนด์ แอนด์ เฮ้าส์ จำกัด
LHSTPLUS-A,2026-10-07,11.3955,11.3956,11.3955,2978831329.18,M0504_2559,บริษัทหลักทรัพย์จัดการกองทุน แลนด์ แอนด์ เฮ้าส์ จำกัด
LHSTPLUS-ASSF,2026-10-07,11.3952,11.3953,11.3952,6066212.37,M0504_2559,บริษัทหลักทรัพย์จัดการกองทุน แลนด์ แอนด์ เฮ้าส์ จำกัด
LHSTRATEGY-A,2026-10-07,13.4137,13.615,13.4137,27104385.22,M0062_2560,บริษัทหลักทรัพย์จัดการกองทุน แลนด์ แอนด์ เฮ้าส์ จำกัด
LHSTRATEGY-ASSF,2026-10-07,11.5245,11.5246,11.5245,23822534.52,M0062_2560,บริษัทหลักทรัพย์จัดการกองทุน แลนด์ แอนด์ เฮ้าส์ จำกัด
LHSTRATEGY-D,2026-10-07,8.6905,8.821,8.6905,21606270.0,M0062_2560,บริษัทหลักทรัพย์จัดการกองทุน แลนด์ แอนด์ เฮ้าส์ จำกัด
LHSTRATEGY-DSSF,2026-10-07,9.5126,9.5127,9.5126,17309786.13,M0062_2560,บริษัทหลักทรัพย์จัดการกองทุน แลนด์ แอนด์ เฮ้าส์ จำกัด
LHSTRATEGY-E,2026-10-07,11.4472,11.4473,11.4472,3443445.55,M0062_2560,บริษัทหลักทรัพย์จัดการกองทุน แลนด์ แอนด์ เฮ้าส์ จำกัด
LHSTRATEGY-O,2026-10-07,12.0238,12.0239,12.0238,361.09,M0062_2560,บริษัทหลักทรัพย์จัดการกองทุน แลนด์ แอนด์ เฮ้าส์ จำกัด
LHSTRATEGY-R,2026-10-07,13.4484,13.6502,13.4484,5659947.14,M0062_2560,บริษัทหลักทรัพย์จัดการกองทุน แลนด์ แอนด์ เฮ้าส์ จำกัด
LHSUPERAI,2026-10-06,10.4941,10.6626,10.4941,600036940.51,M0680_2569,บริษัทหลักทรัพย์จัดการกองทุน แลนด์ แอนด์ เฮ้าส์ จำกัด
LHTHAIEQ-A,2026-10-07,10.9873,10.9874,10.9873,21522501.14,M0582_2560,บริษัทหลักทรัพย์จัดการกองทุน แลนด์ แอนด์ เฮ้าส์ จำกัด
LHTHAIEQ-D,2026-10-07,9.4363,9.4364,9.4363,43462785.66,M0582_2560,บริษัทหลักทรัพย์จัดการกองทุน แลนด์ แอนด์ เฮ้าส์ จำกัด
LHTHAIESG-A,2026-10-07,10.2205,10.2206,10.2205,16296858.75,M0810_2566,บริษัทหลักทรัพย์จัดการกองทุน แลนด์ แอนด์ เฮ้าส์ จำกัด
LHTHAIESG-D,2026-10-07,9.3879,9.388,9.3879,33076542.59,M0810_2566,บริษัทหลักทรัพย์จัดการกองทุน แลนด์ แอนด์ เฮ้าส์ จำกัด
LHTHAIESGX-LT,2026-10-07,12.4987,12.4988,12.4987,47736313.17,M0357_2568,บริษัทหลักทรัพย์จัดการกองทุน แลนด์ แอนด์ เฮ้าส์ จำกัด
LHTHAIESGX-X,2026-10-07,12.4985,12.4986,12.4985,4942413.98,M0357_2568,บริษัทหลักทรัพย์จัดการกองทุน แลนด์ แอนด์ เฮ้าส์ จำกัด
LHTOPPICK-A,2026-10-07,8.2418,8.3243,8.2418,23694149.64,M0491_2560,บริษัทหลักทรัพย์จัดการกองทุน แลนด์ แอนด์ เฮ้าส์ จำกัด
LHTOPPICK-D,2026-10-07,5.8309,5.8893,5.8309,10145322.12,M0491_2560,บริษัทหลักทรัพย์จัดการกองทุน แลนด์ แอนด์ เฮ้าส์ จำกัด
LHTOPPICK-R,2026-10-07,8.2393,8.3218,8.2393,2215801.13,M0491_2560,บริษัทหลักทรัพย์จัดการกองทุน แลนด์ แอนด์ เฮ้าส์ จำกัด
LHTPROP,2026-10-07,8.688,8.7315,8.688,1139330216.14,M0545_2556,บริษัทหลักทรัพย์จัดการกองทุน แลนด์ แอนด์ เฮ้าส์ จำกัด
LHTPROPRMF,2026-10-07,14.6004,14.6005,14.6004,495871419.59,M0626_2558,บริษัทหลักทรัพย์จัดการกองทุน แลนด์ แอนด์ เฮ้าส์ จำกัด
LHTREASURY-A,2026-10-07,10.6251,10.6252,10.6251,2264804001.24,M0016_2565,บริษัทหลักทรัพย์จัดการกองทุน แลนด์ แอนด์ เฮ้าส์ จำกัด
LHTREASURY-L,2026-10-07,10.6251,10.6252,10.6251,0,M0016_2565,บริษัทหลักทรัพย์จัดการกองทุน แลนด์ แอนด์ เฮ้าส์ จำกัด
LHTRIG7M,2026-10-07,9.029,9.0742,9.029,36610407.76,M0234_2565,บริษัทหลักทรัพย์จัดการกองทุน แลนด์ แอนด์ เฮ้าส์ จำกัด
LHTWGHD-A,2026-10-07,17.146,17.4033,17.146,119486267.18,M0885_2567,บริษัทหลักทรัพย์จัดการกองทุน แลนด์ แอนด์ เฮ้าส์ จำกัด
LHTWGHD-R,2026-10-07,17.14,17.3972,17.14,9607333.14,M0885_2567,บริษัทหลักทรัพย์จัดการกองทุน แลนด์ แอนด์ เฮ้าส์ จำกัด
LHUS-A,2026-10-06,10.3273,10.4823,10.3273,23889530.01,M0877_2566,บริษัทหลักทรัพย์จัดการกองทุน แลนด์ แอนด์ เฮ้าส์ จำกัด
LHUS-ASSF,2026-10-06,10.3154,10.3155,10.3154,522085.31,M0877_2566,บริษัทหลักทรัพย์จัดการกองทุน แลนด์ แอนด์ เฮ้าส์ จำกัด
LHUS-D,2026-10-06,9.6104,9.7547,9.6104,1138796.32,M0877_2566,บริษัทหลักทรัพย์จัดการกองทุน แลนด์ แอนด์ เฮ้าส์ จำกัด
LHUS-DSSF,2026-10-06,9.6012,9.6013,9.6012,352019.28,M0877_2566,บริษัทหลักทรัพย์จัดการกองทุน แลนด์ แอนด์ เฮ้าส์ จำกัด
LHUSFIN-A,2026-10-06,12.2919,12.4764,12.2919,133584455.88,M0050_2565,บริษัทหลักทรัพย์จัดการกองทุน แลนด์ แอนด์ เฮ้าส์ จำกัด
LHUSFIN-ASSF,2026-10-06,12.2942,12.2943,12.2942,1735166.6,M0050_2565,บริษัทหลักทรัพย์จัดการกองทุน แลนด์ แอนด์ เฮ้าส์ จำกัด
LHUSFIN-D,2026-10-06,12.0983,12.2799,12.0983,1512724.06,M0050_2565,บริษัทหลักทรัพย์จัดการกองทุน แลนด์ แอนด์ เฮ้าส์ จำกัด
LHUSFIN-DSSF,2026-10-06,12.0923,12.0924,12.0923,1350309.19,M0050_2565,บริษัทหลักทรัพย์จัดการกองทุน แลนด์ แอนด์ เฮ้าส์ จำกัด
LHUSFIN-E,2026-10-06,12.291,12.2911,12.291,3533760.28,M0050_2565,บริษัทหลักทรัพย์จัดการกองทุน แลนด์ แอนด์ เฮ้าส์ จำกัด
LHVN-A,2026-10-05,7.6727,7.7879,7.6727,184952241.05,M0312_2564,บริษัทหลักทรัพย์จัดการกองทุน แลนด์ แอนด์ เฮ้าส์ จำกัด
LHVN-ASSF,2026-10-05,7.6761,7.6762,7.6761,2427453.36,M0312_2564,บริษัทหลักทรัพย์จัดการกองทุน แลนด์ แอนด์ เฮ้าส์ จำกัด
LHVN-D,2026-10-05,7.0822,7.1885,7.0822,35013038.97,M0312_2564,บริษัทหลักทรัพย์จัดการกองทุน แลนด์ แอนด์ เฮ้าส์ จำกัด
LHVN-DSSF,2026-10-05,7.5835,7.5836,7.5835,2852337.82,M0312_2564,บริษัทหลักทรัพย์จัดการกองทุน แลนด์ แอนด์ เฮ้าส์ จำกัด
LHVN-E,2026-10-05,7.6734,7.6735,7.6734,7597644.98,M0312_2564,บริษัทหลักทรัพย์จัดการกองทุน แลนด์ แอนด์ เฮ้าส์ จำกัด
LHWORLD,2026-10-06,9.9877,10.1126,9.9877,5384347.9,M0804_2569,บริษัทหลักทรัพย์จัดการกองทุน แลนด์ แอนด์ เฮ้าส์ จำกัด
LHWPLUS-A,2026-10-07,10.1811,10.2321,10.1811,16337710.94,M0058_2563,บริษัทหลักทรัพย์จัดการกองทุน แลนด์ แอนด์ เฮ้าส์ จำกัด
LHWPLUS-D,2026-10-07,9.3473,9.3941,9.3473,30557393.01,M0058_2563,บริษัทหลักทรัพย์จัดการกองทุน แลนด์ แอนด์ เฮ้าส์ จำกัด
LHWPLUS-E,2026-10-07,9.8707,9.8708,9.8707,2247868.97,M0058_2563,บริษัทหลักทรัพย์จัดการกองทุน แลนด์ แอนด์ เฮ้าส์ จำกัด
M-ACTIVE,2026-10-07,17.1602,17.2032,17.1602,10400582.17,M0068_2553,บริษัทหลักทรัพย์จัดการกองทุน เอ็มเอฟซี จำกัด (มหาชน)
M-ASIA,2026-10-06,13.8654,14.0735,13.8654,130112427.46,M0575_2565,บริษัทหลักทรัพย์จัดการกองทุน เอ็มเอฟซี จำกัด (มหาชน)
M-ASIASEMI,2026-10-07,10.1282,10.2085,10.1282,45674438.17,M0802_2569,บริษัทหลักทรัพย์จัดการกองทุน เอ็มเอฟซี จำกัด (มหาชน)
M-AUTOCALL-H-AC,2026-10-06,10.698,10.8586,10.698,84665744.11,M0970_2568,บริษัทหลักทรัพย์จัดการกองทุน เอ็มเอฟซี จำกัด (มหาชน)
M-AUTOCALL-H-AR,2026-10-06,10.6979,10.8585,10.6979,644500466.99,M0970_2568,บริษัทหลักทรัพย์จัดการกองทุน เอ็มเอฟซี จำกัด (มหาชน)
M-AUTOCALL-UH-AC,2026-10-06,11.6406,11.8153,11.6406,25274210.82,M0972_2568,บริษัทหลักทรัพย์จัดการกองทุน เอ็มเอฟซี จำกัด (มหาชน)
M-AUTOCALL-UH-AR,2026-10-06,11.6405,11.8152,11.6405,564593974.04,M0972_2568,บริษัทหลักทรัพย์จัดการกองทุน เอ็มเอฟซี จำกัด (มหาชน)
M-BOND,2026-10-07,14.2488,14.2489,14.2488,55933744.83,M0082_2545,บริษัทหลักทรัพย์จัดการกองทุน เอ็มเอฟซี จำกัด (มหาชน)
M-CR,2026-10-02,13.2812,13.2813,13.2812,28412117.36,M0830_2548,บริษัทหลักทรัพย์จัดการกองทุน เอ็มเอฟซี จำกัด (มหาชน)
M-CTECH,2026-09-30,9.5241,9.6671,9.5241,486086408.58,M0268_2568,บริษัทหลักทรัพย์จัดการกองทุน เอ็มเอฟซี จำกัด (มหาชน)
M-EDGE,2026-10-06,9.6009,9.745,9.6009,1018986602.22,M0419_2564,บริษัทหลักทรัพย์จัดการกองทุน เอ็มเอฟซี จำกัด (มหาชน)
M-EM,2026-10-06,10.4034,10.5596,10.4034,1018807858.92,M0422_2563,บริษัทหลักทรัพย์จัดการกองทุน เอ็มเอฟซี จำกัด (มหาชน)
M-EUBANK,2026-10-06,31.9069,32.3856,31.9069,587771743.0,M0009_2565,บริษัทหลักทรัพย์จัดการกองทุน เอ็มเอฟซี จำกัด (มหาชน)
M-FIX,2026-10-07,15.5582,15.5583,15.5582,2035541388.49,M0057_2545,บริษัทหลักทรัพย์จัดการกองทุน เอ็มเอฟซี จำกัด (มหาชน)
M-FLEX,2026-10-06,6.0248,6.04,6.0248,3286175.52,M1112_2557,บริษัทหลักทรัพย์จัดการกองทุน เอ็มเอฟซี จำกัด (มหาชน)
M-FOCUS,2026-10-07,12.1323,12.2537,12.1323,23856989.48,M0047_2563,บริษัทหลักทรัพย์จัดการกองทุน เอ็มเอฟซี จำกัด (มหาชน)
M-FREEDOM,2026-10-06,12.6863,12.8767,12.6863,257108866.19,M0182_2569,บริษัทหลักทรัพย์จัดการกองทุน เอ็มเอฟซี จำกัด (มหาชน)
M-GMEMORY,2026-10-06,10.171,10.3237,10.171,98589099.67,M0900_2569,บริษัทหลักทรัพย์จัดการกองทุน เอ็มเอฟซี จำกัด (มหาชน)
M-GPLUS1Y1,2026-09-30,10.0315,10.0316,10.0315,75475214.63,M0512_2569,บริษัทหลักทรัพย์จัดการกองทุน เอ็มเอฟซี จำกัด (มหาชน)
M-GPLUS1Y2,2026-09-30,10.0105,10.0106,10.0105,31091165.84,M0662_2569,บริษัทหลักทรัพย์จัดการกองทุน เอ็มเอฟซี จำกัด (มหาชน)
M-Global Islamic,2026-10-05,10.2423,10.3448,10.2423,168408432.44,M0361_2569,บริษัทหลักทรัพย์จัดการกองทุน เอ็มเอฟซี จำกัด (มหาชน)
M-HD,2026-10-07,12.8452,12.9738,12.8452,198710787.78,M1018_2568,บริษัทหลักทรัพย์จัดการกองทุน เอ็มเอฟซี จำกัด (มหาชน)
M-INCOMEAI,2026-10-05,11.8134,11.9316,11.8134,254401769.72,M0399_2559,บริษัทหลักทรัพย์จัดการกองทุน เอ็มเอฟซี จำกัด (มหาชน)
M-IslamicEQL,2026-10-07,12.5122,12.5123,12.5122,61296691.71,M0250_2550,บริษัทหลักทรัพย์จัดการกองทุน เอ็มเอฟซี จำกัด (มหาชน)
M-IslamicEQMF,2026-10-07,13.7854,13.8544,13.7854,2492203.32,M0250_2550,บริษัทหลักทรัพย์จัดการกองทุน เอ็มเอฟซี จำกัด (มหาชน)
M-IslamicEQSSF,2026-10-07,14.0364,14.0365,14.0364,42843528.17,M0250_2550,บริษัทหลักทรัพย์จัดการกองทุน เอ็มเอฟซี จำกัด (มหาชน)
M-MEGA-A,2026-10-07,11.0749,11.1415,11.0638,62721231.83,M0138_2562,บริษัทหลักทรัพย์จัดการกองทุน เอ็มเอฟซี จำกัด (มหาชน)
M-MEGA-D,2026-10-07,10.3965,10.459,10.3861,32179301.33,M0138_2562,บริษัทหลักทรัพย์จัดการกองทุน เอ็มเอฟซี จำกัด (มหาชน)
M-MEM,2026-10-06,17.2116,17.4699,17.2116,2340847477.88,M0155_2569,บริษัทหลักทรัพย์จัดการกองทุน เอ็มเอฟซี จำกัด (มหาชน)
M-META,2026-10-06,10.6742,10.8344,10.6742,136949545.16,M0489_2564,บริษัทหลักทรัพย์จัดการกองทุน เอ็มเอฟซี จำกัด (มหาชน)
M-MIDSMALL-A,2026-10-07,15.8082,15.9664,15.8082,10854256.91,M0094_2558,บริษัทหลักทรัพย์จัดการกองทุน เอ็มเอฟซี จำกัด (มหาชน)
M-MIDSMALL-D,2026-10-07,13.3398,13.4733,13.3398,79281452.66,M0094_2558,บริษัทหลักทรัพย์จัดการกองทุน เอ็มเอฟซี จำกัด (มหาชน)
M-MIDSMALL-PVD,2026-10-07,15.808,15.8081,15.808,15398381.41,M0094_2558,บริษัทหลักทรัพย์จัดการกองทุน เอ็มเอฟซี จำกัด (มหาชน)
M-MIDSMALL-SSF,2026-10-07,14.5501,14.5502,14.5501,17751482.26,M0094_2558,บริษัทหลักทรัพย์จัดการกองทุน เอ็มเอฟซี จำกัด (มหาชน)
M-MIX20,2026-10-05,10.7564,10.778,10.7564,11083559.47,M0660_2566,บริษัทหลักทรัพย์จัดการกองทุน เอ็มเอฟซี จำกัด (มหาชน)
M-MIX50,2026-10-05,11.213,11.2692,11.213,7502697.34,M0666_2566,บริษัทหลักทรัพย์จัดการกองทุน เอ็มเอฟซี จำกัด (มหาชน)
M-MIX70,2026-10-05,11.2868,11.3998,11.2868,11439997.37,M0668_2566,บริษัทหลักทรัพย์จัดการกองทุน เอ็มเอฟซี จำกัด (มหาชน)
M-MULTI-A,2026-10-05,13.8512,13.9898,13.8512,11097203.68,M0210_2561,บริษัทหลักทรัพย์จัดการกองทุน เอ็มเอฟซี จำกัด (มหาชน)
M-MULTI-D,2026-10-05,11.5698,11.6856,11.5698,36370291.4,M0210_2561,บริษัทหลักทรัพย์จัดการกองทุน เอ็มเอฟซี จำกัด (มหาชน)
M-PROP RMF,2026-10-07,11.6054,11.6055,11.6054,220728779.14,M0144_2559,บริษัทหลักทรัพย์จัดการกองทุน เอ็มเอฟซี จำกัด (มหาชน)
M-PROPERTY,2026-10-07,34.3939,34.394,34.3939,1419202975.4,M0556_2552,บริษัทหลักทรัพย์จัดการกองทุน เอ็มเอฟซี จำกัด (มหาชน)
M-RMF-A,2026-10-07,14.56,14.5601,14.56,554866291.21,M0068_2544,บริษัทหลักทรัพย์จัดการกองทุน วรรณ จำกัด
M-RMF-P,2026-10-07,14.5602,14.5603,14.5602,16889201.48,M0068_2544,บริษัทหลักทรัพย์จัดการกองทุน วรรณ จำกัด
M-S50 RMF,2026-10-07,11.1032,11.1033,11.1032,85033632.45,M0580_2560,บริษัทหลักทรัพย์จัดการกองทุน เอ็มเอฟซี จำกัด (มหาชน)
M-S50-G,2026-10-07,24.4103,24.4348,24.3859,881130249.48,M0155_2547,บริษัทหลักทรัพย์จัดการกองทุน เอ็มเอฟซี จำกัด (มหาชน)
M-S50-SSF,2026-10-07,25.0229,25.048,24.9979,1359197.66,M0155_2547,บริษัทหลักทรัพย์จัดการกองทุน เอ็มเอฟซี จำกัด (มหาชน)
M-SCHD,2026-10-06,10.0414,10.0917,10.0414,98906628.63,M0939_2569,บริษัทหลักทรัพย์จัดการกองทุน เอ็มเอฟซี จำกัด (มหาชน)
M-SCHG,2026-10-06,10.2198,10.271,10.2198,50965894.41,M0951_2569,บริษัทหลักทรัพย์จัดการกองทุน เอ็มเอฟซี จำกัด (มหาชน)
M-SELECTCG,2026-10-07,7.7526,7.8302,7.7526,34324752.96,M0371_2560,บริษัทหลักทรัพย์จัดการกองทุน เอ็มเอฟซี จำกัด (มหาชน)
M-SEMI,2026-10-06,10.1092,10.2609,10.1092,218201790.46,M0628_2569,บริษัทหลักทรัพย์จัดการกองทุน เอ็มเอฟซี จำกัด (มหาชน)
M-SMART INCOME-AC,2026-10-05,10.538,10.6435,10.538,105480056.59,M0382_2560,บริษัทหลักทรัพย์จัดการกองทุน เอ็มเอฟซี จำกัด (มหาชน)
M-SMART INCOME-AR,2026-10-05,10.5282,10.6336,10.5282,31109746.04,M0382_2560,บริษัทหลักทรัพย์จัดการกองทุน เอ็มเอฟซี จำกัด (มหาชน)
M-SUKUK,2026-10-05,9.9617,9.9867,9.9617,434944116.98,M0111_2561,บริษัทหลักทรัพย์จัดการกองทุน เอ็มเอฟซี จำกัด (มหาชน)
M-TWSUK RMF,2026-10-07,12.2927,12.2928,12.2927,318662853.97,M0113_2561,บริษัทหลักทรัพย์จัดการกองทุน เอ็มเอฟซี จำกัด (มหาชน)
M-US500H,2026-10-06,11.5313,11.5891,11.5313,271279870.28,M0405_2567,บริษัทหลักทรัพย์จัดการกองทุน เอ็มเอฟซี จำกัด (มหาชน)
M-USEQH,2026-10-06,11.4889,11.6613,11.4889,102470034.7,M0460_2567,บริษัทหลักทรัพย์จัดการกองทุน เอ็มเอฟซี จำกัด (มหาชน)
M-USEQUH,2026-10-06,11.6155,11.7898,11.6155,30768940.09,M0485_2567,บริษัทหลักทรัพย์จัดการกองทุน เอ็มเอฟซี จำกัด (มหาชน)
M-VALUE,2026-10-07,82.2867,82.2868,82.2867,1021996796.37,M0093_2545,บริษัทหลักทรัพย์จัดการกองทุน เอ็มเอฟซี จำกัด (มหาชน)
M-VI,2026-10-05,14.3824,14.5263,14.3824,42678419.93,M0046_2561,บริษัทหลักทรัพย์จัดการกองทุน เอ็มเอฟซี จำกัด (มหาชน)
MATECH-A,2026-10-05,24.0319,24.3925,24.0319,237038389.98,M0332_2561,บริษัทหลักทรัพย์จัดการกองทุน เอ็มเอฟซี จำกัด (มหาชน)
MATECH-D,2026-10-05,15.5251,15.7581,15.5251,402453359.9,M0332_2561,บริษัทหลักทรัพย์จัดการกองทุน เอ็มเอฟซี จำกัด (มหาชน)
MATECH-IA,2026-10-05,17.9212,18.0109,17.9212,0,M0332_2561,บริษัทหลักทรัพย์จัดการกองทุน เอ็มเอฟซี จำกัด (มหาชน)
MATECH-PVD,2026-10-05,20.0025,20.0026,20.0025,17690417.34,M0332_2561,บริษัทหลักทรัพย์จัดการกองทุน เอ็มเอฟซี จำกัด (มหาชน)
MBT-G,2026-10-07,20.8892,20.9415,20.837,217078069.96,M0497_2546,บริษัทหลักทรัพย์จัดการกองทุน เอ็มเอฟซี จำกัด (มหาชน)
MBT-PVD,2026-10-07,26.7287,26.7288,26.7287,1271528660.65,M0497_2546,บริษัทหลักทรัพย์จัดการกองทุน เอ็มเอฟซี จำกัด (มหาชน)
MBTCETF-UI,2026-10-06,10.8374,10.9535,10.8374,2825700351.21,M0281_2567,บริษัทหลักทรัพย์จัดการกองทุน เอ็มเอฟซี จำกัด (มหาชน)
MCANN,2026-10-06,0.7669,0.7785,0.7669,38068356.79,M0066_2564,บริษัทหลักทรัพย์จัดการกองทุน เอ็มเอฟซี จำกัด (มหาชน)
MCBOND,2026-09-29,10.1926,10.2437,10.1926,58920781.96,M0121_2564,บริษัทหลักทรัพย์จัดการกองทุน เอ็มเอฟซี จำกัด (มหาชน)
MCHEVO,2026-09-29,8.9449,9.0792,8.9449,176340143.42,M0180_2564,บริษัทหลักทรัพย์จัดการกองทุน เอ็มเอฟซี จำกัด (มหาชน)
MCHINAGA,2026-09-30,9.2775,9.3704,9.2775,282547317.71,M0258_2563,บริษัทหลักทรัพย์จัดการกองทุน เอ็มเอฟซี จำกัด (มหาชน)
MCHINAGD,2026-09-30,8.3271,8.4105,8.3271,407219147.3,M0258_2563,บริษัทหลักทรัพย์จัดการกองทุน เอ็มเอฟซี จำกัด (มหาชน)
MCHINAIA,2026-09-30,8.7717,8.8157,8.7717,0,M0258_2563,บริษัทหลักทรัพย์จัดการกองทุน เอ็มเอฟซี จำกัด (มหาชน)
MCHINAPVD,2026-09-30,9.2796,9.2797,9.2796,104197380.81,M0258_2563,บริษัทหลักทรัพย์จัดการกองทุน เอ็มเอฟซี จำกัด (มหาชน)
MCHINASSF,2026-09-30,8.8339,8.834,8.8339,90162019.43,M0258_2563,บริษัทหลักทรัพย์จัดการกองทุน เอ็มเอฟซี จำกัด (มหาชน)
MCMIDSMALL,2026-09-30,8.9798,9.1146,8.9798,120061123.62,M0026_2569,บริษัทหลักทรัพย์จัดการกองทุน เอ็มเอฟซี จำกัด (มหาชน)
MCONT,2026-10-05,10.1598,10.3123,10.1598,7225530.15,M0401_2564,บริษัทหลักทรัพย์จัดการกองทุน เอ็มเอฟซี จำกัด (มหาชน)
MCONVERT,2026-10-05,9.0721,9.1629,9.0721,10250564.85,M0382_2564,บริษัทหลักทรัพย์จัดการกองทุน เอ็มเอฟซี จำกัด (มหาชน)
MCOREL,2026-10-07,35.649,35.6491,35.649,38793959.45,M0613_2548,บริษัทหลักทรัพย์จัดการกองทุน เอ็มเอฟซี จำกัด (มหาชน)
MCOREMF,2026-10-07,35.6474,35.8257,35.6474,18515.2,M0613_2548,บริษัทหลักทรัพย์จัดการกองทุน เอ็มเอฟซี จำกัด (มหาชน)
MDIVA-A,2026-09-30,13.816,13.9543,13.816,13524121.85,M0493_2562,บริษัทหลักทรัพย์จัดการกองทุน เอ็มเอฟซี จำกัด (มหาชน)
MDIVA-D,2026-09-30,12.2353,12.3578,12.2353,62494312.62,M0493_2562,บริษัทหลักทรัพย์จัดการกองทุน เอ็มเอฟซี จำกัด (มหาชน)
MDIVA-ID,2026-09-30,12.4896,12.4897,12.4896,0,M0493_2562,บริษัทหลักทรัพย์จัดการกองทุน เอ็มเอฟซี จำกัด (มหาชน)
MEGA10-A,2026-10-06,24.3744,24.6182,24.3744,425369737.02,M0595_2565,บริษัทหลักทรัพย์จัดการกองทุน ทาลิส จำกัด
MEGA10-SSF,2026-10-06,24.3708,24.3709,24.3708,228880200.41,M0595_2565,บริษัทหลักทรัพย์จัดการกองทุน ทาลิส จำกัด
MEGA10AI-A,2026-10-06,17.1143,17.2855,17.1143,538617574.17,M0130_2567,บริษัทหลักทรัพย์จัดการกองทุน ทาลิส จำกัด
MEGA10AI-SSF,2026-10-06,17.1061,17.1062,17.1061,48688445.5,M0130_2567,บริษัทหลักทรัพย์จัดการกองทุน ทาลิส จำกัด
MEGA10AICHINA-A,2026-10-07,9.1087,9.1999,9.1087,404917070.41,M0146_2568,บริษัทหลักทรัพย์จัดการกองทุน ทาลิส จำกัด
MEGA10AICHINARMF,2026-10-07,8.8955,8.8956,8.8955,28529132.4,M0187_2568,บริษัทหลักทรัพย์จัดการกองทุน ทาลิส จำกัด
MEGA10AIRMF,2026-10-06,16.5927,16.5928,16.5927,130920922.78,M0241_2567,บริษัทหลักทรัพย์จัดการกองทุน ทาลิส จำกัด
MEGA10CHINA-A,2026-10-07,11.7415,11.859,11.7415,1505030286.49,M0682_2566,บริษัทหลักทรัพย์จัดการกองทุน ทาลิส จำกัด
MEGA10CHINA-SSF,2026-10-07,11.7374,11.7375,11.7374,65456513.16,M0682_2566,บริษัทหลักทรัพย์จัดการกองทุน ทาลิส จำกัด
MEGA10CHINAPOP-A,2026-10-07,7.1463,7.2179,7.1463,24951031.53,M0710_2568,บริษัทหลักทรัพย์จัดการกองทุน ทาลิส จำกัด
MEGA10CHINAPOPRMF,2026-10-06,7.2126,7.2127,7.2126,3128424.21,M0917_2568,บริษัทหลักทรัพย์จัดการกองทุน ทาลิส จำกัด
MEGA10CHINARMF,2026-10-07,11.9661,11.9662,11.9661,157311385.69,M0761_2566,บริษัทหลักทรัพย์จัดการกองทุน ทาลิส จำกัด
MEGA10CHINATECH-A,2026-10-07,7.4532,7.5278,7.4532,96613387.23,M0803_2568,บริษัทหลักทรัพย์จัดการกองทุน ทาลิส จำกัด
MEGA10CHINATECHRMF,2026-10-06,7.3183,7.3184,7.3183,9165600.72,M0936_2568,บริษัทหลักทรัพย์จัดการกองทุน ทาลิส จำกัด
MEGA10CYBER-A,2026-10-06,9.7667,9.8645,9.7667,32534830.14,M0844_2568,บริษัทหลักทรัพย์จัดการกองทุน ทาลิส จำกัด
MEGA10CYBERRMF,2026-10-06,9.9722,9.9723,9.9722,11148577.05,M1015_2568,บริษัทหลักทรัพย์จัดการกองทุน ทาลิส จำกัด
MEGA10EURO-A,2026-10-06,10.6903,10.7973,10.6903,12500245.17,M0442_2567,บริษัทหลักทรัพย์จัดการกองทุน ทาลิส จำกัด
MEGA10EURO-SSF,2026-10-06,10.6885,10.6886,10.6885,3177478.98,M0442_2567,บริษัทหลักทรัพย์จัดการกองทุน ทาลิส จำกัด
MEGA10EURORMF,2026-10-06,10.8106,10.8107,10.8106,6736803.79,M0539_2567,บริษัทหลักทรัพย์จัดการกองทุน ทาลิส จำกัด
MEGA10HEALTH-A,2026-10-06,12.0654,12.2163,12.0654,34587329.1,M0244_2568,บริษัทหลักทรัพย์จัดการกองทุน ทาลิส จำกัด
MEGA10HEALTHRMF,2026-10-06,11.7324,11.7325,11.7324,11398797.63,M0526_2568,บริษัทหลักทรัพย์จัดการกองทุน ทาลิส จำกัด
MEGA10RMF,2026-10-06,24.5283,24.5284,24.5283,420806364.94,M0619_2565,บริษัทหลักทรัพย์จัดการกองทุน ทาลิส จำกัด
MEGA20THAIESG,2026-10-07,10.167,10.1671,10.167,54739691.29,M0822_2566,บริษัทหลักทรัพย์จัดการกองทุน ทาลิส จำกัด
MEGATX8020C-L,2026-10-07,11.7216,11.7217,11.7216,10892544.98,M0473_2568,บริษัทหลักทรัพย์จัดการกองทุน ทาลิส จำกัด
MEGATX8020C-N,2026-10-07,11.7216,11.7217,11.7216,91082970.02,M0473_2568,บริษัทหลักทรัพย์จัดการกองทุน ทาลิส จำกัด
MEGATX8020C-T,2026-10-07,11.7219,11.722,11.7219,1393550.63,M0473_2568,บริษัทหลักทรัพย์จัดการกองทุน ทาลิส จำกัด
MEGATX8020U-L,2026-10-06,12.4357,12.4358,12.4357,9916499.97,M0408_2568,บริษัทหลักทรัพย์จัดการกองทุน ทาลิส จำกัด
MEGATX8020U-N,2026-10-06,12.4357,12.4358,12.4357,152871605.35,M0408_2568,บริษัทหลักทรัพย์จัดการกองทุน ทาลิส จำกัด
MEGATX8020U-T,2026-10-06,12.4362,12.4363,12.4362,2192496.6,M0408_2568,บริษัทหลักทรัพย์จัดการกองทุน ทาลิส จำกัด
MEGAWORLD30-A,2026-10-06,14.1726,14.3144,14.1726,126217001.02,M0864_2567,บริษัทหลักทรัพย์จัดการกองทุน ทาลิส จำกัด
MEGAWORLD30-SSF,2026-10-06,14.1715,14.1716,14.1715,45828377.8,M0864_2567,บริษัทหลักทรัพย์จัดการกองทุน ทาลิส จำกัด
MEGAWORLD30RMF,2026-10-06,13.4695,13.4696,13.4695,48800816.65,M0074_2568,บริษัทหลักทรัพย์จัดการกองทุน ทาลิส จำกัด
MEQUITY-ESGX,2026-10-07,13.699,13.6991,13.699,1215747.5,M0448_2568,บริษัทหลักทรัพย์จัดการกองทุน เอ็มเอฟซี จำกัด (มหาชน)
MEQUITY-ESGX68,2026-10-07,13.1619,13.162,13.1619,4200958.64,M0448_2568,บริษัทหลักทรัพย์จัดการกองทุน เอ็มเอฟซี จำกัด (มหาชน)
MEQUITY-ESGXLTF,2026-10-07,13.0875,13.0876,13.0875,21020004.78,M0448_2568,บริษัทหลักทรัพย์จัดการกองทุน เอ็มเอฟซี จำกัด (มหาชน)
METHETF-UI,2026-10-06,11.5427,11.6663,11.5427,130780563.89,M0006_2568,บริษัทหลักทรัพย์จัดการกองทุน เอ็มเอฟซี จำกัด (มหาชน)
MEURO-G,2026-10-06,13.4046,13.6058,13.4046,269419821.74,M0616_2563,บริษัทหลักทรัพย์จัดการกองทุน เอ็มเอฟซี จำกัด (มหาชน)
MEURO-SSF,2026-10-06,13.4053,13.4054,13.4053,1502385.39,M0616_2563,บริษัทหลักทรัพย์จัดการกองทุน เอ็มเอฟซี จำกัด (มหาชน)
MFAI-Roll6M,2026-09-30,10.5832,10.5833,10.5832,788985875.06,M0861_2566,บริษัทหลักทรัพย์จัดการกองทุน เอ็มเอฟซี จำกัด (มหาชน)
MFAI-Roll6M2,2026-09-30,10.5656,10.5657,10.5656,1264367640.43,M0037_2567,บริษัทหลักทรัพย์จัดการกองทุน เอ็มเอฟซี จำกัด (มหาชน)
MFAI-Roll6M3,2026-10-07,10.5328,10.5329,10.5328,734938347.3,M0166_2567,บริษัทหลักทรัพย์จัดการกองทุน เอ็มเอฟซี จำกัด (มหาชน)
MFF,2026-10-07,23.4197,23.4198,23.4197,172885212.73,M0017_2540,บริษัทหลักทรัพย์จัดการกองทุน เอ็มเอฟซี จำกัด (มหาชน)
MFLEX-ThaiESG,2026-10-07,11.8399,11.84,11.8399,133536235.45,M0849_2566,บริษัทหลักทรัพย์จัดการกองทุน เอ็มเอฟซี จำกัด (มหาชน)
MFTECH,2026-10-06,5.7362,5.8223,5.7362,606480663.62,M0005_2564,บริษัทหลักทรัพย์จัดการกองทุน เอ็มเอฟซี จำกัด (มหาชน)
MFX,2026-10-07,35.6442,35.6799,35.6442,10987042.93,M0089_2542,บริษัทหลักทรัพย์จัดการกองทุน เอ็มเอฟซี จำกัด (มหาชน)
MGAG,2026-10-06,13.6304,13.6646,13.6304,57458017.56,M0794_2548,บริษัทหลักทรัพย์จัดการกองทุน เอ็มเอฟซี จำกัด (มหาชน)
MGAI,2026-10-06,15.4203,15.459,15.4203,1271257748.58,M0794_2548,บริษัทหลักทรัพย์จัดการกองทุน เอ็มเอฟซี จำกัด (มหาชน)
MGALL-H,2026-10-06,10.8603,10.969,10.8603,689288915.2,M0610_2568,บริษัทหลักทรัพย์จัดการกองทุน เอ็มเอฟซี จำกัด (มหาชน)
MGALL-RMF,2026-10-06,10.1052,10.1053,10.1052,91498783.14,M0992_2568,บริษัทหลักทรัพย์จัดการกองทุน เอ็มเอฟซี จำกัด (มหาชน)
MGALL-UH,2026-10-06,11.4882,11.6032,11.4882,462148953.57,M0611_2568,บริษัทหลักทรัพย์จัดการกองทุน เอ็มเอฟซี จำกัด (มหาชน)
MGAPVD,2026-10-06,14.2764,14.2765,14.2764,9970415047.67,M0794_2548,บริษัทหลักทรัพย์จัดการกองทุน เอ็มเอฟซี จำกัด (มหาชน)
MGCOREL,2026-10-07,10.7948,10.7949,10.7948,66102245.86,M0246_2550,บริษัทหลักทรัพย์จัดการกองทุน เอ็มเอฟซี จำกัด (มหาชน)
MGCOREMF,2026-10-07,11.0563,11.1117,11.0563,229803.1,M0246_2550,บริษัทหลักทรัพย์จัดการกองทุน เอ็มเอฟซี จำกัด (มหาชน)
MGFGA,2026-10-06,18.5809,18.8597,18.5809,434423426.94,M0200_2563,บริษัทหลักทรัพย์จัดการกองทุน เอ็มเอฟซี จำกัด (มหาชน)
MGFGD,2026-10-06,15.256,15.4849,15.256,415141174.11,M0200_2563,บริษัทหลักทรัพย์จัดการกองทุน เอ็มเอฟซี จำกัด (มหาชน)
MGFIA,2026-10-06,17.5383,17.6261,17.5383,0,M0200_2563,บริษัทหลักทรัพย์จัดการกองทุน เอ็มเอฟซี จำกัด (มหาชน)
MGFPVD,2026-10-06,18.5822,18.5823,18.5822,688369309.22,M0200_2563,บริษัทหลักทรัพย์จัดการกองทุน เอ็มเอฟซี จำกัด (มหาชน)
MGFRMF,2026-10-06,15.4092,15.4093,15.4092,480236709.66,M0550_2563,บริษัทหลักทรัพย์จัดการกองทุน เอ็มเอฟซี จำกัด (มหาชน)
MGFSSF,2026-10-06,17.2934,17.2935,17.2934,66342796.74,M0200_2563,บริษัทหลักทรัพย์จัดการกองทุน เอ็มเอฟซี จำกัด (มหาชน)
MGMVOL,2026-10-06,10.3327,10.3328,10.3327,92638573.01,M0048_2565,บริษัทหลักทรัพย์จัดการกองทุน เอ็มเอฟซี จำกัด (มหาชน)
MGOV-Roll3M,2026-09-30,10.3898,10.3899,10.3898,132300734.22,M0044_2567,บริษัทหลักทรัพย์จัดการกองทุน เอ็มเอฟซี จำกัด (มหาชน)
MGOV-Roll6M,2026-09-30,10.44,10.4401,10.44,128218752.16,M0860_2566,บริษัทหลักทรัพย์จัดการกองทุน เอ็มเอฟซี จำกัด (มหาชน)
MGOV-Roll6M3,2026-10-07,10.2733,10.2734,10.2733,169415612.42,M0846_2567,บริษัทหลักทรัพย์จัดการกองทุน เอ็มเอฟซี จำกัด (มหาชน)
MGPROP-AC,2026-10-06,10.4402,10.5969,10.4402,38648469.73,M0066_2567,บริษัทหลักทรัพย์จัดการกองทุน เอ็มเอฟซี จำกัด (มหาชน)
MGPROP-AR,2026-10-06,10.4364,10.593,10.4364,81609409.72,M0066_2567,บริษัทหลักทรัพย์จัดการกองทุน เอ็มเอฟซี จำกัด (มหาชน)
MGS,2026-10-06,6.6015,6.6346,6.6015,2724963.32,M0071_2549,บริษัทหลักทรัพย์จัดการกองทุน เอ็มเอฟซี จำกัด (มหาชน)
MGTECH,2026-10-06,16.426,16.6725,16.426,828234093.81,M0249_2563,บริษัทหลักทรัพย์จัดการกองทุน เอ็มเอฟซี จำกัด (มหาชน)
MHEALTHG,2026-10-06,11.0751,11.2413,11.0751,105050211.98,M0353_2563,บริษัทหลักทรัพย์จัดการกองทุน เอ็มเอฟซี จำกัด (มหาชน)
MHEALTHPVD,2026-10-06,11.0752,11.0753,11.0752,15392108.51,M0353_2563,บริษัทหลักทรัพย์จัดการกองทุน เอ็มเอฟซี จำกัด (มหาชน)
MHEALTHRMF,2026-10-06,10.8526,10.8527,10.8526,50602664.67,M0396_2565,บริษัทหลักทรัพย์จัดการกองทุน เอ็มเอฟซี จำกัด (มหาชน)
MHEALTHSSF,2026-10-06,11.0752,11.0753,11.0752,10754148.73,M0353_2563,บริษัทหลักทรัพย์จัดการกองทุน เอ็มเอฟซี จำกัด (มหาชน)
MIDSMALLEQL,2026-10-07,12.6452,12.6453,12.6452,29024979.6,M0175_2560,บริษัทหลักทรัพย์จัดการกองทุน เอ็มเอฟซี จำกัด (มหาชน)
MIDSMALLEQMF,2026-10-07,13.1711,13.3029,13.1711,1225597.19,M0175_2560,บริษัทหลักทรัพย์จัดการกองทุน เอ็มเอฟซี จำกัด (มหาชน)
MIF-ESGX,2026-10-07,15.1827,15.1828,15.1827,5982109.48,M0444_2568,บริษัทหลักทรัพย์จัดการกองทุน เอ็มเอฟซี จำกัด (มหาชน)
MIF-ESGX68,2026-10-07,14.4543,14.4544,14.4543,4505495.3,M0444_2568,บริษัทหลักทรัพย์จัดการกองทุน เอ็มเอฟซี จำกัด (มหาชน)
MIF-ESGXLTF,2026-10-07,14.4691,14.4692,14.4691,7434996.49,M0444_2568,บริษัทหลักทรัพย์จัดการกองทุน เอ็มเอฟซี จำกัด (มหาชน)
MIF-G,2026-10-07,9.7003,9.7004,9.6518,40297055.0,M0574_2547,บริษัทหลักทรัพย์จัดการกองทุน เอ็มเอฟซี จำกัด (มหาชน)
MIF-PVD,2026-10-07,11.8748,11.8749,11.8748,2476014952.65,M0574_2547,บริษัทหลักทรัพย์จัดการกองทุน เอ็มเอฟซี จำกัด (มหาชน)
MINDIA,2026-10-06,8.2609,8.3849,8.2609,270037486.91,M0226_2567,บริษัทหลักทรัพย์จัดการกองทุน เอ็มเอฟซี จำกัด (มหาชน)
MINFRA,2026-10-05,9.137,9.2742,9.137,19461326.04,M0245_2565,บริษัทหลักทรัพย์จัดการกองทุน เอ็มเอฟซี จำกัด (มหาชน)
MIPLUS-G,2026-10-07,14.5576,14.6305,14.5576,60393441.75,M0294_2563,บริษัทหลักทรัพย์จัดการกองทุน เอ็มเอฟซี จำกัด (มหาชน)
MIPLUS-SSF,2026-10-07,14.5585,14.5586,14.5585,1556091.04,M0294_2563,บริษัทหลักทรัพย์จัดการกองทุน เอ็มเอฟซี จำกัด (มหาชน)
MIX-D1585,2026-10-07,9.1756,9.2675,9.1756,28194085.74,M0194_2555,บริษัทหลักทรัพย์จัดการกองทุน ยูโอบี (ประเทศไทย) จำกัด
MIX-ESGX,2026-10-07,11.6834,11.6835,11.6834,157318.17,M0447_2568,บริษัทหลักทรัพย์จัดการกองทุน เอ็มเอฟซี จำกัด (มหาชน)
MIX-ESGX68,2026-10-07,11.8654,11.8655,11.8654,23848575.19,M0447_2568,บริษัทหลักทรัพย์จัดการกองทุน เอ็มเอฟซี จำกัด (มหาชน)
MIX-ESGXLTF,2026-10-07,11.8282,11.8283,11.8282,112098582.87,M0447_2568,บริษัทหลักทรัพย์จัดการกองทุน เอ็มเอฟซี จำกัด (มหาชน)
MJAPAN,2026-10-06,11.1829,11.3507,11.1829,87602120.64,M0384_2568,บริษัทหลักทรัพย์จัดการกองทุน เอ็มเอฟซี จำกัด (มหาชน)
MKAI6S45,2026-09-30,10.0692,10.0693,10.0692,1459543281.38,M0421_2569,บริษัทหลักทรัพย์จัดการกองทุน เอ็มเอฟซี จำกัด (มหาชน)
MKAI6S46,2026-09-30,10.0327,10.0328,10.0327,1133809142.9,M0695_2569,บริษัทหลักทรัพย์จัดการกองทุน เอ็มเอฟซี จำกัด (มหาชน)
MKAI6S47,2026-09-30,10.0125,10.0126,10.0125,250823883.06,M0851_2569,บริษัทหลักทรัพย์จัดการกองทุน เอ็มเอฟซี จำกัด (มหาชน)
MKAI6S48,2026-09-30,10.0076,10.0077,10.0076,941340220.57,M0884_2569,บริษัทหลักทรัพย์จัดการกองทุน เอ็มเอฟซี จำกัด (มหาชน)
MKAI6S49,2026-09-30,10.0003,10.0004,10.0003,754426419.92,M0946_2569,บริษัทหลักทรัพย์จัดการกองทุน เอ็มเอฟซี จำกัด (มหาชน)
MKAI6S50,2026-09-30,10.0004,10.0005,10.0004,1483461205.92,M0956_2569,บริษัทหลักทรัพย์จัดการกองทุน เอ็มเอฟซี จำกัด (มหาชน)
MKAI9S2,2026-09-30,10.0611,10.0612,10.0611,1488190591.85,M0454_2569,บริษัทหลักทรัพย์จัดการกองทุน เอ็มเอฟซี จำกัด (มหาชน)
MKAI9S3,2026-09-30,10.0559,10.056,10.0559,1982236649.45,M0543_2569,บริษัทหลักทรัพย์จัดการกองทุน เอ็มเอฟซี จำกัด (มหาชน)
MKAI9S4,2026-09-30,10.0499,10.05,10.0499,2040304848.44,M0586_2569,บริษัทหลักทรัพย์จัดการกองทุน เอ็มเอฟซี จำกัด (มหาชน)
MKAI9S5,2026-09-30,10.017,10.0171,10.017,1973315432.26,M0693_2569,บริษัทหลักทรัพย์จัดการกองทุน เอ็มเอฟซี จำกัด (มหาชน)
MM-RMF,2026-10-07,12.3964,12.3965,12.3964,11619166817.02,M0597_2551,บริษัทหลักทรัพย์จัดการกองทุนรวม  บัวหลวง จำกัด
MMF-RMF,2026-10-07,13.5603,13.5604,13.5603,371984908.39,M0084_2545,บริษัทหลักทรัพย์จัดการกองทุน เอ็มเอฟซี จำกัด (มหาชน)
MMFPVD,2026-10-07,10.3698,10.3699,10.3698,470390050.78,M0041_2567,บริษัทหลักทรัพย์จัดการกองทุน เอ็มเอฟซี จำกัด (มหาชน)
MMGOVMF,2026-10-07,12.5073,12.5074,12.5073,3528194637.47,M0633_2551,บริษัทหลักทรัพย์จัดการกองทุน เอ็มเอฟซี จำกัด (มหาชน)
MMGOVP,2026-10-07,12.5073,12.5074,12.5073,0,M0633_2551,บริษัทหลักทรัพย์จัดการกองทุน เอ็มเอฟซี จำกัด (มหาชน)
MMGOVSSF,2026-10-07,12.5073,12.5074,12.5073,6712586.08,M0633_2551,บริษัทหลักทรัพย์จัดการกองทุน เอ็มเอฟซี จำกัด (มหาชน)
MMM-MF,2026-10-07,14.4769,14.477,14.4769,1607706278.8,M0933_2547,บริษัทหลักทรัพย์จัดการกองทุน เอ็มเอฟซี จำกัด (มหาชน)
MMM-PLUS,2026-10-07,11.5333,11.5334,11.5333,3904104628.76,M0140_2557,บริษัทหลักทรัพย์จัดการกองทุน เอ็มเอฟซี จำกัด (มหาชน)
MMM-SSF,2026-10-07,14.474,14.4741,14.474,11763264.83,M0933_2547,บริษัทหลักทรัพย์จัดการกองทุน เอ็มเอฟซี จำกัด (มหาชน)
MPDIVMF,2026-10-07,10.927,10.9817,10.927,2742778258.95,M0517_2556,บริษัทหลักทรัพย์จัดการกองทุน เอ็มเอฟซี จำกัด (มหาชน)
MPDIVPVD,2026-10-07,11.4671,11.4672,11.4671,251199673.52,M0517_2556,บริษัทหลักทรัพย์จัดการกองทุน เอ็มเอฟซี จำกัด (มหาชน)
MPDIVSSF,2026-10-07,11.8818,11.8819,11.8818,7986732.33,M0517_2556,บริษัทหลักทรัพย์จัดการกองทุน เอ็มเอฟซี จำกัด (มหาชน)
MPII-A,2026-10-06,8.1597,8.2414,8.1597,83907639.98,M0264_2562,บริษัทหลักทรัพย์จัดการกองทุน เอ็มเอฟซี จำกัด (มหาชน)
MPII-D,2026-10-06,7.8652,7.944,7.8652,394309392.75,M0264_2562,บริษัทหลักทรัพย์จัดการกองทุน เอ็มเอฟซี จำกัด (มหาชน)
MPII-ID,2026-10-06,8.0277,8.0278,8.0277,148022942.2,M0264_2562,บริษัทหลักทรัพย์จัดการกองทุน เอ็มเอฟซี จำกัด (มหาชน)
MRENEW-A,2026-10-06,14.5408,14.759,14.5408,692204985.92,M0084_2563,บริษัทหลักทรัพย์จัดการกองทุน เอ็มเอฟซี จำกัด (มหาชน)
MRENEW-D,2026-10-06,11.597,11.7711,11.597,763323492.21,M0084_2563,บริษัทหลักทรัพย์จัดการกองทุน เอ็มเอฟซี จำกัด (มหาชน)
MRENEW-IA,2026-10-06,12.8687,12.9331,12.8687,0,M0084_2563,บริษัทหลักทรัพย์จัดการกองทุน เอ็มเอฟซี จำกัด (มหาชน)
MRENEW-PVD,2026-10-06,14.5433,14.5434,14.5433,40138159.32,M0084_2563,บริษัทหลักทรัพย์จัดการกองทุน เอ็มเอฟซี จำกัด (มหาชน)
MRENEW-SSF,2026-10-06,12.7199,12.72,12.7199,44321267.61,M0084_2563,บริษัทหลักทรัพย์จัดการกองทุน เอ็มเอฟซี จำกัด (มหาชน)
MRENEWRMF,2026-10-06,10.5469,10.547,10.5469,114289328.61,M0479_2564,บริษัทหลักทรัพย์จัดการกองทุน เอ็มเอฟซี จำกัด (มหาชน)
MS50EQL,2026-10-07,10.3837,10.3838,10.3837,19068346.1,M0575_2560,บริษัทหลักทรัพย์จัดการกองทุน เอ็มเอฟซี จำกัด (มหาชน)
MS50EQMF,2026-10-07,10.6968,10.7076,10.6861,341068.55,M0575_2560,บริษัทหลักทรัพย์จัดการกองทุน เอ็มเอฟซี จำกัด (มหาชน)
MSF-UI,2026-10-06,10.8914,11.0549,10.8914,169121297.59,M0319_2568,บริษัทหลักทรัพย์จัดการกองทุน เอ็มเอฟซี จำกัด (มหาชน)
MSHORTPVD,2026-10-07,10.8006,10.8007,10.8006,284298142.37,M0432_2562,บริษัทหลักทรัพย์จัดการกองทุน เอ็มเอฟซี จำกัด (มหาชน)
MSI47AI,2026-09-30,10.1333,10.1334,10.1333,551059441.88,M0386_2568,บริษัทหลักทรัพย์จัดการกองทุน เอ็มเอฟซี จำกัด (มหาชน)
MSILVER,2026-10-06,10.4864,10.6438,10.4864,1095871699.58,M1039_2568,บริษัทหลักทรัพย์จัดการกองทุน เอ็มเอฟซี จำกัด (มหาชน)
MSOV-ThaiESG,2026-10-07,10.2977,10.2978,10.2977,159232319.97,M0703_2567,บริษัทหลักทรัพย์จัดการกองทุน เอ็มเอฟซี จำกัด (มหาชน)
MT25-ThaiESG,2026-10-07,12.7754,12.7755,12.7754,167989054.05,M0836_2566,บริษัทหลักทรัพย์จัดการกองทุน เอ็มเอฟซี จำกัด (มหาชน)
MTF-SSF,2026-10-07,11.433,11.4331,11.433,81370715.89,M0176_2563,บริษัทหลักทรัพย์จัดการกองทุน เอ็มเอฟซี จำกัด (มหาชน)
MTF-SSFX,2026-10-07,11.0799,11.08,11.0799,55588888.58,M0176_2563,บริษัทหลักทรัพย์จัดการกองทุน เอ็มเอฟซี จำกัด (มหาชน)
MTOP2,2026-10-07,9.7392,9.7393,9.7392,61846590.02,M0355_2564,บริษัทหลักทรัพย์จัดการกองทุน เอ็มเอฟซี จำกัด (มหาชน)
MTQ-SSF,2026-10-07,11.4354,11.4355,11.4354,23873279.36,M0155_2563,บริษัทหลักทรัพย์จัดการกองทุน เอ็มเอฟซี จำกัด (มหาชน)
MTQ-SSFX,2026-10-07,11.3672,11.3673,11.3672,24506009.39,M0155_2563,บริษัทหลักทรัพย์จัดการกองทุน เอ็มเอฟซี จำกัด (มหาชน)
MUBOND-A,2026-10-06,9.2732,9.3725,9.2732,483372277.04,M0768_2565,บริษัทหลักทรัพย์จัดการกองทุน เอ็มเอฟซี จำกัด (มหาชน)
MUBOND-D,2026-10-06,9.2732,9.3725,9.2732,79710540.8,M0768_2565,บริษัทหลักทรัพย์จัดการกองทุน เอ็มเอฟซี จำกัด (มหาชน)
MUBOND-SSF,2026-10-06,9.2737,9.2738,9.2737,4157593.91,M0768_2565,บริษัทหลักทรัพย์จัดการกองทุน เอ็มเอฟซี จำกัด (มหาชน)
MUBONDUH-A,2026-10-06,10.6554,10.7695,10.6554,186578400.53,M0630_2566,บริษัทหลักทรัพย์จัดการกองทุน เอ็มเอฟซี จำกัด (มหาชน)
MUBONDUH-D,2026-10-06,10.2528,10.3626,10.2528,53098266.2,M0630_2566,บริษัทหลักทรัพย์จัดการกองทุน เอ็มเอฟซี จำกัด (มหาชน)
MUBONDUH-SSF,2026-10-06,10.6553,10.6554,10.6553,3051685.18,M0630_2566,บริษัทหลักทรัพย์จัดการกองทุน เอ็มเอฟซี จำกัด (มหาชน)
MUSPIN-H-AC,2026-10-06,10.2257,10.3281,10.2257,2527090.71,M0989_2567,บริษัทหลักทรัพย์จัดการกองทุน เอ็มเอฟซี จำกัด (มหาชน)
MUSPIN-H-AR,2026-10-06,10.2188,10.3211,10.2188,129563031.03,M0989_2567,บริษัทหลักทรัพย์จัดการกองทุน เอ็มเอฟซี จำกัด (มหาชน)
MUSPIN-UH-AC,2026-10-06,10.5955,10.7016,10.5955,9477654.41,M0990_2567,บริษัทหลักทรัพย์จัดการกองทุน เอ็มเอฟซี จำกัด (มหาชน)
MUSPIN-UH-AR,2026-10-06,10.5929,10.6989,10.5929,277429895.67,M0990_2567,บริษัทหลักทรัพย์จัดการกองทุน เอ็มเอฟซี จำกัด (มหาชน)
MVEQL,2026-10-07,21.528,21.5281,21.528,826873350.85,M0456_2547,บริษัทหลักทรัพย์จัดการกองทุน เอ็มเอฟซี จำกัด (มหาชน)
MVEQMF,2026-10-07,20.4949,20.5975,20.4949,1334862.01,M0456_2547,บริษัทหลักทรัพย์จัดการกองทุน เอ็มเอฟซี จำกัด (มหาชน)
MVEQSSF,2026-10-07,22.5411,22.5412,22.5411,8404161.87,M0456_2547,บริษัทหลักทรัพย์จัดการกองทุน เอ็มเอฟซี จำกัด (มหาชน)
MVIET,2026-10-05,7.9877,8.1076,7.9877,181295277.81,M0358_2563,บริษัทหลักทรัพย์จัดการกองทุน เอ็มเอฟซี จำกัด (มหาชน)
ONE-ACT-RD,2026-10-07,7.5354,7.6109,7.5354,44790859.5,M0148_2559,บริษัทหลักทรัพย์จัดการกองทุน วรรณ จำกัด
ONE-ACTIVE6/2,2026-10-06,8.0285,8.0286,8.0285,5767306.2,M0258_2558,บริษัทหลักทรัพย์จัดการกองทุน วรรณ จำกัด
ONE-ALLCHINA-ASSF,2026-10-06,7.5915,0.0,0.0,502976865.99,M0240_2561,บริษัทหลักทรัพย์จัดการกองทุน วรรณ จำกัด
ONE-ALLCHINA-RA,2026-10-06,7.5914,0.0,0.0,279861012.31,M0240_2561,บริษัทหลักทรัพย์จัดการกองทุน วรรณ จำกัด
ONE-APACESG,2026-10-06,10.0913,10.2428,10.0913,153756407.51,M0291_2564,บริษัทหลักทรัพย์จัดการกองทุน วรรณ จำกัด
ONE-APACPROP-RD,2026-10-07,6.7109,6.7781,6.7109,8090892.08,M0280_2560,บริษัทหลักทรัพย์จัดการกองทุน วรรณ จำกัด
ONE-BTCETFOF-UI,2026-10-06,10.8012,10.9169,10.8012,682355323.28,M0293_2567,บริษัทหลักทรัพย์จัดการกองทุน วรรณ จำกัด
ONE-CHINATOP10M-UH,2026-10-05,8.4495,0.0,0.0,37692730.0,M0150_2565,บริษัทหลักทรัพย์จัดการกองทุน วรรณ จำกัด
ONE-CHINATOP10M2,2026-10-05,7.8523,0.0,0.0,38713464.7,M0443_2565,บริษัทหลักทรัพย์จัดการกองทุน วรรณ จำกัด
ONE-DELIGHT-RA,2026-10-07,10.2646,10.2904,10.2646,22323418.9,M0486_2561,บริษัทหลักทรัพย์จัดการกองทุน วรรณ จำกัด
ONE-DELIGHT-RD,2026-10-07,9.5702,9.5942,9.5702,4003380.26,M0486_2561,บริษัทหลักทรัพย์จัดการกองทุน วรรณ จำกัด
ONE-DI,2026-10-07,10.8746,10.8747,10.8746,516600511.52,M0214_2542,บริษัทหลักทรัพย์จัดการกองทุน วรรณ จำกัด
ONE-DISC-ASSF,2026-10-06,9.2947,9.2948,9.2947,69045886.2,M0618_2562,บริษัทหลักทรัพย์จัดการกองทุน วรรณ จำกัด
ONE-DISC-RA,2026-10-06,9.2895,9.4289,9.2895,809218409.96,M0618_2562,บริษัทหลักทรัพย์จัดการกองทุน วรรณ จำกัด
ONE-DISCRMF-A,2026-10-06,5.8732,5.8733,5.8732,26674657.36,M0475_2563,บริษัทหลักทรัพย์จัดการกองทุน วรรณ จำกัด
ONE-EC14-RA,2026-10-07,11.3018,11.3019,11.3018,11944052.07,M0768_2546,บริษัทหลักทรัพย์จัดการกองทุน วรรณ จำกัด
ONE-EC14-RD,2026-10-07,8.2322,8.2323,8.2322,84387493.17,M0768_2546,บริษัทหลักทรัพย์จัดการกองทุน วรรณ จำกัด
ONE-ELITE11-RA,2026-10-06,13.0389,13.2346,13.0389,254634403.64,M0178_2568,บริษัทหลักทรัพย์จัดการกองทุน วรรณ จำกัด
ONE-ELITE11-RE,2026-10-06,13.1222,13.1485,13.096,25365325.47,M0178_2568,บริษัทหลักทรัพย์จัดการกองทุน วรรณ จำกัด
ONE-EQ,2026-10-07,9.5506,9.6529,9.5506,40461925.54,M0025_2536,บริษัทหลักทรัพย์จัดการกองทุน วรรณ จำกัด
ONE-EUROEQ,2026-10-05,20.1865,20.4894,20.1865,267368808.28,M0078_2561,บริษัทหลักทรัพย์จัดการกองทุน วรรณ จำกัด
ONE-FAR,2026-10-07,27.9131,27.9132,27.9131,530847675.0,M0001_2540,บริษัทหลักทรัพย์จัดการกองทุน วรรณ จำกัด
ONE-FAS,2026-10-07,4.9646,4.9647,0.0,27137416.74,M0041_2536,บริษัทหลักทรัพย์จัดการกองทุน วรรณ จำกัด
ONE-FFI,2026-10-06,10.7951,10.8222,10.7951,389520426.58,M0565_2566,บริษัทหลักทรัพย์จัดการกองทุน วรรณ จำกัด
ONE-FIXED-A,2026-10-07,11.4382,11.4383,11.4382,14321075884.22,M0609_2559,บริษัทหลักทรัพย์จัดการกองทุน วรรณ จำกัด
ONE-FLEX,2026-10-07,14.1187,14.1188,14.1187,24603600.1,M0114_2542,บริษัทหลักทรัพย์จัดการกองทุน วรรณ จำกัด
ONE-G,2026-10-07,51.9399,52.4594,51.9399,68294944.68,M0017_2535,บริษัทหลักทรัพย์จัดการกองทุน วรรณ จำกัด
ONE-GECOM,2026-10-06,11.4319,11.5849,11.4319,684667303.52,M0088_2562,บริษัทหลักทรัพย์จัดการกองทุน วรรณ จำกัด
ONE-GEM,2026-10-05,14.9114,15.0711,14.8715,10162341.58,M0843_2548,บริษัทหลักทรัพย์จัดการกองทุน วรรณ จำกัด
ONE-GLOBALTOP8M10,2026-10-05,8.037,8.1231,8.037,551078049.69,M0001_2564,บริษัทหลักทรัพย์จัดการกองทุน วรรณ จำกัด
ONE-GLOBALTOP8M11,2026-10-05,8.2211,8.3092,8.2211,781175241.21,M0035_2564,บริษัทหลักทรัพย์จัดการกองทุน วรรณ จำกัด
ONE-GLOBALTOP8M12,2026-10-05,8.5295,8.6209,8.5295,380528942.87,M0036_2564,บริษัทหลักทรัพย์จัดการกองทุน วรรณ จำกัด
ONE-GLOBALTOP8M12A,2026-10-05,8.6983,8.7915,8.6983,121360872.07,M0088_2564,บริษัทหลักทรัพย์จัดการกองทุน วรรณ จำกัด
ONE-GLOBALTOP8M14,2026-10-05,8.691,8.7841,8.691,134256344.34,M0090_2564,บริษัทหลักทรัพย์จัดการกองทุน วรรณ จำกัด
ONE-GLOBALTOP8M15,2026-10-05,8.665,8.7578,8.665,31927795.52,M0137_2564,บริษัทหลักทรัพย์จัดการกองทุน วรรณ จำกัด
ONE-GLOBALTOP8M16,2026-10-05,8.5222,8.6135,8.5222,34522575.95,M0138_2564,บริษัทหลักทรัพย์จัดการกองทุน วรรณ จำกัด
ONE-GLOBALTOP8M8,2026-10-05,8.3942,8.4841,8.3942,330887522.19,M0549_2563,บริษัทหลักทรัพย์จัดการกองทุน วรรณ จำกัด
ONE-GLOBALTOP8M9,2026-10-05,8.1719,8.2594,8.1719,427611906.02,M0622_2563,บริษัทหลักทรัพย์จัดการกองทุน วรรณ จำกัด
ONE-GLOBFIN-IA,2026-10-06,18.1586,18.353,18.1586,0,M0664_2560,บริษัทหลักทรัพย์จัดการกองทุน วรรณ จำกัด
ONE-GLOBFIN-RA,2026-10-06,19.2482,19.537,19.2482,202906603.26,M0664_2560,บริษัทหลักทรัพย์จัดการกองทุน วรรณ จำกัด
ONE-GLOBFIN-RD,2026-10-06,11.4707,11.6429,11.4707,19700684.24,M0664_2560,บริษัทหลักทรัพย์จัดการกองทุน วรรณ จำกัด
ONE-GLOBHY-I,2026-10-05,12.0399,12.0701,12.0399,35818086.61,M0454_2560,บริษัทหลักทรัพย์จัดการกองทุน วรรณ จำกัด
ONE-GLOBHY-R,2026-10-05,11.835,11.8943,11.835,5908920.18,M0454_2560,บริษัทหลักทรัพย์จัดการกองทุน วรรณ จำกัด
ONE-GOLD-X-UH,2026-10-06,10.3801,10.401,10.3593,129702062.55,M0517_2569,บริษัทหลักทรัพย์จัดการกองทุน วรรณ จำกัด
ONE-HOSPITAL,2026-10-06,9.0125,9.1027,9.0125,18508569.06,M0076_2559,บริษัทหลักทรัพย์จัดการกองทุน วรรณ จำกัด
ONE-HUMANOID-X-UH,2026-10-06,10.7336,10.8185,10.7336,16342527.01,M0672_2569,บริษัทหลักทรัพย์จัดการกองทุน วรรณ จำกัด
ONE-INDIAOPP-ID,2026-10-06,8.1441,8.2313,8.1441,20400045.55,M0609_2560,บริษัทหลักทรัพย์จัดการกองทุน วรรณ จำกัด
ONE-INDIAOPP-RA,2026-10-06,11.4509,11.6228,11.4509,27068988.63,M0609_2560,บริษัทหลักทรัพย์จัดการกองทุน วรรณ จำกัด
ONE-INDIAOPP-RD,2026-10-06,7.9516,8.071,7.9516,3421708.12,M0609_2560,บริษัทหลักทรัพย์จัดการกองทุน วรรณ จำกัด
ONE-MEDTECH,2026-10-06,7.2948,7.4043,7.2948,213297333.19,M0509_2564,บริษัทหลักทรัพย์จัดการกองทุน วรรณ จำกัด
ONE-METAVERSE,2026-10-06,14.7544,14.9758,14.7544,23429892.05,M0519_2564,บริษัทหลักทรัพย์จัดการกองทุน วรรณ จำกัด
ONE-MIDSMALL,2026-10-07,6.409,6.4777,6.409,72632226.05,M0016_2536,บริษัทหลักทรัพย์จัดการกองทุน วรรณ จำกัด
ONE-OPPORTUNITY6/2,2026-10-07,8.3877,8.4775,8.3877,21961884.3,M0394_2561,บริษัทหลักทรัพย์จัดการกองทุน วรรณ จำกัด
ONE-POWER-ND,2026-10-07,10.065,10.1658,10.065,5701502.19,M0016_2560,บริษัทหลักทรัพย์จัดการกองทุน วรรณ จำกัด
ONE-PREMIER,2026-10-06,10.4118,10.4398,0.0,16293038.97,M0372_2556,บริษัทหลักทรัพย์จัดการกองทุน วรรณ จำกัด
ONE-PROP-AR,2026-10-07,26.8898,27.0243,26.8898,860756754.06,M0610_2552,บริษัทหลักทรัพย์จัดการกองทุน วรรณ จำกัด
ONE-PROP-ID,2026-10-07,26.891,27.0256,26.891,219264547.21,M0610_2552,บริษัทหลักทรัพย์จัดการกองทุน วรรณ จำกัด
ONE-RAREEARTH,2026-10-06,8.1853,8.3082,8.1853,1519468464.0,M1021_2568,บริษัทหลักทรัพย์จัดการกองทุน วรรณ จำกัด
ONE-S-RD,2026-10-07,20.9881,20.9882,20.9881,182169667.25,M0597_2547,บริษัทหลักทรัพย์จัดการกองทุน วรรณ จำกัด
ONE-SETHD,2026-10-07,11.2608,11.3814,11.2608,99971575.54,M0022_2562,บริษัทหลักทรัพย์จัดการกองทุน วรรณ จำกัด
ONE-SG-RA,2026-10-07,36.5721,36.5722,36.5721,299341515.39,M0364_2548,บริษัทหลักทรัพย์จัดการกองทุน วรรณ จำกัด
ONE-SINGEQ-UH,2026-10-05,10.3209,10.4758,10.3209,63705857.97,M0525_2569,บริษัทหลักทรัพย์จัดการกองทุน วรรณ จำกัด
ONE-STOXXASEANETF,2026-10-07,102.4523,103.7331,102.4523,30788071.26,M0853_2557,บริษัทหลักทรัพย์จัดการกองทุน วรรณ จำกัด
ONE-TCMSSF-SSF,2026-10-07,10.6949,10.695,10.6949,26655359.99,M0136_2563,บริษัทหลักทรัพย์จัดการกองทุน วรรณ จำกัด
ONE-TCMSSF-SSFX,2026-10-07,10.6941,10.6942,10.6941,29463601.31,M0136_2563,บริษัทหลักทรัพย์จัดการกองทุน วรรณ จำกัด
ONE-THAIESG,2026-10-07,12.1624,12.1625,12.1624,170447173.29,M0818_2566,บริษัทหลักทรัพย์จัดการกองทุน วรรณ จำกัด
ONE-THAIESGX-L,2026-10-07,12.8683,12.8684,12.8683,170106529.48,M0392_2568,บริษัทหลักทรัพย์จัดการกองทุน วรรณ จำกัด
ONE-THAIESGX-X,2026-10-07,12.868,12.8681,12.868,15154360.06,M0392_2568,บริษัทหลักทรัพย์จัดการกองทุน วรรณ จำกัด
ONE-TOP5M,2026-10-07,7.8367,7.8368,7.8367,27561787.15,M0638_2560,บริษัทหลักทรัพย์จัดการกองทุน วรรณ จำกัด
ONE-UB 3,2026-10-07,9.8986,10.0046,9.8986,42692811.94,M0015_2536,บริษัทหลักทรัพย์จัดการกองทุน วรรณ จำกัด
ONE-UGERMF-A,2026-10-06,18.4714,18.4715,18.4714,1709701445.32,M0637_2559,บริษัทหลักทรัพย์จัดการกองทุน วรรณ จำกัด
ONE-UGERMF-P,2026-10-06,18.4714,18.4715,18.4714,22569941.86,M0637_2559,บริษัทหลักทรัพย์จัดการกองทุน วรรณ จำกัด
ONE-UGG-ASSF,2026-10-06,29.5813,29.5814,29.5813,1710008562.43,M0717_2558,บริษัทหลักทรัพย์จัดการกองทุน วรรณ จำกัด
ONE-UGG-RA,2026-10-06,29.6206,30.065,29.6206,4748229069.82,M0717_2558,บริษัทหลักทรัพย์จัดการกองทุน วรรณ จำกัด
ONE-UJE-RA,2026-10-06,19.6701,19.9653,19.6701,179312125.03,M0107_2564,บริษัทหลักทรัพย์จัดการกองทุน วรรณ จำกัด
ONE-ULTRA,2026-10-06,9.8278,9.9331,0.0,241228598.79,M0363_2558,บริษัทหลักทรัพย์จัดการกองทุน วรรณ จำกัด
ONE-ULTRAPLUS-ASSF,2026-10-06,12.7691,12.7692,12.7691,50577627.83,M0672_2566,บริษัทหลักทรัพย์จัดการกองทุน วรรณ จำกัด
ONE-ULTRAPLUS-RA,2026-10-06,12.8869,13.0249,12.8869,17841050.69,M0672_2566,บริษัทหลักทรัพย์จัดการกองทุน วรรณ จำกัด
ONE-VIETNAM-RA,2026-10-06,8.2743,8.3985,8.2743,228278550.45,M0038_2561,บริษัทหลักทรัพย์จัดการกองทุน วรรณ จำกัด
ONE-VIETNAMRMF-A,2026-10-06,7.1077,7.1078,7.1077,120027894.49,M0149_2564,บริษัทหลักทรัพย์จัดการกองทุน วรรณ จำกัด
ONEPROP-RD,2026-10-07,8.2519,8.2933,0.0,242670189.58,M0140_2556,บริษัทหลักทรัพย์จัดการกองทุน วรรณ จำกัด
ONEPROP-RMF,2026-10-07,11.1125,11.1126,0.0,120376184.57,M0768_2555,บริษัทหลักทรัพย์จัดการกองทุน วรรณ จำกัด
ONEPROP-SG,2026-10-05,11.4815,11.6045,0.0,61524298.14,M0568_2554,บริษัทหลักทรัพย์จัดการกองทุน วรรณ จำกัด
P-CGREEN,2026-10-06,5.7256,5.8126,5.7246,240719709.28,M0037_2564,บริษัทหลักทรัพย์จัดการกองทุนรวม  ฟิลลิป จำกัด
P-MESGX-N,2026-10-07,10.8788,10.8789,10.8788,142558.56,M0465_2568,บริษัทหลักทรัพย์จัดการกองทุนรวม  ฟิลลิป จำกัด
P-MESGX-SW,2026-10-07,10.9784,10.9785,10.9784,28287584.78,M0465_2568,บริษัทหลักทรัพย์จัดการกองทุนรวม  ฟิลลิป จำกัด
PCASH,2026-10-07,13.2212,13.2213,13.2212,163252158.03,M0281_2550,บริษัทหลักทรัพย์จัดการกองทุนรวม  ฟิลลิป จำกัด
PFIXRMF,2026-10-07,11.3427,11.3428,11.3427,15855355.93,M0098_2551,บริษัทหลักทรัพย์จัดการกองทุนรวม  ฟิลลิป จำกัด
PGOLD,2026-10-07,22.8227,22.896,22.7495,5639399.52,M0536_2552,บริษัทหลักทรัพย์จัดการกองทุนรวม  ฟิลลิป จำกัด
PMIX,2026-10-07,23.0156,23.0157,23.0156,82576178.66,M0244_2550,บริษัทหลักทรัพย์จัดการกองทุนรวม  ฟิลลิป จำกัด
PMIXRMF,2026-10-07,25.1828,25.1829,25.1828,36918616.82,M0557_2551,บริษัทหลักทรัพย์จัดการกองทุนรวม  ฟิลลิป จำกัด
PRINCIPAL AARMF,2026-10-05,20.4583,20.4584,20.4583,46987408.6,M0830_2547,บริษัทหลักทรัพย์จัดการกองทุน พรินซิเพิล จำกัด
PRINCIPAL APDI-A,2026-10-06,25.0994,25.476,25.0994,526380794.74,M0653_2554,บริษัทหลักทรัพย์จัดการกองทุน พรินซิเพิล จำกัด
PRINCIPAL APDI-C,2026-10-06,25.1193,25.1194,25.1193,136636903.37,M0653_2554,บริษัทหลักทรัพย์จัดการกองทุน พรินซิเพิล จำกัด
PRINCIPAL APDIRMF,2026-10-06,16.5681,16.5682,16.5681,255700824.52,M1142_2557,บริษัทหลักทรัพย์จัดการกองทุน พรินซิเพิล จำกัด
PRINCIPAL BARMF,2026-10-06,12.9379,12.938,12.9379,3189511.58,M0805_2554,บริษัทหลักทรัพย์จัดการกองทุน พรินซิเพิล จำกัด
PRINCIPAL CHEQ-A,2026-10-06,6.9342,7.0383,6.9342,440849205.21,M0304_2561,บริษัทหลักทรัพย์จัดการกองทุน พรินซิเพิล จำกัด
PRINCIPAL CHTECH-A,2026-10-06,4.6423,4.712,4.6423,816395902.17,M0160_2564,บริษัทหลักทรัพย์จัดการกองทุน พรินซิเพิล จำกัด
PRINCIPAL DEF,2026-10-07,14.3857,14.4103,14.3612,848094411.55,M0117_2555,บริษัทหลักทรัพย์จัดการกองทุน พรินซิเพิล จำกัด
PRINCIPAL DPLUS-A,2026-10-07,11.7649,11.765,11.7649,10506255100.61,M1218_2557,บริษัทหลักทรัพย์จัดการกองทุน พรินซิเพิล จำกัด
PRINCIPAL DPLUS-E,2026-10-07,11.8614,11.8615,11.8614,22275563.57,M1218_2557,บริษัทหลักทรัพย์จัดการกองทุน พรินซิเพิล จำกัด
PRINCIPAL DPLUS-X,2026-10-07,11.7788,11.7789,11.7788,327766907.67,M1218_2557,บริษัทหลักทรัพย์จัดการกองทุน พรินซิเพิล จำกัด
PRINCIPAL EEF-D,2026-10-07,27.6313,27.6784,27.5843,1643382522.89,M0351_2548,บริษัทหลักทรัพย์จัดการกองทุน พรินซิเพิล จำกัด
PRINCIPAL EPIF,2026-10-07,13.0933,13.1589,13.0933,1197647119.77,M0177_2551,บริษัทหลักทรัพย์จัดการกองทุน พรินซิเพิล จำกัด
PRINCIPAL EQESG-ThaiESG,2026-10-07,11.8285,11.8286,11.8285,49427938.54,M0845_2566,บริษัทหลักทรัพย์จัดการกองทุน พรินซิเพิล จำกัด
PRINCIPAL EQRMF,2026-10-07,19.7514,19.7515,19.7514,1344829115.96,M0415_2548,บริษัทหลักทรัพย์จัดการกองทุน พรินซิเพิล จำกัด
PRINCIPAL EUEQ-A,2026-10-06,20.2861,20.5905,20.2861,32034079.52,M0309_2558,บริษัทหลักทรัพย์จัดการกองทุน พรินซิเพิล จำกัด
PRINCIPAL FI,2026-10-07,16.4467,16.4468,16.4467,3224256803.42,M0668_2551,บริษัทหลักทรัพย์จัดการกองทุน พรินซิเพิล จำกัด
PRINCIPAL FI23M1AI,2026-10-07,10.4278,0.0,0.0,399623809.45,M0168_2568,บริษัทหลักทรัพย์จัดการกองทุน พรินซิเพิล จำกัด
PRINCIPAL FIRMF,2026-10-07,15.3777,15.3778,15.3777,182821991.39,M0420_2548,บริษัทหลักทรัพย์จัดการกองทุน พรินซิเพิล จำกัด
PRINCIPAL GCLEAN-A,2026-10-06,5.975,6.0647,5.975,1009511312.99,M0086_2564,บริษัทหลักทรัพย์จัดการกองทุน พรินซิเพิล จำกัด
PRINCIPAL GCLEAN-C,2026-10-06,5.9751,5.9752,5.9751,603947.94,M0086_2564,บริษัทหลักทรัพย์จัดการกองทุน พรินซิเพิล จำกัด
PRINCIPAL GCLOUD-A,2026-10-06,6.6436,6.7434,6.6436,1103057019.17,M0430_2563,บริษัทหลักทรัพย์จัดการกองทุน พรินซิเพิล จำกัด
PRINCIPAL GCREDIT-A,2026-10-05,9.8583,9.957,9.8583,80040202.78,M0722_2566,บริษัทหลักทรัพย์จัดการกองทุน พรินซิเพิล จำกัด
PRINCIPAL GCREDIT-C,2026-10-05,9.8579,9.858,9.8579,652314327.61,M0722_2566,บริษัทหลักทรัพย์จัดการกองทุน พรินซิเพิล จำกัด
PRINCIPAL GEDTECH-A,2026-10-06,7.8849,8.0033,7.8849,218567755.04,M0311_2563,บริษัทหลักทรัพย์จัดการกองทุน พรินซิเพิล จำกัด
PRINCIPAL GEF-A,2026-10-06,24.2108,24.5983,24.1866,9436377.15,M0077_2557,บริษัทหลักทรัพย์จัดการกองทุน พรินซิเพิล จำกัด
PRINCIPAL GEF-C,2026-10-06,25.4565,25.4821,25.431,8721037077.48,M0077_2557,บริษัทหลักทรัพย์จัดการกองทุน พรินซิเพิล จำกัด
PRINCIPAL GEF-X,2026-10-06,27.1535,27.1808,27.1263,20333647.02,M0077_2557,บริษัทหลักทรัพย์จัดการกองทุน พรินซิเพิล จำกัด
PRINCIPAL GESG-A,2026-10-06,14.4303,14.6469,14.4303,78509741.31,M0122_2565,บริษัทหลักทรัพย์จัดการกองทุน พรินซิเพิล จำกัด
PRINCIPAL GESG-C,2026-10-06,14.4303,14.4304,14.4303,146616395.12,M0122_2565,บริษัทหลักทรัพย์จัดการกองทุน พรินซิเพิล จำกัด
PRINCIPAL GFIXED,2026-10-06,9.5605,9.6562,9.5605,215723574.98,M0581_2560,บริษัทหลักทรัพย์จัดการกองทุน พรินซิเพิล จำกัด
PRINCIPAL GHEALTH-A,2026-10-05,5.0112,5.0865,5.0112,567068827.2,M0594_2563,บริษัทหลักทรัพย์จัดการกองทุน พรินซิเพิล จำกัด
PRINCIPAL GIF,2026-10-06,18.608,18.8872,18.608,508357734.77,M0762_2558,บริษัทหลักทรัพย์จัดการกองทุน พรินซิเพิล จำกัด
PRINCIPAL GIFUH-A,2026-10-06,11.7431,11.9193,11.7431,314492553.16,M0630_2567,บริษัทหลักทรัพย์จัดการกองทุน พรินซิเพิล จำกัด
PRINCIPAL GIFUH-C,2026-10-06,11.7423,11.7424,11.7423,20294776.47,M0630_2567,บริษัทหลักทรัพย์จัดการกองทุน พรินซิเพิล จำกัด
PRINCIPAL GINNO-A,2026-10-06,19.5018,19.7944,19.5018,125356190.42,M0523_2561,บริษัทหลักทรัพย์จัดการกองทุน พรินซิเพิล จำกัด
PRINCIPAL GINNO-C,2026-10-06,19.5022,19.5023,19.5022,492938852.41,M0523_2561,บริษัทหลักทรัพย์จัดการกองทุน พรินซิเพิล จำกัด
PRINCIPAL GLEADER-A,2026-10-05,10.1191,10.271,10.1191,202452759.46,M0995_2567,บริษัทหลักทรัพย์จัดการกองทุน พรินซิเพิล จำกัด
PRINCIPAL GOPP-A,2026-10-06,21.4742,21.7964,21.4742,1185710689.87,M0166_2560,บริษัทหลักทรัพย์จัดการกองทุน พรินซิเพิล จำกัด
PRINCIPAL GOPP-C,2026-10-06,21.4377,21.4378,21.4377,758569455.83,M0166_2560,บริษัทหลักทรัพย์จัดการกองทุน พรินซิเพิล จำกัด
PRINCIPAL GOPP-SSF,2026-10-06,21.2047,0.0,21.2047,63816756.67,M0166_2560,บริษัทหลักทรัพย์จัดการกองทุน พรินซิเพิล จำกัด
PRINCIPAL GQE-A,2026-10-06,9.9745,10.1242,9.9745,158726430.04,M0344_2566,บริษัทหลักทรัพย์จัดการกองทุน พรินซิเพิล จำกัด
PRINCIPAL GQE-C,2026-10-06,9.9751,9.9752,9.9751,84351938.47,M0344_2566,บริษัทหลักทรัพย์จัดการกองทุน พรินซิเพิล จำกัด
PRINCIPAL GREITs,2026-10-05,7.8514,7.9693,7.8514,196596865.77,M0074_2560,บริษัทหลักทรัพย์จัดการกองทุน พรินซิเพิล จำกัด
PRINCIPAL GSTEP,2026-10-05,9.9645,0.0,9.9645,257471656.54,M0835_2567,บริษัทหลักทรัพย์จัดการกองทุน พรินซิเพิล จำกัด
PRINCIPAL INDIAEQ-A,2026-10-05,8.3253,8.4503,8.3253,150904754.99,M0531_2567,บริษัทหลักทรัพย์จัดการกองทุน พรินซิเพิล จำกัด
PRINCIPAL INDIAEQ-C,2026-10-05,8.3252,8.3253,8.3252,12511775.41,M0531_2567,บริษัทหลักทรัพย์จัดการกองทุน พรินซิเพิล จำกัด
PRINCIPAL INXUS-A,2026-10-06,9.9078,10.0565,9.9078,100024559.78,M1160_2568,บริษัทหลักทรัพย์จัดการกองทุน พรินซิเพิล จำกัด
PRINCIPAL INXUS-C,2026-10-06,9.9077,9.9078,9.9077,146958074.67,M1160_2568,บริษัทหลักทรัพย์จัดการกองทุน พรินซิเพิล จำกัด
PRINCIPAL JEQ-A,2026-10-06,25.7928,26.1798,25.7928,189726629.95,M0791_2556,บริษัทหลักทรัพย์จัดการกองทุน พรินซิเพิล จำกัด
PRINCIPAL JEQ-C,2026-10-06,25.7929,25.793,25.7929,14568269.66,M0791_2556,บริษัทหลักทรัพย์จัดการกองทุน พรินซิเพิล จำกัด
PRINCIPAL KEQ,2026-10-06,17.7633,18.0298,17.7633,485507732.41,M0976_2556,บริษัทหลักทรัพย์จัดการกองทุน พรินซิเพิล จำกัด
PRINCIPAL MABALANCED-C,2026-10-06,14.127,14.1271,14.127,65517468.24,M0560_2556,บริษัทหลักทรัพย์จัดการกองทุน พรินซิเพิล จำกัด
PRINCIPAL MABALANCED-D,2026-10-06,11.7148,11.832,11.7148,105257241.41,M0560_2556,บริษัทหลักทรัพย์จัดการกองทุน พรินซิเพิล จำกัด
PRINCIPAL MABALANCED-R,2026-10-06,14.0395,14.18,14.0395,36901227.26,M0560_2556,บริษัทหลักทรัพย์จัดการกองทุน พรินซิเพิล จำกัด
PRINCIPAL MAGLOBAL-A,2026-10-06,11.4143,11.5856,11.4143,47336765.63,M0046_2565,บริษัทหลักทรัพย์จัดการกองทุน พรินซิเพิล จำกัด
PRINCIPAL MAGLOBAL-C,2026-10-06,11.4149,11.415,11.4149,80003901.79,M0046_2565,บริษัทหลักทรัพย์จัดการกองทุน พรินซิเพิล จำกัด
PRINCIPAL MAINCOME-A,2026-10-06,11.6289,11.6871,11.6289,363330357.47,M0231_2559,บริษัทหลักทรัพย์จัดการกองทุน พรินซิเพิล จำกัด
PRINCIPAL MAINCOME-C,2026-10-06,11.6291,11.6292,11.6291,32405054.44,M0231_2559,บริษัทหลักทรัพย์จัดการกองทุน พรินซิเพิล จำกัด
PRINCIPAL MMRMF,2026-10-07,12.4637,12.4638,12.4637,1603416290.81,M0820_2553,บริษัทหลักทรัพย์จัดการกองทุน พรินซิเพิล จำกัด
PRINCIPAL MYRFIUH-A,2026-10-06,10.7082,10.7618,10.7082,865716297.62,M0799_2568,บริษัทหลักทรัพย์จัดการกองทุน พรินซิเพิล จำกัด
PRINCIPAL MYRFIUH-C,2026-10-06,10.7043,10.7044,10.7043,115023902.0,M0799_2568,บริษัทหลักทรัพย์จัดการกองทุน พรินซิเพิล จำกัด
PRINCIPAL PRMF,2026-10-07,12.9712,12.9713,12.9712,140085056.48,M0821_2548,บริษัทหลักทรัพย์จัดการกองทุน พรินซิเพิล จำกัด
PRINCIPAL SEQTESGX-N,2026-10-07,13.7086,0.0,13.7086,6807193.28,M0459_2568,บริษัทหลักทรัพย์จัดการกองทุน พรินซิเพิล จำกัด
PRINCIPAL SEQTESGX-O,2026-10-07,13.7089,0.0,13.7089,113386181.52,M0459_2568,บริษัทหลักทรัพย์จัดการกองทุน พรินซิเพิล จำกัด
PRINCIPAL SEQTESGX-T,2026-10-07,13.7092,13.7093,13.7092,399139.29,M0459_2568,บริษัทหลักทรัพย์จัดการกองทุน พรินซิเพิล จำกัด
PRINCIPAL SET100RMF,2026-10-07,22.3804,22.3805,22.3804,32837744.49,M0833_2553,บริษัทหลักทรัพย์จัดการกองทุน พรินซิเพิล จำกัด
PRINCIPAL SET50-A,2026-10-07,28.9035,28.9036,28.9035,223503270.63,M0001_2552,บริษัทหลักทรัพย์จัดการกองทุน พรินซิเพิล จำกัด
PRINCIPAL SET50-E,2026-10-07,29.7394,29.7395,29.7394,3400849.4,M0001_2552,บริษัทหลักทรัพย์จัดการกองทุน พรินซิเพิล จำกัด
PRINCIPAL SET50SSF-SSF,2026-10-07,14.5437,0.0,14.5437,96183566.36,M0172_2563,บริษัทหลักทรัพย์จัดการกองทุน พรินซิเพิล จำกัด
PRINCIPAL SET50SSF-SSFX,2026-10-07,14.5367,0.0,14.5367,104613960.11,M0172_2563,บริษัทหลักทรัพย์จัดการกองทุน พรินซิเพิล จำกัด
PRINCIPAL TDIF-C,2026-10-07,11.1565,11.1566,11.1565,106492640.49,M0694_2559,บริษัทหลักทรัพย์จัดการกองทุน พรินซิเพิล จำกัด
PRINCIPAL TDIF-D,2026-10-07,10.8056,10.9138,10.8056,137180566.3,M0694_2559,บริษัทหลักทรัพย์จัดการกองทุน พรินซิเพิล จำกัด
PRINCIPAL TDIF-SSF,2026-10-07,10.7751,0.0,10.7751,20583024.98,M0694_2559,บริษัทหลักทรัพย์จัดการกองทุน พรินซิเพิล จำกัด
PRINCIPAL TEQAF-T,2026-10-07,25.3463,0.0,25.3463,241198523.66,M0412_2548,บริษัทหลักทรัพย์จัดการกองทุน พรินซิเพิล จำกัด
PRINCIPAL TEQAF-X,2026-10-07,26.266,26.2661,26.266,18057328.13,M0412_2548,บริษัทหลักทรัพย์จัดการกองทุน พรินซิเพิล จำกัด
PRINCIPAL TEQAF70-T,2026-10-07,14.2364,0.0,14.2364,83438689.44,M0414_2548,บริษัทหลักทรัพย์จัดการกองทุน พรินซิเพิล จำกัด
PRINCIPAL THTG6M1,2026-10-07,9.9866,0.0,9.9866,19356852.37,M0187_2565,บริษัทหลักทรัพย์จัดการกองทุน พรินซิเพิล จำกัด
PRINCIPAL TREASURY,2026-10-07,12.3864,12.3865,12.3864,458196597.88,M0530_2551,บริษัทหลักทรัพย์จัดการกองทุน พรินซิเพิล จำกัด
PRINCIPAL USEQ-A,2026-10-06,13.8798,14.0881,13.8798,225381771.64,M0294_2564,บริษัทหลักทรัพย์จัดการกองทุน พรินซิเพิล จำกัด
PRINCIPAL USEQ-C,2026-10-06,13.8813,13.8814,13.8813,154576737.47,M0294_2564,บริษัทหลักทรัพย์จัดการกองทุน พรินซิเพิล จำกัด
PRINCIPAL VNEI-A,2026-10-07,9.4964,9.5535,9.4869,29808467.88,M0528_2569,บริษัทหลักทรัพย์จัดการกองทุน พรินซิเพิล จำกัด
PRINCIPAL VNEI-EX,2026-10-07,9.6103,9.6681,9.6007,24652814.6,M0528_2569,บริษัทหลักทรัพย์จัดการกองทุน พรินซิเพิล จำกัด
PRINCIPAL VNEQ-A,2026-10-07,12.3269,12.5119,12.3269,5370658433.29,M0423_2560,บริษัทหลักทรัพย์จัดการกองทุน พรินซิเพิล จำกัด
PRINCIPAL VNEQ-C,2026-10-07,12.3327,12.3328,12.3327,63694623.87,M0423_2560,บริษัทหลักทรัพย์จัดการกองทุน พรินซิเพิล จำกัด
PRINCIPAL VNEQ-I,2026-10-07,12.4246,12.6111,12.4246,100624349.04,M0423_2560,บริษัทหลักทรัพย์จัดการกองทุน พรินซิเพิล จำกัด
PRINCIPAL VNEQ-USD,2026-10-07,0.3776,0.3777,0.3776,818541.48,M0423_2560,บริษัทหลักทรัพย์จัดการกองทุน พรินซิเพิล จำกัด
PRINCIPAL VNEQ-X,2026-10-07,13.5777,13.5778,13.5777,358710567.63,M0423_2560,บริษัทหลักทรัพย์จัดการกองทุน พรินซิเพิล จำกัด
PRINCIPAL VNEQRMF,2026-10-06,10.0065,10.0066,10.0065,360221340.7,M0517_2566,บริษัทหลักทรัพย์จัดการกองทุน พรินซิเพิล จำกัด
PRINCIPAL VNTG7M1,2026-10-07,7.7087,0.0,7.7087,238022440.82,M0063_2565,บริษัทหลักทรัพย์จัดการกองทุน พรินซิเพิล จำกัด
PRINCIPAL VTOPP-A,2026-10-07,9.0473,9.1831,9.0473,309211419.21,M0406_2564,บริษัทหลักทรัพย์จัดการกองทุน พรินซิเพิล จำกัด
PRINCIPAL iDAILY-A,2026-10-07,12.2835,12.2836,12.2835,517058927.66,M0146_2555,บริษัทหลักทรัพย์จัดการกองทุน พรินซิเพิล จำกัด
PRINCIPAL iDAILY-C,2026-10-07,13.0495,13.0496,13.0495,5574344.79,M0146_2555,บริษัทหลักทรัพย์จัดการกองทุน พรินซิเพิล จำกัด
PRINCIPAL iDAILY-D,2026-10-07,10.595,10.5951,10.595,6786287.27,M0146_2555,บริษัทหลักทรัพย์จัดการกองทุน พรินซิเพิล จำกัด
PRINCIPAL iDAILY-E,2026-10-07,12.4657,12.4658,12.4657,51115.64,M0146_2555,บริษัทหลักทรัพย์จัดการกองทุน พรินซิเพิล จำกัด
PRINCIPAL iDAILY-R,2026-10-07,12.3017,12.3018,12.3017,2457370.26,M0146_2555,บริษัทหลักทรัพย์จัดการกองทุน พรินซิเพิล จำกัด
PRINCIPAL iDIV-A,2026-10-07,22.0436,22.2641,22.0436,37865177.07,M0277_2555,บริษัทหลักทรัพย์จัดการกองทุน พรินซิเพิล จำกัด
PRINCIPAL iDIV-C,2026-10-07,22.0451,22.0452,22.0451,71173903.61,M0277_2555,บริษัทหลักทรัพย์จัดการกองทุน พรินซิเพิล จำกัด
PRINCIPAL iDIV-D,2026-10-07,10.445,10.5496,10.445,43532534.19,M0277_2555,บริษัทหลักทรัพย์จัดการกองทุน พรินซิเพิล จำกัด
PRINCIPAL iDIV-R,2026-10-07,22.4627,22.6874,22.4627,6758307.6,M0277_2555,บริษัทหลักทรัพย์จัดการกองทุน พรินซิเพิล จำกัด
PRINCIPAL iFIXED-A,2026-10-07,13.3995,13.3996,13.3995,731540149.25,M0715_2555,บริษัทหลักทรัพย์จัดการกองทุน พรินซิเพิล จำกัด
PRINCIPAL iFIXED-C,2026-10-07,13.4755,13.4756,13.4755,122039677.74,M0715_2555,บริษัทหลักทรัพย์จัดการกองทุน พรินซิเพิล จำกัด
PRINCIPAL iFIXED-R,2026-10-07,13.4167,13.4168,13.4167,69452840.1,M0715_2555,บริษัทหลักทรัพย์จัดการกองทุน พรินซิเพิล จำกัด
PRINCIPAL iFIXEDPVD,2026-10-07,11.4984,11.4985,11.4984,17259737032.31,M0467_2562,บริษัทหลักทรัพย์จัดการกองทุน พรินซิเพิล จำกัด
PRINCIPAL iGOLD-A,2026-10-07,16.5835,16.6035,16.5636,67812677.49,M0613_2555,บริษัทหลักทรัพย์จัดการกองทุน พรินซิเพิล จำกัด
PRINCIPAL iGOLD-C,2026-10-07,17.4852,17.5063,17.4642,770211293.04,M0613_2555,บริษัทหลักทรัพย์จัดการกองทุน พรินซิเพิล จำกัด
PRINCIPAL iGOLD-E,2026-10-07,17.683,17.7043,17.6618,1606977.96,M0613_2555,บริษัทหลักทรัพย์จัดการกองทุน พรินซิเพิล จำกัด
PRINCIPAL iGOLD-R,2026-10-07,16.1266,16.1461,16.1072,5062149.43,M0613_2555,บริษัทหลักทรัพย์จัดการกองทุน พรินซิเพิล จำกัด
PRINCIPAL iPROP-A,2026-10-07,17.362,17.5357,17.362,790723968.11,M0939_2553,บริษัทหลักทรัพย์จัดการกองทุน พรินซิเพิล จำกัด
PRINCIPAL iPROP-C,2026-10-07,17.2599,17.26,17.2599,1184995225.33,M0939_2553,บริษัทหลักทรัพย์จัดการกองทุน พรินซิเพิล จำกัด
PRINCIPAL iPROP-D,2026-10-07,10.3865,10.4905,10.3865,3199861233.95,M0939_2553,บริษัทหลักทรัพย์จัดการกองทุน พรินซิเพิล จำกัด
PRINCIPAL iPROP-R,2026-10-07,17.409,17.5832,17.409,448827545.39,M0939_2553,บริษัทหลักทรัพย์จัดการกองทุน พรินซิเพิล จำกัด
PRINCIPAL iPROPEN-A,2026-10-07,8.6842,8.7711,8.6842,327110681.78,M0625_2562,บริษัทหลักทรัพย์จัดการกองทุน พรินซิเพิล จำกัด
PRINCIPAL iPROPEN-C,2026-10-07,8.6866,8.6867,8.6866,493708935.85,M0625_2562,บริษัทหลักทรัพย์จัดการกองทุน พรินซิเพิล จำกัด
PRINCIPAL iPROPEN-D,2026-10-07,8.6841,8.771,8.6841,716489333.46,M0625_2562,บริษัทหลักทรัพย์จัดการกองทุน พรินซิเพิล จำกัด
PRINCIPAL iPROPEN-SSF,2026-10-07,8.6733,0.0,8.6733,343695940.98,M0625_2562,บริษัทหลักทรัพย์จัดการกองทุน พรินซิเพิล จำกัด
PRINCIPAL iPROPPLUS,2026-10-07,9.1253,9.2167,0.0,579427620.89,M0201_2561,บริษัทหลักทรัพย์จัดการกองทุน พรินซิเพิล จำกัด
PRINCIPAL iPROPRMF,2026-10-07,16.5541,16.5542,16.5541,1099211292.7,M0888_2555,บริษัทหลักทรัพย์จัดการกองทุน พรินซิเพิล จำกัด
PVDFP,2026-10-07,11.2627,11.2628,11.2627,46384601346.04,M0468_2562,บริษัทหลักทรัพย์จัดการกองทุน ไทยพาณิชย์ จำกัด
PVDFPP,2026-10-07,11.5666,11.5667,11.5666,322712416.47,M0468_2562,บริษัทหลักทรัพย์จัดการกองทุน ไทยพาณิชย์ จำกัด
PVDKTFIX-1Y3Y,2026-10-07,11.6076,11.6077,11.6076,22275729981.73,M0489_2562,บริษัทหลักทรัพย์จัดการกองทุน กรุงไทย จำกัด (มหาชน)
PVDKTSS,2026-10-07,10.7361,10.7362,10.7361,2938994196.91,M0484_2562,บริษัทหลักทรัพย์จัดการกองทุน กรุงไทย จำกัด (มหาชน)
PVDTP,2026-10-07,10.7497,10.7498,10.7497,2376835444.16,M0481_2562,บริษัทหลักทรัพย์จัดการกองทุน ไทยพาณิชย์ จำกัด
PVDTPP,2026-10-07,10.787,10.7871,10.787,209880557.88,M0481_2562,บริษัทหลักทรัพย์จัดการกองทุน ไทยพาณิชย์ จำกัด
PWIN,2026-10-06,25.1531,25.4267,25.1488,208236759.42,M0249_2561,บริษัทหลักทรัพย์จัดการกองทุนรวม  ฟิลลิป จำกัด
PWINRMF,2026-10-06,14.7303,14.7329,14.7278,218143269.19,M0382_2563,บริษัทหลักทรัพย์จัดการกองทุนรวม  ฟิลลิป จำกัด
Q-PORT,2026-10-07,9.3645,9.388,9.3645,18851519.87,M0316_2550,บริษัทหลักทรัพย์จัดการกองทุน เอ็มเอฟซี จำกัด (มหาชน)
RKBC,2026-10-07,29.5039,29.6515,29.3564,153433424.2,M0021_2538,บริษัทหลักทรัพย์จัดการกองทุน กสิกรไทย จำกัด
RKF4,2026-10-07,6.3111,6.3743,6.3111,203614904.01,M0008_2537,บริษัทหลักทรัพย์จัดการกองทุน กสิกรไทย จำกัด
RMF1,2026-10-07,66.7947,66.7948,66.7947,1834944214.29,M0110_2545,บริษัทหลักทรัพย์จัดการกองทุน กรุงไทย จำกัด (มหาชน)
RMF2,2026-10-07,16.9339,16.934,16.9339,2434084757.08,M0112_2545,บริษัทหลักทรัพย์จัดการกองทุน กรุงไทย จำกัด (มหาชน)
RMF3,2026-10-07,15.5324,15.5325,15.5324,3824622636.7,M0186_2548,บริษัทหลักทรัพย์จัดการกองทุน กรุงไทย จำกัด (มหาชน)
RMF4,2026-10-07,12.3745,12.3746,12.3745,3537978535.24,M0718_2551,บริษัทหลักทรัพย์จัดการกองทุน กรุงไทย จำกัด (มหาชน)
RPF2,2026-10-07,28.2595,28.4009,28.2595,145295624.87,M0003_2533,บริษัทหลักทรัพย์จัดการกองทุน เอ็มเอฟซี จำกัด (มหาชน)
RRF1,2026-10-07,7.5374,7.5752,7.5374,36512498.62,M0019_2535,บริษัทหลักทรัพย์จัดการกองทุน เอ็มเอฟซี จำกัด (มหาชน)
SAN,2026-10-07,20.2074,20.3085,20.2074,85912322.46,M0002_2533,บริษัทหลักทรัพย์จัดการกองทุน เอ็มเอฟซี จำกัด (มหาชน)
SCB2576,2026-10-05,12.3267,12.3927,12.3267,41981343.47,M0611_2556,บริษัทหลักทรัพย์จัดการกองทุน ไทยพาณิชย์ จำกัด
SCB2586,2026-10-05,12.9086,12.9778,12.9086,13156179.08,M0612_2556,บริษัทหลักทรัพย์จัดการกองทุน ไทยพาณิชย์ จำกัด
SCB70-SSFX,2026-10-07,12.0153,0.0,12.0153,1506185193.7,M0151_2563,บริษัทหลักทรัพย์จัดการกองทุน ไทยพาณิชย์ จำกัด
SCBAAA,2026-10-06,8.9611,9.0571,8.9611,237025746.53,M0004_2564,บริษัทหลักทรัพย์จัดการกองทุน ไทยพาณิชย์ จำกัด
SCBABOND(A),2026-10-06,9.5577,9.6534,9.5577,149057698.29,M0285_2564,บริษัทหลักทรัพย์จัดการกองทุน ไทยพาณิชย์ จำกัด
SCBABS,2026-10-07,8.874,9.0212,8.8693,54281958.55,M0110_2559,บริษัทหลักทรัพย์จัดการกองทุน ไทยพาณิชย์ จำกัด
SCBABSAP(A),2026-10-05,10.6796,10.8399,10.6796,581661533.47,M0231_2568,บริษัทหลักทรัพย์จัดการกองทุน ไทยพาณิชย์ จำกัด
SCBABSP,2026-10-07,8.874,8.8788,8.8693,0,M0110_2559,บริษัทหลักทรัพย์จัดการกองทุน ไทยพาณิชย์ จำกัด
SCBAEM,2026-10-06,15.777,15.9459,15.777,1482171730.92,M0026_2551,บริษัทหลักทรัพย์จัดการกองทุน ไทยพาณิชย์ จำกัด
SCBAEMHA,2026-10-06,12.0826,12.212,12.0826,1537469408.4,M0416_2560,บริษัทหลักทรัพย์จัดการกองทุน ไทยพาณิชย์ จำกัด
SCBAEMHP,2026-10-06,12.0826,12.0827,12.0826,0,M0416_2560,บริษัทหลักทรัพย์จัดการกองทุน ไทยพาณิชย์ จำกัด
SCBAEMP,2026-10-06,15.777,15.7771,15.777,0,M0026_2551,บริษัทหลักทรัพย์จัดการกองทุน ไทยพาณิชย์ จำกัด
SCBAOA,2026-10-06,5.4567,5.5444,5.4567,939007150.91,M0015_2564,บริษัทหลักทรัพย์จัดการกองทุน ไทยพาณิชย์ จำกัด
SCBAPLUS,2026-10-06,13.0521,13.2617,13.0521,240036032.74,M0481_2559,บริษัทหลักทรัพย์จัดการกองทุน ไทยพาณิชย์ จำกัด
SCBAPLUSA,2026-10-06,13.0541,13.2637,13.0541,71554525.83,M0481_2559,บริษัทหลักทรัพย์จัดการกองทุน ไทยพาณิชย์ จำกัด
SCBASHARE(SSFE),2026-10-06,7.5528,0.0,0.0,29243158.96,M0420_2564,บริษัทหลักทรัพย์จัดการกองทุน ไทยพาณิชย์ จำกัด
SCBASHARES(A),2026-10-06,7.2314,0.0,0.0,1061619290.0,M0420_2564,บริษัทหลักทรัพย์จัดการกองทุน ไทยพาณิชย์ จำกัด
SCBASHARES(P),2026-10-06,7.2399,0.0,0.0,0,M0420_2564,บริษัทหลักทรัพย์จัดการกองทุน ไทยพาณิชย์ จำกัด
SCBASHARES(SSF),2026-10-06,7.2421,0.0,0.0,113756115.97,M0420_2564,บริษัทหลักทรัพย์จัดการกองทุน ไทยพาณิชย์ จำกัด
SCBAUD,2026-10-07,11.2166,11.2767,11.2166,506087730.05,M0173_2552,บริษัทหลักทรัพย์จัดการกองทุน ไทยพาณิชย์ จำกัด
SCBAUTO(A),2026-10-06,12.6395,12.766,12.6395,140002803.4,M0158_2564,บริษัทหลักทรัพย์จัดการกองทุน ไทยพาณิชย์ จำกัด
SCBAUTO(E),2026-10-06,12.9673,12.9674,12.9534,20645121.4,M0158_2564,บริษัทหลักทรัพย์จัดการกองทุน ไทยพาณิชย์ จำกัด
SCBAUTO(P),2026-10-06,12.2911,12.2912,12.2911,0,M0158_2564,บริษัทหลักทรัพย์จัดการกองทุน ไทยพาณิชย์ จำกัด
SCBAUTO(SSF),2026-10-06,11.6674,0.0,11.6674,90067186.87,M0158_2564,บริษัทหลักทรัพย์จัดการกองทุน ไทยพาณิชย์ จำกัด
SCBAUTO(SSFE),2026-10-06,11.8818,0.0,11.8818,3487512.41,M0158_2564,บริษัทหลักทรัพย์จัดการกองทุน ไทยพาณิชย์ จำกัด
SCBAXJ(A),2026-10-07,15.1211,15.2059,15.112,988274806.43,M0513_2564,บริษัทหลักทรัพย์จัดการกองทุน ไทยพาณิชย์ จำกัด
SCBAXJ(E),2026-10-07,15.7855,15.7951,15.7591,88549197.52,M0513_2564,บริษัทหลักทรัพย์จัดการกองทุน ไทยพาณิชย์ จำกัด
SCBAXJ(P),2026-10-07,15.2164,15.2256,15.2073,91106988.38,M0513_2564,บริษัทหลักทรัพย์จัดการกองทุน ไทยพาณิชย์ จำกัด
SCBAXJ(SSF),2026-10-07,14.0239,0.0,14.0155,48968260.25,M0513_2564,บริษัทหลักทรัพย์จัดการกองทุน ไทยพาณิชย์ จำกัด
SCBBANKING,2026-10-07,11.0612,11.1254,11.0524,1624917457.39,M0591_2552,บริษัทหลักทรัพย์จัดการกองทุน ไทยพาณิชย์ จำกัด
SCBBANKINGA,2026-10-07,20.4522,20.571,20.4358,439020756.53,M0591_2552,บริษัทหลักทรัพย์จัดการกองทุน ไทยพาณิชย์ จำกัด
SCBBANKINGE,2026-10-07,21.3035,21.3206,21.2637,68945623.06,M0591_2552,บริษัทหลักทรัพย์จัดการกองทุน ไทยพาณิชย์ จำกัด
SCBBANKINGP,2026-10-07,12.4291,12.4391,12.4192,0,M0591_2552,บริษัทหลักทรัพย์จัดการกองทุน ไทยพาณิชย์ จำกัด
SCBBLN,2026-10-06,14.0864,14.3168,14.0822,1343174990.03,M0386_2558,บริษัทหลักทรัพย์จัดการกองทุน ไทยพาณิชย์ จำกัด
SCBBLNA,2026-10-06,20.7568,21.0962,20.7506,299611089.52,M0386_2558,บริษัทหลักทรัพย์จัดการกองทุน ไทยพาณิชย์ จำกัด
SCBBLNE,2026-10-06,21.5926,21.5992,21.563,15307090.45,M0386_2558,บริษัทหลักทรัพย์จัดการกองทุน ไทยพาณิชย์ จำกัด
SCBBLNP,2026-10-06,15.0059,15.0105,15.0014,0,M0386_2558,บริษัทหลักทรัพย์จัดการกองทุน ไทยพาณิชย์ จำกัด
SCBBLOC(A),2026-10-06,12.7795,12.9252,12.7706,1092905515.72,M0277_2564,บริษัทหลักทรัพย์จัดการกองทุน ไทยพาณิชย์ จำกัด
SCBBLOC(E),2026-10-06,13.5038,13.5134,13.4799,93162591.8,M0277_2564,บริษัทหลักทรัพย์จัดการกองทุน ไทยพาณิชย์ จำกัด
SCBBLOC(P),2026-10-06,12.8336,12.8427,12.8246,0,M0277_2564,บริษัทหลักทรัพย์จัดการกองทุน ไทยพาณิชย์ จำกัด
SCBCE,2026-10-07,7.5376,7.5784,7.5346,602690494.27,M0620_2552,บริษัทหลักทรัพย์จัดการกองทุน ไทยพาณิชย์ จำกัด
SCBCE(SSF),2026-10-07,7.5572,0.0,7.5542,91387106.08,M0620_2552,บริษัทหลักทรัพย์จัดการกองทุน ไทยพาณิชย์ จำกัด
SCBCE(SSFE),2026-10-07,7.8939,0.0,7.8907,33534546.83,M0620_2552,บริษัทหลักทรัพย์จัดการกองทุน ไทยพาณิชย์ จำกัด
SCBCEE,2026-10-07,8.0721,8.0754,8.0603,93272129.29,M0620_2552,บริษัทหลักทรัพย์จัดการกองทุน ไทยพาณิชย์ จำกัด
SCBCEH,2026-10-07,7.9352,7.9782,7.932,1999654740.91,M0155_2556,บริษัทหลักทรัพย์จัดการกองทุน ไทยพาณิชย์ จำกัด
SCBCEHE,2026-10-07,8.5226,8.5261,8.5101,124445478.84,M0155_2556,บริษัทหลักทรัพย์จัดการกองทุน ไทยพาณิชย์ จำกัด
SCBCEHP,2026-10-07,7.9673,7.9706,7.9641,0,M0155_2556,บริษัทหลักทรัพย์จัดการกองทุน ไทยพาณิชย์ จำกัด
SCBCEP,2026-10-07,7.6111,7.6142,7.6081,0,M0620_2552,บริษัทหลักทรัพย์จัดการกองทุน ไทยพาณิชย์ จำกัด
SCBCHA,2026-10-07,7.4819,0.0,0.0,4233305185.6,M0005_2558,บริษัทหลักทรัพย์จัดการกองทุน ไทยพาณิชย์ จำกัด
SCBCHA(SSFE),2026-10-07,9.2139,0.0,0.0,48659932.73,M0005_2558,บริษัทหลักทรัพย์จัดการกองทุน ไทยพาณิชย์ จำกัด
SCBCHA-SSF,2026-10-07,8.8135,0.0,0.0,352371234.56,M0005_2558,บริษัทหลักทรัพย์จัดการกองทุน ไทยพาณิชย์ จำกัด
SCBCHAA,2026-10-07,8.8151,0.0,0.0,591491800.12,M0005_2558,บริษัทหลักทรัพย์จัดการกองทุน ไทยพาณิชย์ จำกัด
SCBCHAE,2026-10-07,10.0342,0.0,0.0,232975382.68,M0005_2558,บริษัทหลักทรัพย์จัดการกองทุน ไทยพาณิชย์ จำกัด
SCBCHAP,2026-10-07,7.7829,0.0,0.0,0,M0005_2558,บริษัทหลักทรัพย์จัดการกองทุน ไทยพาณิชย์ จำกัด
SCBCHEQA,2026-10-06,6.5322,6.6371,6.5322,1146020929.54,M0124_2561,บริษัทหลักทรัพย์จัดการกองทุน ไทยพาณิชย์ จำกัด
SCBCHEQP,2026-10-06,6.5322,6.5323,6.5322,0,M0124_2561,บริษัทหลักทรัพย์จัดการกองทุน ไทยพาณิชย์ จำกัด
SCBCHINA,2026-10-06,4.9256,0.0,0.0,432919710.01,M0079_2564,บริษัทหลักทรัพย์จัดการกองทุน ไทยพาณิชย์ จำกัด
SCBCHTG2,2026-10-07,6.9913,0.0,0.0,400985451.84,M0116_2564,บริษัทหลักทรัพย์จัดการกองทุน ไทยพาณิชย์ จำกัด
SCBCIO(A),2026-10-05,11.8631,12.0536,11.8631,13049770858.51,M0005_2565,บริษัทหลักทรัพย์จัดการกองทุน ไทยพาณิชย์ จำกัด
SCBCIO(IA),2026-10-05,11.8631,12.0411,11.8631,0,M0005_2565,บริษัทหลักทรัพย์จัดการกองทุน ไทยพาณิชย์ จำกัด
SCBCLASSICA,2026-10-05,11.6924,11.8176,11.6924,55348334.87,M0325_2562,บริษัทหลักทรัพย์จัดการกองทุน ไทยพาณิชย์ จำกัด
SCBCLEAN(E),2026-10-05,5.0509,5.051,5.0455,28612861.42,M0059_2564,บริษัทหลักทรัพย์จัดการกองทุน ไทยพาณิชย์ จำกัด
SCBCLEANA,2026-10-05,4.718,4.7938,4.718,1339882310.15,M0059_2564,บริษัทหลักทรัพย์จัดการกองทุน ไทยพาณิชย์ จำกัด
SCBCLEANP,2026-10-05,4.7245,4.7246,4.7245,0,M0059_2564,บริษัทหลักทรัพย์จัดการกองทุน ไทยพาณิชย์ จำกัด
SCBCLIMATE(A),2026-10-06,12.2502,12.4341,12.2502,48677653.25,M0367_2567,บริษัทหลักทรัพย์จัดการกองทุน ไทยพาณิชย์ จำกัด
SCBCOMP,2026-10-05,8.4048,8.4499,8.4048,3716547859.65,M0882_2554,บริษัทหลักทรัพย์จัดการกองทุน ไทยพาณิชย์ จำกัด
SCBCR1YAD,2026-10-07,10.12,0.0,0.0,5813370545.29,M1173_2568,บริษัทหลักทรัพย์จัดการกองทุน ไทยพาณิชย์ จำกัด
SCBCR1YAE,2026-10-07,10.1348,0.0,0.0,5801990016.68,M0012_2569,บริษัทหลักทรัพย์จัดการกองทุน ไทยพาณิชย์ จำกัด
SCBCR1YAF,2026-10-07,10.1339,0.0,0.0,5337507371.99,M0030_2569,บริษัทหลักทรัพย์จัดการกองทุน ไทยพาณิชย์ จำกัด
SCBCR1YAG,2026-10-07,10.1324,0.0,0.0,1839585192.25,M0047_2569,บริษัทหลักทรัพย์จัดการกองทุน ไทยพาณิชย์ จำกัด
SCBCR1YAH,2026-10-07,10.0141,0.0,0.0,2830663613.62,M0054_2569,บริษัทหลักทรัพย์จัดการกองทุน ไทยพาณิชย์ จำกัด
SCBCR1YAI,2026-10-07,10.1194,0.0,0.0,1289523520.03,M0072_2569,บริษัทหลักทรัพย์จัดการกองทุน ไทยพาณิชย์ จำกัด
SCBCR1YAJ,2026-10-07,10.105,0.0,0.0,4727020836.06,M0119_2569,บริษัทหลักทรัพย์จัดการกองทุน ไทยพาณิชย์ จำกัด
SCBCR1YAK,2026-10-07,10.1094,0.0,0.0,2088659964.03,M0162_2569,บริษัทหลักทรัพย์จัดการกองทุน ไทยพาณิชย์ จำกัด
SCBCTECH(SSFE),2026-10-06,4.5011,0.0,4.4997,17363436.13,M0120_2564,บริษัทหลักทรัพย์จัดการกองทุน ไทยพาณิชย์ จำกัด
SCBCTECH-SSF,2026-10-06,4.2966,0.0,4.2953,207462728.06,M0120_2564,บริษัทหลักทรัพย์จัดการกองทุน ไทยพาณิชย์ จำกัด
SCBCTECHA,2026-10-06,4.295,4.3424,4.2937,3505423762.65,M0120_2564,บริษัทหลักทรัพย์จัดการกองทุน ไทยพาณิชย์ จำกัด
SCBCTECHE,2026-10-06,4.5494,4.5509,4.5431,126425581.52,M0120_2564,บริษัทหลักทรัพย์จัดการกองทุน ไทยพาณิชย์ จำกัด
SCBCTECHP,2026-10-06,4.3039,4.3053,4.3026,0,M0120_2564,บริษัทหลักทรัพย์จัดการกองทุน ไทยพาณิชย์ จำกัด
SCBDA,2026-10-07,10.7162,10.8235,10.7162,97043721.46,M0005_2537,บริษัทหลักทรัพย์จัดการกองทุน ไทยพาณิชย์ จำกัด
SCBDAP,2026-10-07,10.7162,10.7163,10.7162,0,M0005_2537,บริษัทหลักทรัพย์จัดการกองทุน ไทยพาณิชย์ จำกัด
SCBDBOND(A),2026-10-06,10.4755,10.528,10.4755,14219717752.85,M0640_2566,บริษัทหลักทรัพย์จัดการกองทุน ไทยพาณิชย์ จำกัด
SCBDIGI,2026-10-05,28.9003,29.3643,28.9003,1763875739.81,M0245_2559,บริษัทหลักทรัพย์จัดการกองทุน ไทยพาณิชย์ จำกัด
SCBDIGIP,2026-10-05,28.9003,28.9004,28.9003,0,M0245_2559,บริษัทหลักทรัพย์จัดการกองทุน ไทยพาณิชย์ จำกัด
SCBDJI(A),2026-10-06,14.3092,14.4567,14.3049,363879766.12,M0134_2564,บริษัทหลักทรัพย์จัดการกองทุน ไทยพาณิชย์ จำกัด
SCBDJI(E),2026-10-06,14.7809,14.7854,14.7607,31454985.93,M0134_2564,บริษัทหลักทรัพย์จัดการกองทุน ไทยพาณิชย์ จำกัด
SCBDJI(P),2026-10-06,14.1967,14.2011,14.1924,0,M0134_2564,บริษัทหลักทรัพย์จัดการกองทุน ไทยพาณิชย์ จำกัด
SCBDJI(SSF),2026-10-06,13.4805,0.0,13.4765,71183051.06,M0134_2564,บริษัทหลักทรัพย์จัดการกองทุน ไทยพาณิชย์ จำกัด
SCBDJI(SSFE),2026-10-06,13.7691,0.0,13.765,10389837.65,M0134_2564,บริษัทหลักทรัพย์จัดการกองทุน ไทยพาณิชย์ จำกัด
SCBDLITE(A),2026-10-07,9.9378,9.9645,9.9378,457457533.71,M0368_2568,บริษัทหลักทรัพย์จัดการกองทุน ไทยพาณิชย์ จำกัด
SCBDM,2026-10-05,10.1633,0.0,10.1633,28715485.66,M0293_2563,บริษัทหลักทรัพย์จัดการกองทุน ไทยพาณิชย์ จำกัด
SCBDM2,2026-10-05,10.0148,0.0,10.0148,27355647.82,M0343_2563,บริษัทหลักทรัพย์จัดการกองทุน ไทยพาณิชย์ จำกัด
SCBDPLUSA,2026-10-06,9.6053,9.6773,9.6053,297861417.91,M0002_2563,บริษัทหลักทรัพย์จัดการกองทุน ไทยพาณิชย์ จำกัด
SCBDV,2026-10-07,8.4908,8.5363,8.4908,6786813280.93,M0452_2546,บริษัทหลักทรัพย์จัดการกองทุน ไทยพาณิชย์ จำกัด
SCBDV(SSFE),2026-10-07,10.9181,0.0,10.9181,6127129.96,M0452_2546,บริษัทหลักทรัพย์จัดการกองทุน ไทยพาณิชย์ จำกัด
SCBDV-SSF,2026-10-07,11.2445,0.0,11.2445,547172163.77,M0452_2546,บริษัทหลักทรัพย์จัดการกองทุน ไทยพาณิชย์ จำกัด
SCBDVA,2026-10-07,10.9832,11.0421,10.9832,128538372.21,M0452_2546,บริษัทหลักทรัพย์จัดการกองทุน ไทยพาณิชย์ จำกัด
SCBDVP,2026-10-07,8.6821,8.6822,8.6821,0,M0452_2546,บริษัทหลักทรัพย์จัดการกองทุน ไทยพาณิชย์ จำกัด
SCBEMBOND,2026-10-06,7.1482,7.1865,7.1482,125592659.51,M0284_2555,บริษัทหลักทรัพย์จัดการกองทุน ไทยพาณิชย์ จำกัด
SCBEMEQ,2026-10-05,8.6206,0.0,0.0,125769142.85,M0792_2555,บริษัทหลักทรัพย์จัดการกองทุน ไทยพาณิชย์ จำกัด
SCBEMEQA,2026-10-05,10.0017,0.0,0.0,15760895.51,M0792_2555,บริษัทหลักทรัพย์จัดการกองทุน ไทยพาณิชย์ จำกัด
SCBEMEQP,2026-10-05,8.7552,0.0,0.0,0,M0792_2555,บริษัทหลักทรัพย์จัดการกองทุน ไทยพาณิชย์ จำกัด
SCBENERGY,2026-10-07,9.7174,9.7739,9.7096,335407845.96,M0593_2552,บริษัทหลักทรัพย์จัดการกองทุน ไทยพาณิชย์ จำกัด
SCBENERGYA,2026-10-07,11.9781,12.0477,11.9685,26791493.86,M0593_2552,บริษัทหลักทรัพย์จัดการกองทุน ไทยพาณิชย์ จำกัด
SCBENERGYE,2026-10-07,13.0785,13.0891,13.054,13182667.27,M0593_2552,บริษัทหลักทรัพย์จัดการกองทุน ไทยพาณิชย์ จำกัด
SCBENERGYP,2026-10-07,9.941,9.9491,9.933,0,M0593_2552,บริษัทหลักทรัพย์จัดการกองทุน ไทยพาณิชย์ จำกัด
SCBEQ-SSFX,2026-10-07,12.0942,0.0,12.0942,819019070.3,M0181_2563,บริษัทหลักทรัพย์จัดการกองทุน ไทยพาณิชย์ จำกัด
SCBEQUALA,2026-10-07,10.7921,10.8557,10.7863,6243275.37,M0543_2562,บริษัทหลักทรัพย์จัดการกองทุน ไทยพาณิชย์ จำกัด
SCBEQUALE,2026-10-07,11.3568,11.363,11.3385,2050320.06,M0543_2562,บริษัทหลักทรัพย์จัดการกองทุน ไทยพาณิชย์ จำกัด
SCBEQUALP,2026-10-07,10.9264,10.9323,10.9206,0,M0543_2562,บริษัทหลักทรัพย์จัดการกองทุน ไทยพาณิชย์ จำกัด
SCBEUEQ,2026-10-06,14.0373,14.1174,14.0275,567823492.19,M0031_2557,บริษัทหลักทรัพย์จัดการกองทุน ไทยพาณิชย์ จำกัด
SCBEUEQA,2026-10-06,19.9142,20.0278,19.9003,234152784.25,M0031_2557,บริษัทหลักทรัพย์จัดการกองทุน ไทยพาณิชย์ จำกัด
SCBEUEQE,2026-10-06,22.4965,22.5123,22.4567,157111763.94,M0031_2557,บริษัทหลักทรัพย์จัดการกองทุน ไทยพาณิชย์ จำกัด
SCBEUEQP,2026-10-06,16.2028,16.2142,16.1915,0,M0031_2557,บริษัทหลักทรัพย์จัดการกองทุน ไทยพาณิชย์ จำกัด
SCBEUROPE(A),2026-10-06,7.7979,7.915,7.7979,637078392.65,M0274_2564,บริษัทหลักทรัพย์จัดการกองทุน ไทยพาณิชย์ จำกัด
SCBEUROPE(P),2026-10-06,8.2207,8.2208,8.2207,492360.93,M0274_2564,บริษัทหลักทรัพย์จัดการกองทุน ไทยพาณิชย์ จำกัด
SCBEUROPE(SSF),2026-10-06,7.8,0.0,7.8,49665213.46,M0274_2564,บริษัทหลักทรัพย์จัดการกองทุน ไทยพาณิชย์ จำกัด
SCBEUROPE(SSFE),2026-10-06,8.1672,0.0,8.1672,7392484.47,M0274_2564,บริษัทหลักทรัพย์จัดการกองทุน ไทยพาณิชย์ จำกัด
SCBEUSM,2026-10-06,15.5766,15.8267,15.5766,451842931.95,M0141_2559,บริษัทหลักทรัพย์จัดการกองทุน ไทยพาณิชย์ จำกัด
SCBEUSME,2026-10-06,16.8388,16.8389,16.8208,1958045.11,M0141_2559,บริษัทหลักทรัพย์จัดการกองทุน ไทยพาณิชย์ จำกัด
SCBEUSMP,2026-10-06,15.5816,15.5817,15.5816,0,M0141_2559,บริษัทหลักทรัพย์จัดการกองทุน ไทยพาณิชย์ จำกัด
SCBEV(A),2026-10-06,6.0453,6.1391,6.0423,914251951.57,M0017_2565,บริษัทหลักทรัพย์จัดการกองทุน ไทยพาณิชย์ จำกัด
SCBEV(E),2026-10-06,6.35,6.3533,6.34,14761270.37,M0017_2565,บริษัทหลักทรัพย์จัดการกองทุน ไทยพาณิชย์ จำกัด
SCBEV(SSF),2026-10-06,6.0456,0.0,6.0426,66918797.67,M0017_2565,บริษัทหลักทรัพย์จัดการกองทุน ไทยพาณิชย์ จำกัด
SCBEV(SSFE),2026-10-06,6.334,0.0,6.3308,9065169.23,M0017_2565,บริษัทหลักทรัพย์จัดการกองทุน ไทยพาณิชย์ จำกัด
SCBFINA,2026-10-06,9.9843,10.0645,9.9843,1025115861.65,M0061_2561,บริษัทหลักทรัพย์จัดการกองทุน ไทยพาณิชย์ จำกัด
SCBFINR,2026-10-06,9.984,10.0642,9.984,6578187.55,M0061_2561,บริษัทหลักทรัพย์จัดการกองทุน ไทยพาณิชย์ จำกัด
SCBFINTEC(SSFE),2026-10-06,6.9026,0.0,6.9026,3883528.15,M0152_2564,บริษัทหลักทรัพย์จัดการกองทุน ไทยพาณิชย์ จำกัด
SCBFINTECH(A),2026-10-06,6.7204,6.7877,6.7204,80646479.08,M0152_2564,บริษัทหลักทรัพย์จัดการกองทุน ไทยพาณิชย์ จำกัด
SCBFINTECH(E),2026-10-06,6.8936,6.8937,6.8862,10665854.53,M0152_2564,บริษัทหลักทรัพย์จัดการกองทุน ไทยพาณิชย์ จำกัด
SCBFINTECH(SSF),2026-10-06,6.7222,0.0,6.7222,67877314.18,M0152_2564,บริษัทหลักทรัพย์จัดการกองทุน ไทยพาณิชย์ จำกัด
SCBFIXEDA,2026-10-07,11.2914,11.2915,11.2914,17824470691.87,M0154_2561,บริษัทหลักทรัพย์จัดการกองทุน ไทยพาณิชย์ จำกัด
SCBFIXEDR,2026-10-07,11.2916,11.2917,11.2916,2918627.87,M0154_2561,บริษัทหลักทรัพย์จัดการกองทุน ไทยพาณิชย์ จำกัด
SCBFLX,2026-10-07,13.191,13.2617,13.191,356610030.55,M0429_2559,บริษัทหลักทรัพย์จัดการกองทุน ไทยพาณิชย์ จำกัด
SCBFP,2026-10-07,13.8394,13.8395,13.8394,9893165997.27,M0489_2553,บริษัทหลักทรัพย์จัดการกองทุน ไทยพาณิชย์ จำกัด
SCBFP(SSFE),2026-10-07,14.1779,0.0,14.1779,49725721.16,M0489_2553,บริษัทหลักทรัพย์จัดการกองทุน ไทยพาณิชย์ จำกัด
SCBFP-SSF,2026-10-07,13.956,0.0,13.956,823735824.41,M0489_2553,บริษัทหลักทรัพย์จัดการกองทุน ไทยพาณิชย์ จำกัด
SCBFPP,2026-10-07,13.9425,13.9426,13.9425,5610154.87,M0489_2553,บริษัทหลักทรัพย์จัดการกองทุน ไทยพาณิชย์ จำกัด
SCBFPR,2026-10-07,13.8481,13.8482,13.8481,510074.34,M0489_2553,บริษัทหลักทรัพย์จัดการกองทุน ไทยพาณิชย์ จำกัด
SCBFST,2026-10-07,11.6868,11.7494,11.6868,772860964.67,M0676_2558,บริษัทหลักทรัพย์จัดการกองทุน ไทยพาณิชย์ จำกัด
SCBFSTP,2026-10-07,11.6868,11.6869,11.6868,0,M0676_2558,บริษัทหลักทรัพย์จัดการกองทุน ไทยพาณิชย์ จำกัด
SCBGA(A),2026-10-05,12.3505,12.4828,12.3505,1199171904.35,M0328_2564,บริษัทหลักทรัพย์จัดการกองทุน ไทยพาณิชย์ จำกัด
SCBGEARA,2026-10-06,12.9159,13.1233,12.9159,2543056980.22,M0322_2561,บริษัทหลักทรัพย์จัดการกองทุน ไทยพาณิชย์ จำกัด
SCBGEESGA,2026-10-05,13.2501,13.4629,13.2501,145621444.84,M0534_2563,บริษัทหลักทรัพย์จัดการกองทุน ไทยพาณิชย์ จำกัด
SCBGEESGP,2026-10-05,13.2501,13.2502,13.2501,0,M0534_2563,บริษัทหลักทรัพย์จัดการกองทุน ไทยพาณิชย์ จำกัด
SCBGENOME(A),2026-10-06,5.4705,5.5253,5.4705,235117793.06,M0164_2564,บริษัทหลักทรัพย์จัดการกองทุน ไทยพาณิชย์ จำกัด
SCBGENOME(E),2026-10-06,5.6119,5.612,5.6059,41721708.89,M0164_2564,บริษัทหลักทรัพย์จัดการกองทุน ไทยพาณิชย์ จำกัด
SCBGENOME(SSF),2026-10-06,5.4695,0.0,5.4695,44810303.78,M0164_2564,บริษัทหลักทรัพย์จัดการกองทุน ไทยพาณิชย์ จำกัด
SCBGENOME(SSFE),2026-10-06,5.5914,0.0,5.5914,3599317.33,M0164_2564,บริษัทหลักทรัพย์จัดการกองทุน ไทยพาณิชย์ จำกัด
SCBGEQ,2026-10-05,12.4707,12.5375,12.4707,207859303.09,M0909_2555,บริษัทหลักทรัพย์จัดการกองทุน ไทยพาณิชย์ จำกัด
SCBGEQA,2026-10-05,18.6974,18.7975,18.6974,131354877.2,M0909_2555,บริษัทหลักทรัพย์จัดการกองทุน ไทยพาณิชย์ จำกัด
SCBGEQP,2026-10-05,14.317,14.3171,14.317,0,M0909_2555,บริษัทหลักทรัพย์จัดการกองทุน ไทยพาณิชย์ จำกัด
SCBGEX(A),2026-10-05,11.7165,0.0,0.0,900107353.44,M0110_2564,บริษัทหลักทรัพย์จัดการกองทุน ไทยพาณิชย์ จำกัด
SCBGEX(SSF),2026-10-05,11.1856,0.0,0.0,14806711.73,M0110_2564,บริษัทหลักทรัพย์จัดการกองทุน ไทยพาณิชย์ จำกัด
SCBGHC,2026-10-05,10.1871,10.3507,10.1871,1159216078.87,M0449_2558,บริษัทหลักทรัพย์จัดการกองทุน ไทยพาณิชย์ จำกัด
SCBGHCA,2026-10-05,14.9646,15.2049,14.9646,892640041.07,M0449_2558,บริษัทหลักทรัพย์จัดการกองทุน ไทยพาณิชย์ จำกัด
SCBGHCP,2026-10-05,11.8302,11.8303,11.8302,0,M0449_2558,บริษัทหลักทรัพย์จัดการกองทุน ไทยพาณิชย์ จำกัด
SCBGIF,2026-10-06,14.3437,14.574,14.3437,228969572.66,M0366_2558,บริษัทหลักทรัพย์จัดการกองทุน ไทยพาณิชย์ จำกัด
SCBGIFP,2026-10-06,14.3437,14.3438,14.3437,0,M0366_2558,บริษัทหลักทรัพย์จัดการกองทุน ไทยพาณิชย์ จำกัด
SCBGINA,2026-10-06,12.3657,12.5643,12.3657,35787489.43,M0684_2559,บริษัทหลักทรัพย์จัดการกองทุน ไทยพาณิชย์ จำกัด
SCBGINR,2026-10-06,12.4394,12.6392,12.4394,460196803.42,M0684_2559,บริษัทหลักทรัพย์จัดการกองทุน ไทยพาณิชย์ จำกัด
SCBGLOB,2026-10-06,8.6166,8.6628,8.6166,91533828.72,M0866_2554,บริษัทหลักทรัพย์จัดการกองทุน ไทยพาณิชย์ จำกัด
SCBGLOB(P),2026-10-06,8.6166,8.6167,8.6166,0,M0866_2554,บริษัทหลักทรัพย์จัดการกองทุน ไทยพาณิชย์ จำกัด
SCBGLOW,2026-10-05,14.6448,14.7233,14.6448,26349995.93,M0828_2554,บริษัทหลักทรัพย์จัดการกองทุน ไทยพาณิชย์ จำกัด
SCBGLOWP,2026-10-05,15.2573,15.339,15.2573,225394517.7,M0932_2554,บริษัทหลักทรัพย์จัดการกองทุน ไทยพาณิชย์ จำกัด
SCBGMCORE(A),2026-10-05,12.4979,12.6317,12.4979,29301058911.32,M1021_2567,บริษัทหลักทรัพย์จัดการกองทุน ไทยพาณิชย์ จำกัด
SCBGMCORE(D),2026-10-05,12.4982,12.632,12.4982,436836316.97,M1021_2567,บริษัทหลักทรัพย์จัดการกองทุน ไทยพาณิชย์ จำกัด
SCBGMCORE(IA),2026-10-05,12.4981,12.6232,12.4981,769397950.18,M1021_2567,บริษัทหลักทรัพย์จัดการกองทุน ไทยพาณิชย์ จำกัด
SCBGMLA,2026-10-06,19.5836,19.7932,19.5836,33291275.77,M0380_2561,บริษัทหลักทรัพย์จัดการกองทุน ไทยพาณิชย์ จำกัด
SCBGMLE,2026-10-06,20.049,20.0491,20.0275,4099768.23,M0380_2561,บริษัทหลักทรัพย์จัดการกองทุน ไทยพาณิชย์ จำกัด
SCBGMLITE(A),2026-10-05,9.9182,9.9926,9.9182,324308422.51,M0962_2568,บริษัทหลักทรัพย์จัดการกองทุน ไทยพาณิชย์ จำกัด
SCBGMTA,2026-10-05,8.3341,8.468,8.3341,84186972.92,M0033_2560,บริษัทหลักทรัพย์จัดการกองทุน ไทยพาณิชย์ จำกัด
SCBGOFIX(A),2026-10-05,9.7353,9.7841,9.7353,1562403586.32,M0161_2569,บริษัทหลักทรัพย์จัดการกองทุน ไทยพาณิชย์ จำกัด
SCBGOFIX(IA),2026-10-05,9.7353,9.7792,9.7353,0,M0161_2569,บริษัทหลักทรัพย์จัดการกองทุน ไทยพาณิชย์ จำกัด
SCBGOLD,2026-10-07,22.6879,22.823,22.6743,8391868296.04,M0241_2554,บริษัทหลักทรัพย์จัดการกองทุน ไทยพาณิชย์ จำกัด
SCBGOLDD,2026-10-07,22.7161,22.8513,22.7025,201753.7,M0241_2554,บริษัทหลักทรัพย์จัดการกองทุน ไทยพาณิชย์ จำกัด
SCBGOLDE,2026-10-07,23.3144,23.3285,23.2755,407580833.99,M0241_2554,บริษัทหลักทรัพย์จัดการกองทุน ไทยพาณิชย์ จำกัด
SCBGOLDH,2026-10-07,18.069,18.1766,18.0582,14052832480.69,M0856_2553,บริษัทหลักทรัพย์จัดการกองทุน ไทยพาณิชย์ จำกัด
SCBGOLDH(SSFE),2026-10-07,15.7467,0.0,15.7373,79179770.75,M0856_2553,บริษัทหลักทรัพย์จัดการกองทุน ไทยพาณิชย์ จำกัด
SCBGOLDH-SSF,2026-10-07,15.4378,0.0,15.4285,1088585128.9,M0856_2553,บริษัทหลักทรัพย์จัดการกองทุน ไทยพาณิชย์ จำกัด
SCBGOLDHD,2026-10-07,17.8505,17.9568,17.8398,116543.94,M0856_2553,บริษัทหลักทรัพย์จัดการกองทุน ไทยพาณิชย์ จำกัด
SCBGOLDHE,2026-10-07,18.6353,18.6466,18.6042,272622314.12,M0856_2553,บริษัทหลักทรัพย์จัดการกองทุน ไทยพาณิชย์ จำกัด
SCBGOLDHP,2026-10-07,17.8537,17.8645,17.843,13766507.36,M0856_2553,บริษัทหลักทรัพย์จัดการกองทุน ไทยพาณิชย์ จำกัด
SCBGOLDHRMF,2026-10-07,17.7951,17.7952,17.7951,5812504595.31,M0778_2554,บริษัทหลักทรัพย์จัดการกองทุน ไทยพาณิชย์ จำกัด
SCBGOLDP,2026-10-07,22.7161,22.7298,22.7025,0,M0241_2554,บริษัทหลักทรัพย์จัดการกองทุน ไทยพาณิชย์ จำกัด
SCBGPA(A),2026-10-06,12.5962,0.0,0.0,1050164632.2,M0411_2564,บริษัทหลักทรัพย์จัดการกองทุน ไทยพาณิชย์ จำกัด
SCBGPLUS,2026-10-06,14.2042,14.4323,14.2042,384681335.92,M0768_2558,บริษัทหลักทรัพย์จัดการกองทุน ไทยพาณิชย์ จำกัด
SCBGPROP,2026-10-06,6.636,6.7426,6.636,145583084.21,M0406_2559,บริษัทหลักทรัพย์จัดการกองทุน ไทยพาณิชย์ จำกัด
SCBGPROPA,2026-10-06,8.5068,8.6434,8.5068,81899883.13,M0406_2559,บริษัทหลักทรัพย์จัดการกองทุน ไทยพาณิชย์ จำกัด
SCBGPROPP,2026-10-06,7.2066,7.2067,7.2066,0,M0406_2559,บริษัทหลักทรัพย์จัดการกองทุน ไทยพาณิชย์ จำกัด
SCBGQUAL(A),2026-10-06,16.5897,16.6843,16.5781,365110639.98,M0182_2565,บริษัทหลักทรัพย์จัดการกองทุน ไทยพาณิชย์ จำกัด
SCBGQUAL(E),2026-10-06,17.3473,17.3595,17.3166,52364847.51,M0182_2565,บริษัทหลักทรัพย์จัดการกองทุน ไทยพาณิชย์ จำกัด
SCBGQUAL(P),2026-10-06,16.9549,16.9669,16.943,29684339.59,M0182_2565,บริษัทหลักทรัพย์จัดการกองทุน ไทยพาณิชย์ จำกัด
SCBGSIF,2026-10-05,11.5991,11.6613,11.5991,612889722.93,M0874_2554,บริษัทหลักทรัพย์จัดการกองทุน ไทยพาณิชย์ จำกัด
SCBGSIF(SSFE),2026-10-05,11.9166,0.0,11.9166,12991383.43,M0874_2554,บริษัทหลักทรัพย์จัดการกองทุน ไทยพาณิชย์ จำกัด
SCBGSIF-SSF,2026-10-05,11.6002,0.0,11.6002,90654159.7,M0874_2554,บริษัทหลักทรัพย์จัดการกองทุน ไทยพาณิชย์ จำกัด
SCBGSIFR,2026-10-05,11.601,11.6632,11.601,7662270.84,M0874_2554,บริษัทหลักทรัพย์จัดการกองทุน ไทยพาณิชย์ จำกัด
SCBGVALUE(A),2026-10-06,19.5597,19.6713,19.546,557069165.01,M0185_2565,บริษัทหลักทรัพย์จัดการกองทุน ไทยพาณิชย์ จำกัด
SCBGVALUE(E),2026-10-06,20.5863,20.6008,20.5499,178003643.24,M0185_2565,บริษัทหลักทรัพย์จัดการกองทุน ไทยพาณิชย์ จำกัด
SCBGVALUE(P),2026-10-06,19.7988,19.8128,19.7849,0,M0185_2565,บริษัทหลักทรัพย์จัดการกองทุน ไทยพาณิชย์ จำกัด
SCBIHEALT(SSFE),2026-10-05,4.6314,0.0,4.6314,9442043.55,M0211_2564,บริษัทหลักทรัพย์จัดการกองทุน ไทยพาณิชย์ จำกัด
SCBIHEALTH(A),2026-10-05,4.3196,4.3845,4.3196,370475823.89,M0211_2564,บริษัทหลักทรัพย์จัดการกองทุน ไทยพาณิชย์ จำกัด
SCBIHEALTH(E),2026-10-05,4.6859,4.686,4.6809,28282799.48,M0211_2564,บริษัทหลักทรัพย์จัดการกองทุน ไทยพาณิชย์ จำกัด
SCBIHEALTH(P),2026-10-05,4.345,4.3451,4.345,0,M0211_2564,บริษัทหลักทรัพย์จัดการกองทุน ไทยพาณิชย์ จำกัด
SCBIHEALTH(SSF),2026-10-05,4.3203,0.0,4.3203,81884640.26,M0211_2564,บริษัทหลักทรัพย์จัดการกองทุน ไทยพาณิชย์ จำกัด
SCBINCA,2026-10-06,10.6755,10.7898,10.6755,4449355476.24,M0662_2560,บริษัทหลักทรัพย์จัดการกองทุน ไทยพาณิชย์ จำกัด
SCBINCP,2026-10-06,10.7847,10.7848,10.7847,538941267.57,M0662_2560,บริษัทหลักทรัพย์จัดการกองทุน ไทยพาณิชย์ จำกัด
SCBINCR,2026-10-06,10.6745,10.7888,10.6745,63071035.71,M0662_2560,บริษัทหลักทรัพย์จัดการกองทุน ไทยพาณิชย์ จำกัด
SCBINDEQ(A),2026-10-06,7.2423,7.351,7.2423,280917723.23,M0396_2564,บริษัทหลักทรัพย์จัดการกองทุน ไทยพาณิชย์ จำกัด
SCBINDEQ(P),2026-10-06,7.6183,7.6184,7.6183,692228.93,M0396_2564,บริษัทหลักทรัพย์จัดการกองทุน ไทยพาณิชย์ จำกัด
SCBINDIA,2026-10-06,9.3989,9.4488,9.3961,453102851.93,M0065_2558,บริษัทหลักทรัพย์จัดการกองทุน ไทยพาณิชย์ จำกัด
SCBINDIAA,2026-10-06,11.9147,11.978,11.9111,369027812.12,M0065_2558,บริษัทหลักทรัพย์จัดการกองทุน ไทยพาณิชย์ จำกัด
SCBINDIAE,2026-10-06,13.1131,13.1171,13.0952,130553555.79,M0065_2558,บริษัทหลักทรัพย์จัดการกองทุน ไทยพาณิชย์ จำกัด
SCBINDIAP,2026-10-06,10.6879,10.6912,10.6847,0,M0065_2558,บริษัทหลักทรัพย์จัดการกองทุน ไทยพาณิชย์ จำกัด
SCBINDO(A),2026-10-06,5.0891,5.1179,5.0876,163631833.68,M0450_2565,บริษัทหลักทรัพย์จัดการกองทุน ไทยพาณิชย์ จำกัด
SCBINNO(A),2026-10-06,7.0399,7.1104,7.0399,586761660.29,M0162_2564,บริษัทหลักทรัพย์จัดการกองทุน ไทยพาณิชย์ จำกัด
SCBINNO(E),2026-10-06,7.2214,7.2215,7.2137,34647903.49,M0162_2564,บริษัทหลักทรัพย์จัดการกองทุน ไทยพาณิชย์ จำกัด
SCBINNO(SSF),2026-10-06,7.0403,0.0,7.0403,115554346.94,M0162_2564,บริษัทหลักทรัพย์จัดการกองทุน ไทยพาณิชย์ จำกัด
SCBINNO(SSFE),2026-10-06,7.2015,0.0,7.2015,8527212.87,M0162_2564,บริษัทหลักทรัพย์จัดการกองทุน ไทยพาณิชย์ จำกัด
SCBJAPAN(A),2026-10-06,18.3632,18.6387,18.3632,758798178.18,M0386_2564,บริษัทหลักทรัพย์จัดการกองทุน ไทยพาณิชย์ จำกัด
SCBJAPAN(P),2026-10-06,19.3549,19.355,19.3549,1714748.23,M0386_2564,บริษัทหลักทรัพย์จัดการกองทุน ไทยพาณิชย์ จำกัด
SCBJAPAN(SSF),2026-10-06,17.3187,0.0,17.3187,180788049.21,M0386_2564,บริษัทหลักทรัพย์จัดการกองทุน ไทยพาณิชย์ จำกัด
SCBJAPAN(SSFE),2026-10-06,18.0694,0.0,18.0694,17854950.54,M0386_2564,บริษัทหลักทรัพย์จัดการกองทุน ไทยพาณิชย์ จำกัด
SCBJPSMA,2026-10-06,13.9915,14.2162,13.9915,99262661.82,M0142_2561,บริษัทหลักทรัพย์จัดการกองทุน ไทยพาณิชย์ จำกัด
SCBJPSMP,2026-10-06,13.9915,13.9916,13.9915,0,M0142_2561,บริษัทหลักทรัพย์จัดการกองทุน ไทยพาณิชย์ จำกัด
SCBKEQTG,2026-10-06,25.0551,25.188,25.0476,10843963168.44,M0559_2557,บริษัทหลักทรัพย์จัดการกองทุน ไทยพาณิชย์ จำกัด
SCBKEQTGE,2026-10-06,26.6947,26.7028,26.6581,410681958.27,M0559_2557,บริษัทหลักทรัพย์จัดการกองทุน ไทยพาณิชย์ จำกัด
SCBKEQTGP,2026-10-06,25.2012,25.2089,25.1936,41363584.93,M0559_2557,บริษัทหลักทรัพย์จัดการกองทุน ไทยพาณิชย์ จำกัด
SCBLARGEA,2026-10-07,13.0972,13.1744,13.0902,752375915.47,M0529_2562,บริษัทหลักทรัพย์จัดการกองทุน ไทยพาณิชย์ จำกัด
SCBLARGEE,2026-10-07,13.781,13.7885,13.7589,5415044.25,M0529_2562,บริษัทหลักทรัพย์จัดการกองทุน ไทยพาณิชย์ จำกัด
SCBLARGEP,2026-10-07,13.1018,13.1089,13.0948,0,M0529_2562,บริษัทหลักทรัพย์จัดการกองทุน ไทยพาณิชย์ จำกัด
SCBLEQ,2026-10-06,12.6571,12.8603,12.6571,885205618.58,M0749_2558,บริษัทหลักทรัพย์จัดการกองทุน ไทยพาณิชย์ จำกัด
SCBLEQ(SSFE),2026-10-06,17.5812,0.0,17.5812,12013214.88,M0749_2558,บริษัทหลักทรัพย์จัดการกองทุน ไทยพาณิชย์ จำกัด
SCBLEQ-SSF,2026-10-06,16.6666,0.0,16.6666,804244345.68,M0749_2558,บริษัทหลักทรัพย์จัดการกองทุน ไทยพาณิชย์ จำกัด
SCBLEQA,2026-10-06,18.5184,18.8157,18.5184,2333111195.91,M0749_2558,บริษัทหลักทรัพย์จัดการกองทุน ไทยพาณิชย์ จำกัด
SCBLEQP,2026-10-06,16.4768,16.4769,16.4768,0,M0749_2558,บริษัทหลักทรัพย์จัดการกองทุน ไทยพาณิชย์ จำกัด
SCBLOWBETA(A),2026-10-07,12.4419,12.5419,12.4352,41028837.86,M0057_2567,บริษัทหลักทรัพย์จัดการกองทุน ไทยพาณิชย์ จำกัด
SCBLOWBETA(P),2026-10-07,12.4253,12.432,12.4187,0,M0057_2567,บริษัทหลักทรัพย์จัดการกองทุน ไทยพาณิชย์ จำกัด
SCBLOWBETA(SSF),2026-10-07,12.2556,0.0,12.249,3933105.5,M0057_2567,บริษัทหลักทรัพย์จัดการกองทุน ไทยพาณิชย์ จำกัด
SCBLT1,2026-10-07,14.8492,0.0,14.8492,7368529388.51,M0623_2547,บริษัทหลักทรัพย์จัดการกองทุน ไทยพาณิชย์ จำกัด
SCBLT1(SSFA),2026-10-07,17.7717,0.0,17.7717,45895260.86,M0623_2547,บริษัทหลักทรัพย์จัดการกองทุน ไทยพาณิชย์ จำกัด
SCBLT1(SSFE),2026-10-07,17.2835,0.0,17.2835,3288213.85,M0623_2547,บริษัทหลักทรัพย์จัดการกองทุน ไทยพาณิชย์ จำกัด
SCBLT1-2020,2026-10-07,14.5479,14.7037,14.5479,16406443.45,M0623_2547,บริษัทหลักทรัพย์จัดการกองทุน ไทยพาณิชย์ จำกัด
SCBLT1-SSF,2026-10-07,16.311,0.0,16.311,2132659767.79,M0623_2547,บริษัทหลักทรัพย์จัดการกองทุน ไทยพาณิชย์ จำกัด
SCBLT2,2026-10-07,28.7478,0.0,28.7478,2284001769.62,M0626_2547,บริษัทหลักทรัพย์จัดการกองทุน ไทยพาณิชย์ จำกัด
SCBLT2(SSFE),2026-10-07,27.4021,0.0,27.4021,2144299.56,M0626_2547,บริษัทหลักทรัพย์จัดการกองทุน ไทยพาณิชย์ จำกัด
SCBLT2-2020,2026-10-07,29.6584,29.9758,29.6584,2350923.3,M0626_2547,บริษัทหลักทรัพย์จัดการกองทุน ไทยพาณิชย์ จำกัด
SCBLT2-SSF,2026-10-07,23.9192,0.0,23.9192,442202144.52,M0626_2547,บริษัทหลักทรัพย์จัดการกองทุน ไทยพาณิชย์ จำกัด
SCBLT3,2026-10-07,29.209,0.0,29.209,705204182.98,M0464_2548,บริษัทหลักทรัพย์จัดการกองทุน ไทยพาณิชย์ จำกัด
SCBLT3(SSFE),2026-10-07,27.7785,0.0,27.7785,518632.19,M0464_2548,บริษัทหลักทรัพย์จัดการกองทุน ไทยพาณิชย์ จำกัด
SCBLT3-2020,2026-10-07,30.1206,30.443,30.1206,4234148.68,M0464_2548,บริษัทหลักทรัพย์จัดการกองทุน ไทยพาณิชย์ จำกัด
SCBLT3-SSF,2026-10-07,24.5515,0.0,24.5515,94717807.09,M0464_2548,บริษัทหลักทรัพย์จัดการกองทุน ไทยพาณิชย์ จำกัด
SCBLT4,2026-10-07,10.8773,0.0,10.8773,304557548.8,M0260_2550,บริษัทหลักทรัพย์จัดการกองทุน ไทยพาณิชย์ จำกัด
SCBLT4(SSFE),2026-10-07,12.6519,0.0,12.6519,799759.25,M0260_2550,บริษัทหลักทรัพย์จัดการกองทุน ไทยพาณิชย์ จำกัด
SCBLT4-2020,2026-10-07,10.4289,10.5406,10.4289,543064.09,M0260_2550,บริษัทหลักทรัพย์จัดการกองทุน ไทยพาณิชย์ จำกัด
SCBLT4-SSF,2026-10-07,11.9128,0.0,11.9128,107327450.06,M0260_2550,บริษัทหลักทรัพย์จัดการกองทุน ไทยพาณิชย์ จำกัด
SCBLTS,2026-10-07,13.8194,0.0,13.8194,292722514.78,M0191_2550,บริษัทหลักทรัพย์จัดการกองทุน ไทยพาณิชย์ จำกัด
SCBLTSEA,2026-10-07,9.9782,0.0,9.9782,66000478.5,M0090_2561,บริษัทหลักทรัพย์จัดการกองทุน ไทยพาณิชย์ จำกัด
SCBLTSEA-2020,2026-10-07,10.0839,10.1919,10.0839,337678.83,M0090_2561,บริษัทหลักทรัพย์จัดการกองทุน ไทยพาณิชย์ จำกัด
SCBLTSED,2026-10-07,9.78,0.0,9.78,78284011.65,M0090_2561,บริษัทหลักทรัพย์จัดการกองทุน ไทยพาณิชย์ จำกัด
SCBLTSED-2020,2026-10-07,9.8842,9.9901,9.8842,501096.81,M0090_2561,บริษัทหลักทรัพย์จัดการกองทุน ไทยพาณิชย์ จำกัด
SCBLTSET(SSFE),2026-10-07,10.6008,0.0,10.6008,4928808.82,M0348_2561,บริษัทหลักทรัพย์จัดการกองทุน ไทยพาณิชย์ จำกัด
SCBLTSET-SSF,2026-10-07,10.3725,0.0,10.3725,451792524.71,M0348_2561,บริษัทหลักทรัพย์จัดการกองทุน ไทยพาณิชย์ จำกัด
SCBLTSETA,2026-10-07,10.4677,0.0,10.4677,76965780.68,M0348_2561,บริษัทหลักทรัพย์จัดการกองทุน ไทยพาณิชย์ จำกัด
SCBLTSETA-2020,2026-10-07,10.451,10.4511,10.451,1696476.51,M0348_2561,บริษัทหลักทรัพย์จัดการกองทุน ไทยพาณิชย์ จำกัด
SCBLTSETD,2026-10-07,10.0763,0.0,10.0763,49553276.59,M0348_2561,บริษัทหลักทรัพย์จัดการกองทุน ไทยพาณิชย์ จำกัด
SCBLTSETD-2020,2026-10-07,10.0274,10.0275,10.0274,3167712.76,M0348_2561,บริษัทหลักทรัพย์จัดการกองทุน ไทยพาณิชย์ จำกัด
SCBLTT,2026-10-07,13.2754,0.0,13.2754,1053550381.43,M0263_2550,บริษัทหลักทรัพย์จัดการกองทุน ไทยพาณิชย์ จำกัด
SCBLTT(SSFE),2026-10-07,15.258,0.0,15.258,1525278.98,M0263_2550,บริษัทหลักทรัพย์จัดการกองทุน ไทยพาณิชย์ จำกัด
SCBLTT-2020,2026-10-07,12.6195,12.7546,12.6195,2495172.26,M0263_2550,บริษัทหลักทรัพย์จัดการกองทุน ไทยพาณิชย์ จำกัด
SCBLTT-SSF,2026-10-07,13.9851,0.0,13.9851,140277732.93,M0263_2550,บริษัทหลักทรัพย์จัดการกองทุน ไทยพาณิชย์ จำกัด
SCBMEGA(A),2026-10-05,10.7266,10.8989,10.7266,232481454.37,M0466_2564,บริษัทหลักทรัพย์จัดการกองทุน ไทยพาณิชย์ จำกัด
SCBMILDA,2026-10-05,10.7902,10.8769,10.7902,9004790.14,M0324_2562,บริษัทหลักทรัพย์จัดการกองทุน ไทยพาณิชย์ จำกัด
SCBMLCA(E),2026-10-06,8.2233,0.0,0.0,4574138.82,M0329_2563,บริษัทหลักทรัพย์จัดการกองทุน ไทยพาณิชย์ จำกัด
SCBMLCA(SSF),2026-10-06,8.3183,0.0,0.0,16209899.22,M0329_2563,บริษัทหลักทรัพย์จัดการกองทุน ไทยพาณิชย์ จำกัด
SCBMLCA(SSFE),2026-10-06,8.5864,0.0,0.0,3065861.34,M0329_2563,บริษัทหลักทรัพย์จัดการกองทุน ไทยพาณิชย์ จำกัด
SCBMLCAA,2026-10-06,8.3157,0.0,0.0,288587530.59,M0329_2563,บริษัทหลักทรัพย์จัดการกองทุน ไทยพาณิชย์ จำกัด
SCBMLT(E),2026-10-07,11.4046,11.4047,11.3924,789884.28,M0550_2560,บริษัทหลักทรัพย์จัดการกองทุน ไทยพาณิชย์ จำกัด
SCBMLT(SSF),2026-10-07,11.4011,0.0,11.4011,3913804.09,M0550_2560,บริษัทหลักทรัพย์จัดการกองทุน ไทยพาณิชย์ จำกัด
SCBMLT(SSFE),2026-10-07,11.7763,0.0,11.7763,129518.54,M0550_2560,บริษัทหลักทรัพย์จัดการกองทุน ไทยพาณิชย์ จำกัด
SCBMLTA,2026-10-07,11.3853,11.5072,11.3853,224889501.38,M0550_2560,บริษัทหลักทรัพย์จัดการกองทุน ไทยพาณิชย์ จำกัด
SCBMLTP,2026-10-07,12.6225,12.6226,12.6225,581954.73,M0550_2560,บริษัทหลักทรัพย์จัดการกองทุน ไทยพาณิชย์ จำกัด
SCBMOMENTA,2026-10-07,9.5013,9.5573,9.4962,4381589.67,M0536_2562,บริษัทหลักทรัพย์จัดการกองทุน ไทยพาณิชย์ จำกัด
SCBMOMENTE,2026-10-07,9.9977,10.0031,9.9817,817108.03,M0536_2562,บริษัทหลักทรัพย์จัดการกองทุน ไทยพาณิชย์ จำกัด
SCBMOMENTP,2026-10-07,9.576,9.5812,9.5709,0,M0536_2562,บริษัทหลักทรัพย์จัดการกองทุน ไทยพาณิชย์ จำกัด
SCBMONEY(A),2026-10-07,10.401,10.4011,10.401,11940326341.06,M0910_2566,บริษัทหลักทรัพย์จัดการกองทุน ไทยพาณิชย์ จำกัด
SCBMONEY(R),2026-10-07,10.4002,10.4003,10.4002,117206329.86,M0910_2566,บริษัทหลักทรัพย์จัดการกองทุน ไทยพาณิชย์ จำกัด
SCBMPLUSA,2026-10-06,10.1374,10.2026,0.0,1172368558.94,M0300_2559,บริษัทหลักทรัพย์จัดการกองทุน ไทยพาณิชย์ จำกัด
SCBMSE,2026-10-07,14.1154,14.2665,14.1154,174533627.13,M1080_2557,บริษัทหลักทรัพย์จัดการกองทุน ไทยพาณิชย์ จำกัด
SCBMSEP,2026-10-07,14.1154,14.1155,14.1154,0,M1080_2557,บริษัทหลักทรัพย์จัดการกองทุน ไทยพาณิชย์ จำกัด
SCBNDQ(A),2026-10-06,17.7574,17.7628,17.7521,6582271290.24,M0311_2564,บริษัทหลักทรัพย์จัดการกองทุน ไทยพาณิชย์ จำกัด
SCBNDQ(E),2026-10-06,18.0194,18.0249,17.9947,1238270229.98,M0311_2564,บริษัทหลักทรัพย์จัดการกองทุน ไทยพาณิชย์ จำกัด
SCBNDQ(P),2026-10-06,17.6082,17.6136,17.6029,760298090.59,M0311_2564,บริษัทหลักทรัพย์จัดการกองทุน ไทยพาณิชย์ จำกัด
SCBNDQ(SSF),2026-10-06,15.9419,0.0,15.9371,749677281.58,M0311_2564,บริษัทหลักทรัพย์จัดการกองทุน ไทยพาณิชย์ จำกัด
SCBNDQ(SSFE),2026-10-06,16.2559,0.0,16.251,212016282.09,M0311_2564,บริษัทหลักทรัพย์จัดการกองทุน ไทยพาณิชย์ จำกัด
SCBNDQPIN(A),2026-10-06,10.4176,10.5292,10.4103,419643994.1,M0458_2569,บริษัทหลักทรัพย์จัดการกองทุน ไทยพาณิชย์ จำกัด
SCBNDQPIN(D),2026-10-06,10.4176,10.5292,10.4103,68484731.93,M0458_2569,บริษัทหลักทรัพย์จัดการกองทุน ไทยพาณิชย์ จำกัด
SCBNDQPIN(R),2026-10-06,10.4176,10.5292,10.4103,55690186.8,M0458_2569,บริษัทหลักทรัพย์จัดการกองทุน ไทยพาณิชย์ จำกัด
SCBNDQPINUH,2026-10-06,10.4266,10.5383,10.4193,723572094.91,M0698_2569,บริษัทหลักทรัพย์จัดการกองทุน ไทยพาณิชย์ จำกัด
SCBNEXT(A),2026-10-06,9.0956,9.1867,9.0956,111004369.45,M0163_2564,บริษัทหลักทรัพย์จัดการกองทุน ไทยพาณิชย์ จำกัด
SCBNEXT(E),2026-10-06,9.3304,9.3305,9.3204,19917750.18,M0163_2564,บริษัทหลักทรัพย์จัดการกองทุน ไทยพาณิชย์ จำกัด
SCBNEXT(SSF),2026-10-06,9.0974,0.0,9.0974,137699212.04,M0163_2564,บริษัทหลักทรัพย์จัดการกองทุน ไทยพาณิชย์ จำกัด
SCBNEXT(SSFE),2026-10-06,9.3077,0.0,9.3077,9593429.86,M0163_2564,บริษัทหลักทรัพย์จัดการกองทุน ไทยพาณิชย์ จำกัด
SCBNK225,2026-10-07,54.8754,55.1828,54.8425,3057664145.59,M0429_2556,บริษัทหลักทรัพย์จัดการกองทุน ไทยพาณิชย์ จำกัด
SCBNK225D,2026-10-07,26.4418,26.59,26.4259,1361140542.32,M0429_2556,บริษัทหลักทรัพย์จัดการกองทุน ไทยพาณิชย์ จำกัด
SCBNK225E,2026-10-07,56.0286,56.0623,55.935,277222208.19,M0429_2556,บริษัทหลักทรัพย์จัดการกองทุน ไทยพาณิชย์ จำกัด
SCBNK225P,2026-10-07,42.7744,42.8002,42.7487,132495734.98,M0429_2556,บริษัทหลักทรัพย์จัดการกองทุน ไทยพาณิชย์ จำกัด
SCBOIL,2026-10-06,8.9619,9.0126,8.9592,630027967.85,M0522_2555,บริษัทหลักทรัพย์จัดการกองทุน ไทยพาณิชย์ จำกัด
SCBOPPA,2026-10-05,10.3925,10.5038,10.3925,612777788.69,M0094_2561,บริษัทหลักทรัพย์จัดการกองทุน ไทยพาณิชย์ จำกัด
SCBOPPR,2026-10-05,10.3924,10.5037,10.3924,3565512.27,M0094_2561,บริษัทหลักทรัพย์จัดการกองทุน ไทยพาณิชย์ จำกัด
SCBPGF,2026-10-05,25.4819,25.7547,25.4819,398739064.82,M0207_2549,บริษัทหลักทรัพย์จัดการกองทุน ไทยพาณิชย์ จำกัด
SCBPGF(E),2026-10-05,26.626,26.6261,26.626,20413992.66,M0207_2549,บริษัทหลักทรัพย์จัดการกองทุน ไทยพาณิชย์ จำกัด
SCBPGF(SSF),2026-10-05,24.041,0.0,24.041,45809494.51,M0207_2549,บริษัทหลักทรัพย์จัดการกองทุน ไทยพาณิชย์ จำกัด
SCBPGF(SSFE),2026-10-05,25.1038,0.0,25.1038,10675482.75,M0207_2549,บริษัทหลักทรัพย์จัดการกองทุน ไทยพาณิชย์ จำกัด
SCBPGFP,2026-10-05,25.3737,25.3738,25.3737,0,M0207_2549,บริษัทหลักทรัพย์จัดการกองทุน ไทยพาณิชย์ จำกัด
SCBPIN(E),2026-10-07,11.2162,11.2163,11.2042,11599161.05,M0279_2561,บริษัทหลักทรัพย์จัดการกองทุน ไทยพาณิชย์ จำกัด
SCBPIN(SSFE),2026-10-07,10.539,0.0,10.539,3606610.96,M0279_2561,บริษัทหลักทรัพย์จัดการกองทุน ไทยพาณิชย์ จำกัด
SCBPIN-SSF,2026-10-07,10.0303,0.0,10.0303,93678350.36,M0279_2561,บริษัทหลักทรัพย์จัดการกองทุน ไทยพาณิชย์ จำกัด
SCBPINA,2026-10-07,10.9335,11.0506,10.9335,3187276593.6,M0279_2561,บริษัทหลักทรัพย์จัดการกองทุน ไทยพาณิชย์ จำกัด
SCBPIND,2026-10-07,8.5472,8.6388,8.5472,1351568708.93,M0279_2561,บริษัทหลักทรัพย์จัดการกองทุน ไทยพาณิชย์ จำกัด
SCBPINP,2026-10-07,11.4637,11.4638,11.4637,588621171.65,M0279_2561,บริษัทหลักทรัพย์จัดการกองทุน ไทยพาณิชย์ จำกัด
SCBPLUS,2026-10-06,10.6709,10.7395,0.0,3196109895.58,M0772_2558,บริษัทหลักทรัพย์จัดการกองทุน ไทยพาณิชย์ จำกัด
SCBPLUSA,2026-10-06,10.6669,10.7355,0.0,58903900.16,M0772_2558,บริษัทหลักทรัพย์จัดการกองทุน ไทยพาณิชย์ จำกัด
SCBPMO,2026-10-07,10.2369,10.3465,10.2369,38671613.45,M0007_2538,บริษัทหลักทรัพย์จัดการกองทุน ไทยพาณิชย์ จำกัด
SCBPMOA,2026-10-07,11.5188,11.6422,11.5188,342587.38,M0007_2538,บริษัทหลักทรัพย์จัดการกองทุน ไทยพาณิชย์ จำกัด
SCBPMOP,2026-10-07,10.2469,10.247,10.2469,0,M0007_2538,บริษัทหลักทรัพย์จัดการกองทุน ไทยพาณิชย์ จำกัด
SCBPOPA,2026-10-05,15.0335,15.2749,15.0335,517541976.59,M0526_2560,บริษัทหลักทรัพย์จัดการกองทุน ไทยพาณิชย์ จำกัด
SCBPOPP,2026-10-05,15.0335,15.0336,15.0335,0,M0526_2560,บริษัทหลักทรัพย์จัดการกองทุน ไทยพาณิชย์ จำกัด
SCBQUALITYA,2026-10-07,11.3655,11.4325,11.3594,7586528.93,M0537_2562,บริษัทหลักทรัพย์จัดการกองทุน ไทยพาณิชย์ จำกัด
SCBQUALITYE,2026-10-07,11.9601,11.9666,11.9409,3517509.23,M0537_2562,บริษัทหลักทรัพย์จัดการกองทุน ไทยพาณิชย์ จำกัด
SCBQUALITYP,2026-10-07,11.5473,11.5536,11.5411,0,M0537_2562,บริษัทหลักทรัพย์จัดการกองทุน ไทยพาณิชย์ จำกัด
SCBRAAA,2026-10-07,10.8999,11.0166,10.8999,53374622.62,M0341_2562,บริษัทหลักทรัพย์จัดการกองทุน ไทยพาณิชย์ จำกัด
SCBRARE(A),2026-10-06,6.4126,6.4832,6.4107,1288636091.98,M0363_2569,บริษัทหลักทรัพย์จัดการกองทุน ไทยพาณิชย์ จำกัด
SCBRF,2026-10-07,23.2846,23.2847,0.0,1755035701.57,M0006_2539,บริษัทหลักทรัพย์จัดการกองทุน ไทยพาณิชย์ จำกัด
SCBRF(R),2026-10-07,23.2848,23.2849,0.0,1594323.33,M0006_2539,บริษัทหลักทรัพย์จัดการกองทุน ไทยพาณิชย์ จำกัด
SCBRM1,2026-10-07,15.3967,15.3968,15.3967,18918751963.85,M0079_2544,บริษัทหลักทรัพย์จัดการกองทุน ไทยพาณิชย์ จำกัด
SCBRM2,2026-10-07,15.8849,15.885,15.8849,10811246053.87,M0074_2544,บริษัทหลักทรัพย์จัดการกองทุน ไทยพาณิชย์ จำกัด
SCBRM3,2026-10-07,28.5986,28.5987,28.5986,4250403558.22,M0080_2544,บริษัทหลักทรัพย์จัดการกองทุน ไทยพาณิชย์ จำกัด
SCBRM4,2026-10-07,58.2438,58.2439,58.2438,7380140235.8,M0081_2544,บริษัทหลักทรัพย์จัดการกองทุน ไทยพาณิชย์ จำกัด
SCBRMASHARES(A),2026-10-06,8.1023,0.0,0.0,230288374.59,M0555_2564,บริษัทหลักทรัพย์จัดการกองทุน ไทยพาณิชย์ จำกัด
SCBRMCHA,2026-10-07,8.0182,0.0,0.0,829908334.28,M0181_2564,บริษัทหลักทรัพย์จัดการกองทุน ไทยพาณิชย์ จำกัด
SCBRMCLEAN(A),2026-10-05,7.2603,7.2604,7.2603,165380550.44,M0088_2565,บริษัทหลักทรัพย์จัดการกองทุน ไทยพาณิชย์ จำกัด
SCBRMCTECH,2026-10-06,5.2613,5.2614,5.2613,727678709.52,M0295_2564,บริษัทหลักทรัพย์จัดการกองทุน ไทยพาณิชย์ จำกัด
SCBRMDIGI(A),2026-10-05,24.136,24.1361,24.136,497441793.11,M0457_2565,บริษัทหลักทรัพย์จัดการกองทุน ไทยพาณิชย์ จำกัด
SCBRMEU,2026-10-06,19.8007,19.8008,19.8007,440805207.94,M0522_2558,บริษัทหลักทรัพย์จัดการกองทุน ไทยพาณิชย์ จำกัด
SCBRMGHC,2026-10-05,18.2476,18.2477,18.2476,2235716165.54,M0593_2558,บริษัทหลักทรัพย์จัดการกองทุน ไทยพาณิชย์ จำกัด
SCBRMGIF,2026-10-06,14.6636,14.6637,14.6636,500328176.67,M0518_2558,บริษัทหลักทรัพย์จัดการกองทุน ไทยพาณิชย์ จำกัด
SCBRMGW,2026-10-05,12.6246,12.6247,12.6246,91779273.07,M0933_2554,บริษัทหลักทรัพย์จัดการกองทุน ไทยพาณิชย์ จำกัด
SCBRMGWP,2026-10-05,14.86,14.8601,14.86,237759025.53,M0935_2554,บริษัทหลักทรัพย์จัดการกองทุน ไทยพาณิชย์ จำกัด
SCBRMJAPAN(A),2026-10-06,19.2071,19.2072,19.2071,140519686.54,M0374_2565,บริษัทหลักทรัพย์จัดการกองทุน ไทยพาณิชย์ จำกัด
SCBRMJP,2026-10-07,36.9718,36.9719,36.9718,1118061952.69,M0511_2558,บริษัทหลักทรัพย์จัดการกองทุน ไทยพาณิชย์ จำกัด
SCBRMLEQ,2026-10-06,15.9728,15.9729,15.9728,505653466.27,M0425_2562,บริษัทหลักทรัพย์จัดการกองทุน ไทยพาณิชย์ จำกัด
SCBRMMLCA,2026-10-06,7.9489,0.0,0.0,114018717.36,M0310_2564,บริษัทหลักทรัพย์จัดการกองทุน ไทยพาณิชย์ จำกัด
SCBRMMONEY,2026-10-07,10.0761,10.0762,10.0761,566905246.48,M0706_2568,บริษัทหลักทรัพย์จัดการกองทุน ไทยพาณิชย์ จำกัด
SCBRMNDQ(A),2026-10-06,17.8362,17.8363,17.8362,1926870349.69,M0547_2564,บริษัทหลักทรัพย์จัดการกองทุน ไทยพาณิชย์ จำกัด
SCBRMPGF(A),2026-10-05,11.6569,11.657,11.6569,79237858.94,M0146_2565,บริษัทหลักทรัพย์จัดการกองทุน ไทยพาณิชย์ จำกัด
SCBRMPIN,2026-10-07,8.677,8.6771,8.677,273139009.92,M0424_2562,บริษัทหลักทรัพย์จัดการกองทุน ไทยพาณิชย์ จำกัด
SCBRMPOP,2026-10-06,15.7047,15.7048,15.7047,927074421.54,M0570_2560,บริษัทหลักทรัพย์จัดการกองทุน ไทยพาณิชย์ จำกัด
SCBRMS&P500,2026-10-06,23.2772,23.2773,23.2772,10163188465.94,M0426_2562,บริษัทหลักทรัพย์จัดการกองทุน ไทยพาณิชย์ จำกัด
SCBRMS50,2026-10-07,22.0033,22.0034,22.0033,4536389341.34,M0787_2554,บริษัทหลักทรัพย์จัดการกองทุน ไทยพาณิชย์ จำกัด
SCBRMUSA(A),2026-10-06,19.43,19.4301,19.43,195199028.73,M0049_2565,บริษัทหลักทรัพย์จัดการกองทุน ไทยพาณิชย์ จำกัด
SCBRMVIET(A),2026-10-07,8.0567,8.0568,8.0567,764660658.19,M0548_2564,บริษัทหลักทรัพย์จัดการกองทุน ไทยพาณิชย์ จำกัด
SCBRMWORLD(A),2026-10-06,16.5404,16.5405,16.5404,1520175552.54,M0317_2565,บริษัทหลักทรัพย์จัดการกองทุน ไทยพาณิชย์ จำกัด
SCBROBOA,2026-10-05,26.3714,26.7948,26.3714,2153561164.14,M0408_2560,บริษัทหลักทรัพย์จัดการกองทุน ไทยพาณิชย์ จำกัด
SCBROBOP,2026-10-05,26.3714,26.3715,26.3714,0,M0408_2560,บริษัทหลักทรัพย์จัดการกองทุน ไทยพาณิชย์ จำกัด
SCBROYALTY(A),2026-10-06,10.8042,0.0,0.0,337599969.01,M0559_2568,บริษัทหลักทรัพย์จัดการกองทุน ไทยพาณิชย์ จำกัด
SCBRS2000(A),2026-10-06,15.0241,15.1091,15.0196,851331234.46,M0515_2565,บริษัทหลักทรัพย์จัดการกองทุน ไทยพาณิชย์ จำกัด
SCBRS2000(E),2026-10-06,15.4519,15.4566,15.4308,17548964.97,M0515_2565,บริษัทหลักทรัพย์จัดการกองทุน ไทยพาณิชย์ จำกัด
SCBRS2000(P),2026-10-06,15.0262,15.0308,15.0217,0,M0515_2565,บริษัทหลักทรัพย์จัดการกองทุน ไทยพาณิชย์ จำกัด
SCBRS2000(SSF),2026-10-06,14.8053,0.0,14.8009,24350622.47,M0515_2565,บริษัทหลักทรัพย์จัดการกองทุน ไทยพาณิชย์ จำกัด
SCBS&P500,2026-10-06,29.5399,29.6966,29.531,12100804783.55,M0643_2555,บริษัทหลักทรัพย์จัดการกองทุน ไทยพาณิชย์ จำกัด
SCBS&P500(SSFA),2026-10-06,38.6013,0.0,38.5897,795116954.73,M0643_2555,บริษัทหลักทรัพย์จัดการกองทุน ไทยพาณิชย์ จำกัด
SCBS&P500(SSFE),2026-10-06,35.3247,0.0,35.3141,465855601.56,M0643_2555,บริษัทหลักทรัพย์จัดการกองทุน ไทยพาณิชย์ จำกัด
SCBS&P500-SSF,2026-10-06,35.45,0.0,35.4394,4366057317.63,M0643_2555,บริษัทหลักทรัพย์จัดการกองทุน ไทยพาณิชย์ จำกัด
SCBS&P500A,2026-10-06,39.333,39.5416,39.3212,11702276784.8,M0643_2555,บริษัทหลักทรัพย์จัดการกองทุน ไทยพาณิชย์ จำกัด
SCBS&P500E,2026-10-06,45.1906,45.2043,45.1286,4443304064.58,M0643_2555,บริษัทหลักทรัพย์จัดการกองทุน ไทยพาณิชย์ จำกัด
SCBS&P500P,2026-10-06,45.4345,45.4482,45.4209,14156425.36,M0643_2555,บริษัทหลักทรัพย์จัดการกองทุน ไทยพาณิชย์ จำกัด
SCBSB15M1,2026-10-07,10.2474,0.0,0.0,2351689295.45,M0521_2569,บริษัทหลักทรัพย์จัดการกองทุน ไทยพาณิชย์ จำกัด
SCBSB15M3,2026-10-07,10.2428,0.0,0.0,1581527716.76,M0555_2569,บริษัทหลักทรัพย์จัดการกองทุน ไทยพาณิชย์ จำกัด
SCBSB15M4,2026-10-07,10.2308,0.0,0.0,1850641050.07,M0578_2569,บริษัทหลักทรัพย์จัดการกองทุน ไทยพาณิชย์ จำกัด
SCBSB15M5,2026-10-07,10.2359,0.0,0.0,888248720.53,M0597_2569,บริษัทหลักทรัพย์จัดการกองทุน ไทยพาณิชย์ จำกัด
SCBSB16M1,2026-10-07,10.2457,0.0,0.0,1475725272.12,M0485_2569,บริษัทหลักทรัพย์จัดการกองทุน ไทยพาณิชย์ จำกัด
SCBSB17M1,2026-10-07,10.2113,0.0,0.0,170333678.19,M0659_2569,บริษัทหลักทรัพย์จัดการกองทุน ไทยพาณิชย์ จำกัด
SCBSB3M104,2026-10-07,10.0081,0.0,0.0,1417583821.44,M0683_2569,บริษัทหลักทรัพย์จัดการกองทุน ไทยพาณิชย์ จำกัด
SCBSB3M105,2026-10-07,9.9874,0.0,0.0,2006616714.16,M0710_2569,บริษัทหลักทรัพย์จัดการกองทุน ไทยพาณิชย์ จำกัด
SCBSB3M106,2026-10-07,10.0484,0.0,0.0,1965119219.88,M0743_2569,บริษัทหลักทรัพย์จัดการกองทุน ไทยพาณิชย์ จำกัด
SCBSB3M107,2026-10-07,10.0346,0.0,0.0,552379892.31,M0767_2569,บริษัทหลักทรัพย์จัดการกองทุน ไทยพาณิชย์ จำกัด
SCBSB3M108,2026-10-07,10.0369,0.0,0.0,3040486578.72,M0776_2569,บริษัทหลักทรัพย์จัดการกองทุน ไทยพาณิชย์ จำกัด
SCBSB3M109,2026-10-07,10.04,0.0,0.0,2431092796.73,M0797_2569,บริษัทหลักทรัพย์จัดการกองทุน ไทยพาณิชย์ จำกัด
SCBSB3M110,2026-10-07,10.03,0.0,0.0,2335298856.74,M0829_2569,บริษัทหลักทรัพย์จัดการกองทุน ไทยพาณิชย์ จำกัด
SCBSB3M111,2026-10-07,10.0272,0.0,0.0,2003045399.76,M0854_2569,บริษัทหลักทรัพย์จัดการกองทุน ไทยพาณิชย์ จำกัด
SCBSB3M112,2026-10-07,10.0276,0.0,0.0,1509293222.03,M0875_2569,บริษัทหลักทรัพย์จัดการกองทุน ไทยพาณิชย์ จำกัด
SCBSB3M113,2026-10-07,10.0317,0.0,0.0,1950199816.49,M0893_2569,บริษัทหลักทรัพย์จัดการกองทุน ไทยพาณิชย์ จำกัด
SCBSB3M114,2026-10-07,10.0294,0.0,0.0,1789776916.41,M0912_2569,บริษัทหลักทรัพย์จัดการกองทุน ไทยพาณิชย์ จำกัด
SCBSB3M115,2026-10-07,10.088,0.0,0.0,1997087572.16,M0938_2569,บริษัทหลักทรัพย์จัดการกองทุน ไทยพาณิชย์ จำกัด
SCBSB3M116,2026-10-07,10.0887,0.0,0.0,2816915372.69,M0959_2569,บริษัทหลักทรัพย์จัดการกองทุน ไทยพาณิชย์ จำกัด
SCBSB3M117,2026-10-07,9.9945,0.0,0.0,1829558059.76,M0991_2569,บริษัทหลักทรัพย์จัดการกองทุน ไทยพาณิชย์ จำกัด
SCBSB5M1,2026-10-07,10.0,0.0,0.0,2510938636.67,M0688_2569,บริษัทหลักทรัพย์จัดการกองทุน ไทยพาณิชย์ จำกัด
SCBSB6M100,2026-10-07,9.9999,0.0,0.0,420548025.99,M0937_2569,บริษัทหลักทรัพย์จัดการกองทุน ไทยพาณิชย์ จำกัด
SCBSB6M101,2026-10-07,9.9991,0.0,0.0,1076551663.44,M0958_2569,บริษัทหลักทรัพย์จัดการกองทุน ไทยพาณิชย์ จำกัด
SCBSB6M102,2026-10-07,10.0007,0.0,0.0,801553471.48,M0992_2569,บริษัทหลักทรัพย์จัดการกองทุน ไทยพาณิชย์ จำกัด
SCBSB6M78,2026-10-07,10.0175,0.0,0.0,1809513298.77,M0272_2569,บริษัทหลักทรัพย์จัดการกองทุน ไทยพาณิชย์ จำกัด
SCBSB6M80,2026-10-07,10.0522,0.0,0.0,683948173.37,M0416_2569,บริษัทหลักทรัพย์จัดการกองทุน ไทยพาณิชย์ จำกัด
SCBSB6M81,2026-10-07,10.0376,0.0,0.0,2724930262.05,M0425_2569,บริษัทหลักทรัพย์จัดการกองทุน ไทยพาณิชย์ จำกัด
SCBSB6M82,2026-10-07,10.0257,0.0,0.0,1420012997.43,M0451_2569,บริษัทหลักทรัพย์จัดการกองทุน ไทยพาณิชย์ จำกัด
SCBSB6M83,2026-10-07,10.0335,0.0,0.0,2295480451.11,M0467_2569,บริษัทหลักทรัพย์จัดการกองทุน ไทยพาณิชย์ จำกัด
SCBSB6M84,2026-10-07,10.0185,0.0,0.0,2840788255.05,M0490_2569,บริษัทหลักทรัพย์จัดการกองทุน ไทยพาณิชย์ จำกัด
SCBSB6M85,2026-10-07,10.0445,0.0,0.0,210149097.09,M0510_2569,บริษัทหลักทรัพย์จัดการกองทุน ไทยพาณิชย์ จำกัด
SCBSB6M86,2026-10-07,10.0235,0.0,0.0,2300625703.78,M0542_2569,บริษัทหลักทรัพย์จัดการกองทุน ไทยพาณิชย์ จำกัด
SCBSB6M88,2026-10-07,10.0681,0.0,0.0,1682985000.85,M0587_2569,บริษัทหลักทรัพย์จัดการกองทุน ไทยพาณิชย์ จำกัด
SCBSB6M89,2026-10-07,10.0784,0.0,0.0,2038952736.24,M0613_2569,บริษัทหลักทรัพย์จัดการกองทุน ไทยพาณิชย์ จำกัด
SCBSB6M90,2026-10-07,10.0895,0.0,0.0,1800616249.1,M0634_2569,บริษัทหลักทรัพย์จัดการกองทุน ไทยพาณิชย์ จำกัด
SCBSB6M91,2026-10-07,10.0723,0.0,0.0,1014113006.6,M0661_2569,บริษัทหลักทรัพย์จัดการกองทุน ไทยพาณิชย์ จำกัด
SCBSB6M92,2026-10-07,10.0052,0.0,0.0,620453958.13,M0676_2569,บริษัทหลักทรัพย์จัดการกองทุน ไทยพาณิชย์ จำกัด
SCBSB6M93,2026-10-07,10.0059,0.0,0.0,2785607980.0,M0730_2569,บริษัทหลักทรัพย์จัดการกองทุน ไทยพาณิชย์ จำกัด
SCBSB6M94,2026-10-07,10.0054,0.0,0.0,1967904126.29,M0777_2569,บริษัทหลักทรัพย์จัดการกองทุน ไทยพาณิชย์ จำกัด
SCBSB6M95,2026-10-07,9.9947,0.0,0.0,2219369328.97,M0830_2569,บริษัทหลักทรัพย์จัดการกองทุน ไทยพาณิชย์ จำกัด
SCBSB6M96,2026-10-07,10.0077,0.0,0.0,1343669006.25,M0852_2569,บริษัทหลักทรัพย์จัดการกองทุน ไทยพาณิชย์ จำกัด
SCBSB6M97,2026-10-07,9.9927,0.0,0.0,1789572106.06,M0868_2569,บริษัทหลักทรัพย์จัดการกองทุน ไทยพาณิชย์ จำกัด
SCBSB6M98,2026-10-07,10.0146,0.0,0.0,1988015471.45,M0894_2569,บริษัทหลักทรัพย์จัดการกองทุน ไทยพาณิชย์ จำกัด
SCBSB6M99,2026-10-07,10.0014,0.0,0.0,1762384788.09,M0906_2569,บริษัทหลักทรัพย์จัดการกองทุน ไทยพาณิชย์ จำกัด
SCBSBUSD6M6,2026-10-07,10.0297,0.0,0.0,14767713.63,M0270_2569,บริษัทหลักทรัพย์จัดการกองทุน ไทยพาณิชย์ จำกัด
SCBSBUSD6M7,2026-10-07,9.945,0.0,0.0,14658701.29,M0920_2569,บริษัทหลักทรัพย์จัดการกองทุน ไทยพาณิชย์ จำกัด
SCBSE,2026-10-07,8.7226,8.816,8.7226,2022092712.44,M0228_2554,บริษัทหลักทรัพย์จัดการกองทุน ไทยพาณิชย์ จำกัด
SCBSE(SSFE),2026-10-07,11.7064,0.0,11.7064,1701749.26,M0228_2554,บริษัทหลักทรัพย์จัดการกองทุน ไทยพาณิชย์ จำกัด
SCBSE-SSF,2026-10-07,11.3188,0.0,11.3188,205388502.13,M0228_2554,บริษัทหลักทรัพย์จัดการกองทุน ไทยพาณิชย์ จำกัด
SCBSEA,2026-10-07,13.893,14.0418,13.893,402001715.14,M0228_2554,บริษัทหลักทรัพย์จัดการกองทุน ไทยพาณิชย์ จำกัด
SCBSEMI(A),2026-10-06,39.685,40.1375,39.6572,15126279468.56,M0232_2564,บริษัทหลักทรัพย์จัดการกองทุน ไทยพาณิชย์ จำกัด
SCBSEMI(E),2026-10-06,42.0028,42.0323,41.9285,1381845079.28,M0232_2564,บริษัทหลักทรัพย์จัดการกองทุน ไทยพาณิชย์ จำกัด
SCBSEMI(P),2026-10-06,39.1774,39.2049,39.15,41529897.75,M0232_2564,บริษัทหลักทรัพย์จัดการกองทุน ไทยพาณิชย์ จำกัด
SCBSEMI(SSF),2026-10-06,31.6746,0.0,31.6524,1018843450.43,M0232_2564,บริษัทหลักทรัพย์จัดการกองทุน ไทยพาณิชย์ จำกัด
SCBSEMI(SSFE),2026-10-06,33.1826,0.0,33.1594,145158986.56,M0232_2564,บริษัทหลักทรัพย์จัดการกองทุน ไทยพาณิชย์ จำกัด
SCBSEP,2026-10-07,9.4291,9.4292,9.4291,0,M0228_2554,บริษัทหลักทรัพย์จัดการกองทุน ไทยพาณิชย์ จำกัด
SCBSET,2026-10-07,23.3559,23.356,23.3559,12017576529.97,M0026_2539,บริษัทหลักทรัพย์จัดการกองทุน ไทยพาณิชย์ จำกัด
SCBSET-SSFX,2026-10-07,13.1649,0.0,13.1649,810903465.44,M0144_2563,บริษัทหลักทรัพย์จัดการกองทุน ไทยพาณิชย์ จำกัด
SCBSET50,2026-10-07,24.5004,24.5201,24.4808,5267378734.45,M0597_2552,บริษัทหลักทรัพย์จัดการกองทุน ไทยพาณิชย์ จำกัด
SCBSET50(SSF),2026-10-07,23.6083,0.0,23.5894,357975296.32,M0597_2552,บริษัทหลักทรัพย์จัดการกองทุน ไทยพาณิชย์ จำกัด
SCBSET50(SSFE),2026-10-07,24.1309,0.0,24.1116,49426031.79,M0597_2552,บริษัทหลักทรัพย์จัดการกองทุน ไทยพาณิชย์ จำกัด
SCBSET50E,2026-10-07,25.4809,25.5014,25.4605,170070556.15,M0597_2552,บริษัทหลักทรัพย์จัดการกองทุน ไทยพาณิชย์ จำกัด
SCBSET50P,2026-10-07,25.3443,25.3647,25.324,11546584.28,M0597_2552,บริษัทหลักทรัพย์จัดการกองทุน ไทยพาณิชย์ จำกัด
SCBSETE,2026-10-07,24.6792,24.6793,24.6528,114589667.26,M0026_2539,บริษัทหลักทรัพย์จัดการกองทุน ไทยพาณิชย์ จำกัด
SCBSETP,2026-10-07,24.6358,24.6359,24.6358,426554812.18,M0026_2539,บริษัทหลักทรัพย์จัดการกองทุน ไทยพาณิชย์ จำกัด
SCBSFF,2026-10-07,21.7252,21.7253,21.7252,77306175814.02,M0003_2539,บริษัทหลักทรัพย์จัดการกองทุน ไทยพาณิชย์ จำกัด
SCBSFFPLU(SSFE),2026-10-07,12.0957,0.0,12.0957,67788713.82,M0732_2556,บริษัทหลักทรัพย์จัดการกองทุน ไทยพาณิชย์ จำกัด
SCBSFFPLUS-A,2026-10-07,11.9014,11.9015,11.9014,131003444270.89,M0732_2556,บริษัทหลักทรัพย์จัดการกองทุน ไทยพาณิชย์ จำกัด
SCBSFFPLUS-B,2026-10-07,11.7968,11.7969,11.7968,36026274284.54,M0732_2556,บริษัทหลักทรัพย์จัดการกองทุน ไทยพาณิชย์ จำกัด
SCBSFFPLUS-I,2026-10-07,11.9025,11.9026,11.9025,4378076643.23,M0732_2556,บริษัทหลักทรัพย์จัดการกองทุน ไทยพาณิชย์ จำกัด
SCBSFFPLUS-P,2026-10-07,12.2942,12.2943,12.2942,261011336.29,M0732_2556,บริษัทหลักทรัพย์จัดการกองทุน ไทยพาณิชย์ จำกัด
SCBSFFPLUS-SSF,2026-10-07,11.8874,0.0,11.8874,970758232.77,M0732_2556,บริษัทหลักทรัพย์จัดการกองทุน ไทยพาณิชย์ จำกัด
SCBSMART2,2026-10-07,10.2121,10.2888,10.2121,284509290.57,M0311_2555,บริษัทหลักทรัพย์จัดการกองทุน ไทยพาณิชย์ จำกัด
SCBSMART2(SSFE),2026-10-07,10.9938,0.0,10.9938,2530163.48,M0311_2555,บริษัทหลักทรัพย์จัดการกองทุน ไทยพาณิชย์ จำกัด
SCBSMART2-SSF,2026-10-07,10.7894,0.0,10.7894,86461181.84,M0311_2555,บริษัทหลักทรัพย์จัดการกองทุน ไทยพาณิชย์ จำกัด
SCBSMART2A,2026-10-07,11.0476,11.1306,11.0476,113921737.29,M0311_2555,บริษัทหลักทรัพย์จัดการกองทุน ไทยพาณิชย์ จำกัด
SCBSMART3,2026-10-05,10.2035,10.3128,10.2035,52027902.86,M0448_2555,บริษัทหลักทรัพย์จัดการกองทุน ไทยพาณิชย์ จำกัด
SCBSMART4,2026-10-05,10.4457,10.5576,10.4457,41668688.54,M0449_2555,บริษัทหลักทรัพย์จัดการกองทุน ไทยพาณิชย์ จำกัด
SCBSNLOAN(A),2026-10-05,9.8774,9.9832,9.8774,76694291.5,M0144_2567,บริษัทหลักทรัพย์จัดการกองทุน ไทยพาณิชย์ จำกัด
SCBSNLOAN(D),2026-10-05,9.6015,9.7043,9.6015,24617399.4,M0144_2567,บริษัทหลักทรัพย์จัดการกองทุน ไทยพาณิชย์ จำกัด
SCBSPACE(A),2026-10-06,10.3097,10.4201,10.3025,53310564.07,M0519_2569,บริษัทหลักทรัพย์จัดการกองทุน ไทยพาณิชย์ จำกัด
SCBSPICYA,2026-10-05,12.5078,12.6417,12.5078,23519514.71,M0327_2562,บริษัทหลักทรัพย์จัดการกองทุน ไทยพาณิชย์ จำกัด
SCBSPLUSA,2026-10-06,9.2425,9.3168,0.0,891672162.55,M0006_2563,บริษัทหลักทรัพย์จัดการกองทุน ไทยพาณิชย์ จำกัด
SCBST555B,2026-10-07,9.5769,0.0,9.5769,61046728.28,M0086_2559,บริษัทหลักทรัพย์จัดการกองทุน ไทยพาณิชย์ จำกัด
SCBT70X(25A),2026-10-07,12.1922,0.0,12.1922,331901854.81,M0443_2568,บริษัทหลักทรัพย์จัดการกองทุน ไทยพาณิชย์ จำกัด
SCBT70X(25D),2026-10-07,11.5967,0.0,11.5967,477511453.65,M0443_2568,บริษัทหลักทรัพย์จัดการกองทุน ไทยพาณิชย์ จำกัด
SCBT70X(26A),2026-10-07,12.0744,12.0745,12.0744,21659098.54,M0443_2568,บริษัทหลักทรัพย์จัดการกองทุน ไทยพาณิชย์ จำกัด
SCBT70X(26D),2026-10-07,11.9177,11.9178,11.9177,46458112.04,M0443_2568,บริษัทหลักทรัพย์จัดการกองทุน ไทยพาณิชย์ จำกัด
SCBT70X(LTFA),2026-10-07,12.1922,0.0,12.1922,818535378.8,M0443_2568,บริษัทหลักทรัพย์จัดการกองทุน ไทยพาณิชย์ จำกัด
SCBT70X(LTFD),2026-10-07,11.5972,0.0,11.5972,1877010208.03,M0443_2568,บริษัทหลักทรัพย์จัดการกองทุน ไทยพาณิชย์ จำกัด
SCBTA(ThaiESG),2026-10-07,12.1959,12.196,12.1959,895759442.91,M0848_2566,บริษัทหลักทรัพย์จัดการกองทุน ไทยพาณิชย์ จำกัด
SCBTA(ThaiESGA),2026-10-07,12.1961,12.1962,12.1961,739960624.08,M0848_2566,บริษัทหลักทรัพย์จัดการกองทุน ไทยพาณิชย์ จำกัด
SCBTA(ThaiESGE),2026-10-07,12.6835,12.6836,12.6835,46867856.9,M0848_2566,บริษัทหลักทรัพย์จัดการกองทุน ไทยพาณิชย์ จำกัด
SCBTAPX(25A),2026-10-07,13.7341,0.0,13.7341,297019974.88,M0445_2568,บริษัทหลักทรัพย์จัดการกองทุน ไทยพาณิชย์ จำกัด
SCBTAPX(25D),2026-10-07,13.076,0.0,13.076,286913404.12,M0445_2568,บริษัทหลักทรัพย์จัดการกองทุน ไทยพาณิชย์ จำกัด
SCBTAPX(26A),2026-10-07,13.7352,13.7353,13.7352,32705612.32,M0445_2568,บริษัทหลักทรัพย์จัดการกองทุน ไทยพาณิชย์ จำกัด
SCBTAPX(26D),2026-10-07,13.4056,13.4057,13.4056,33624784.21,M0445_2568,บริษัทหลักทรัพย์จัดการกองทุน ไทยพาณิชย์ จำกัด
SCBTAPX(LTFA),2026-10-07,13.7351,0.0,13.7351,369624348.46,M0445_2568,บริษัทหลักทรัพย์จัดการกองทุน ไทยพาณิชย์ จำกัด
SCBTAPX(LTFD),2026-10-07,13.077,0.0,13.077,505671764.83,M0445_2568,บริษัทหลักทรัพย์จัดการกองทุน ไทยพาณิชย์ จำกัด
SCBTAX(25A),2026-10-07,13.7557,0.0,13.7557,45516739.76,M0452_2568,บริษัทหลักทรัพย์จัดการกองทุน ไทยพาณิชย์ จำกัด
SCBTAX(25D),2026-10-07,12.8341,0.0,12.8341,38011289.73,M0452_2568,บริษัทหลักทรัพย์จัดการกองทุน ไทยพาณิชย์ จำกัด
SCBTAX(26A),2026-10-07,13.635,13.6351,13.635,14669782.81,M0452_2568,บริษัทหลักทรัพย์จัดการกองทุน ไทยพาณิชย์ จำกัด
SCBTAX(26D),2026-10-07,13.4069,13.407,13.4069,19418869.79,M0452_2568,บริษัทหลักทรัพย์จัดการกองทุน ไทยพาณิชย์ จำกัด
SCBTAX(LTFA),2026-10-07,13.7532,0.0,13.7532,138427307.45,M0452_2568,บริษัทหลักทรัพย์จัดการกองทุน ไทยพาณิชย์ จำกัด
SCBTAX(LTFD),2026-10-07,12.8341,0.0,12.8341,133109680.95,M0452_2568,บริษัทหลักทรัพย์จัดการกองทุน ไทยพาณิชย์ จำกัด
SCBTB(ThaiESGA),2026-10-07,10.3548,10.3549,10.3548,4822559795.75,M0571_2567,บริษัทหลักทรัพย์จัดการกองทุน ไทยพาณิชย์ จำกัด
SCBTB(ThaiESGE),2026-10-07,10.4201,10.4202,10.4201,329758519.79,M0571_2567,บริษัทหลักทรัพย์จัดการกองทุน ไทยพาณิชย์ จำกัด
SCBTD(ThaiESG),2026-10-07,11.3986,11.3987,11.3986,463948742.7,M0822_2567,บริษัทหลักทรัพย์จัดการกองทุน ไทยพาณิชย์ จำกัด
SCBTD(ThaiESGA),2026-10-07,11.7366,11.7367,11.7366,221098690.71,M0822_2567,บริษัทหลักทรัพย์จัดการกองทุน ไทยพาณิชย์ จำกัด
SCBTD(ThaiESGE),2026-10-07,11.7608,11.7609,11.7608,43446330.84,M0822_2567,บริษัทหลักทรัพย์จัดการกองทุน ไทยพาณิชย์ จำกัด
SCBTEQ,2026-10-07,13.3602,13.4318,13.3602,1335391981.0,M0410_2559,บริษัทหลักทรัพย์จัดการกองทุน ไทยพาณิชย์ จำกัด
SCBTEQP,2026-10-07,13.9093,13.9094,13.9093,20341112.06,M0410_2559,บริษัทหลักทรัพย์จัดการกองทุน ไทยพาณิชย์ จำกัด
SCBTHAICGA,2026-10-07,14.9202,15.0799,14.9202,263598873.53,M0462_2560,บริษัทหลักทรัพย์จัดการกองทุน ไทยพาณิชย์ จำกัด
SCBTHAICGP,2026-10-07,14.9202,14.9203,14.9202,0,M0462_2560,บริษัทหลักทรัพย์จัดการกองทุน ไทยพาณิชย์ จำกัด
SCBTM(ThaiESG),2026-10-07,12.1822,12.1823,12.1822,2442141972.9,M0843_2566,บริษัทหลักทรัพย์จัดการกองทุน ไทยพาณิชย์ จำกัด
SCBTM(ThaiESGA),2026-10-07,12.1823,12.1824,12.1823,1254194483.28,M0843_2566,บริษัทหลักทรัพย์จัดการกองทุน ไทยพาณิชย์ จำกัด
SCBTM(ThaiESGE),2026-10-07,12.5993,12.5994,12.5993,73145745.44,M0843_2566,บริษัทหลักทรัพย์จัดการกองทุน ไทยพาณิชย์ จำกัด
SCBTMF,2026-10-07,12.1271,12.1272,12.1271,5435902328.47,M0306_2552,บริษัทหลักทรัพย์จัดการกองทุน ไทยพาณิชย์ จำกัด
SCBTMFPLUS-A,2026-10-07,11.9776,11.9777,11.9776,7398173199.73,M0400_2555,บริษัทหลักทรัพย์จัดการกองทุน ไทยพาณิชย์ จำกัด
SCBTMFPLUS-B,2026-10-07,11.7368,11.7369,11.7368,1826125056.72,M0400_2555,บริษัทหลักทรัพย์จัดการกองทุน ไทยพาณิชย์ จำกัด
SCBTMFPLUS-E,2026-10-07,12.0514,12.0515,12.0514,241014545.81,M0400_2555,บริษัทหลักทรัพย์จัดการกองทุน ไทยพาณิชย์ จำกัด
SCBTMFPLUS-I,2026-10-07,11.9784,11.9785,11.9784,12339141543.43,M0400_2555,บริษัทหลักทรัพย์จัดการกองทุน ไทยพาณิชย์ จำกัด
SCBTMFPLUS-P,2026-10-07,11.9583,11.9584,11.9583,0,M0400_2555,บริษัทหลักทรัพย์จัดการกองทุน ไทยพาณิชย์ จำกัด
SCBTP(ThaiESG),2026-10-07,12.4436,12.4437,12.4436,1066715008.31,M0850_2566,บริษัทหลักทรัพย์จัดการกองทุน ไทยพาณิชย์ จำกัด
SCBTP(ThaiESGA),2026-10-07,12.4435,12.4436,12.4435,938437542.71,M0850_2566,บริษัทหลักทรัพย์จัดการกองทุน ไทยพาณิชย์ จำกัด
SCBTP(ThaiESGE),2026-10-07,12.5755,12.5756,12.5755,63795648.26,M0850_2566,บริษัทหลักทรัพย์จัดการกองทุน ไทยพาณิชย์ จำกัด
SCBTRAVEL(A),2026-10-05,8.4937,8.6301,8.4937,209421135.66,M0196_2564,บริษัทหลักทรัพย์จัดการกองทุน ไทยพาณิชย์ จำกัด
SCBTRAVEL(E),2026-10-05,9.1281,9.1282,9.1183,2372423.17,M0196_2564,บริษัทหลักทรัพย์จัดการกองทุน ไทยพาณิชย์ จำกัด
SCBTRAVEL(P),2026-10-05,8.5003,8.5004,8.5003,0,M0196_2564,บริษัทหลักทรัพย์จัดการกองทุน ไทยพาณิชย์ จำกัด
SCBTS100X(25A),2026-10-07,14.0261,0.0,14.0261,319065945.11,M0450_2568,บริษัทหลักทรัพย์จัดการกองทุน ไทยพาณิชย์ จำกัด
SCBTS100X(25D),2026-10-07,13.3585,0.0,13.3585,169887744.26,M0450_2568,บริษัทหลักทรัพย์จัดการกองทุน ไทยพาณิชย์ จำกัด
SCBTS100X(26A),2026-10-07,14.0285,14.0286,14.0285,31702347.97,M0450_2568,บริษัทหลักทรัพย์จัดการกองทุน ไทยพาณิชย์ จำกัด
SCBTS100X(26D),2026-10-07,13.8615,13.8616,13.8615,24350131.02,M0450_2568,บริษัทหลักทรัพย์จัดการกองทุน ไทยพาณิชย์ จำกัด
SCBTS100X(LTFA),2026-10-07,14.0271,0.0,14.0271,175894774.71,M0450_2568,บริษัทหลักทรัพย์จัดการกองทุน ไทยพาณิชย์ จำกัด
SCBTS100X(LTFD),2026-10-07,13.3599,0.0,13.3599,211919570.63,M0450_2568,บริษัทหลักทรัพย์จัดการกองทุน ไทยพาณิชย์ จำกัด
SCBUSA(E),2026-10-06,8.7678,8.7679,8.7584,30484252.05,M0536_2563,บริษัทหลักทรัพย์จัดการกองทุน ไทยพาณิชย์ จำกัด
SCBUSA(SSF),2026-10-06,8.0887,0.0,8.0887,96968024.08,M0536_2563,บริษัทหลักทรัพย์จัดการกองทุน ไทยพาณิชย์ จำกัด
SCBUSA(SSFE),2026-10-06,8.6766,0.0,8.6766,10286946.87,M0536_2563,บริษัทหลักทรัพย์จัดการกองทุน ไทยพาณิชย์ จำกัด
SCBUSAA,2026-10-06,8.0836,8.2134,8.0836,2735405806.88,M0536_2563,บริษัทหลักทรัพย์จัดการกองทุน ไทยพาณิชย์ จำกัด
SCBUSAP,2026-10-06,8.0925,8.0926,8.0925,0,M0536_2563,บริษัทหลักทรัพย์จัดการกองทุน ไทยพาณิชย์ จำกัด
SCBUSDABSAP,2026-10-05,11.0226,11.188,11.0226,4774143.07,M0729_2568,บริษัทหลักทรัพย์จัดการกองทุน ไทยพาณิชย์ จำกัด
SCBUSDGMCORE,2026-10-05,10.8658,11.0017,10.8658,27688819.69,M1037_2568,บริษัทหลักทรัพย์จัดการกองทุน ไทยพาณิชย์ จำกัด
SCBUSDGOLD,2026-10-07,8.1514,8.2175,8.1465,5389000.23,M1084_2568,บริษัทหลักทรัพย์จัดการกองทุน ไทยพาณิชย์ จำกัด
SCBUSDINC,2026-10-06,9.6512,9.7546,9.6512,11855607.65,M0994_2568,บริษัทหลักทรัพย์จัดการกองทุน ไทยพาณิชย์ จำกัด
SCBUSDS&P500,2026-10-06,10.9152,11.0004,10.9119,2039164.98,M1077_2568,บริษัทหลักทรัพย์จัดการกองทุน ไทยพาณิชย์ จำกัด
SCBUSDSEMI,2026-10-06,17.4071,17.5935,17.4071,12347701.51,M1055_2568,บริษัทหลักทรัพย์จัดการกองทุน ไทยพาณิชย์ จำกัด
SCBUSDSPACE,2026-10-06,9.0508,9.1703,9.0445,215005.08,M0746_2569,บริษัทหลักทรัพย์จัดการกองทุน ไทยพาณิชย์ จำกัด
SCBUSDUSFOCUS,2026-10-06,10.7115,10.8455,10.7115,2736009.77,M1035_2568,บริษัทหลักทรัพย์จัดการกองทุน ไทยพาณิชย์ จำกัด
SCBUSDYIELD,2026-10-06,10.3712,10.3713,10.3712,40224983.24,M0540_2568,บริษัทหลักทรัพย์จัดการกองทุน ไทยพาณิชย์ จำกัด
SCBUSFOCUS(A),2026-10-06,12.9259,13.0643,12.9259,2613460194.26,M1020_2567,บริษัทหลักทรัพย์จัดการกองทุน ไทยพาณิชย์ จำกัด
SCBUSHYA,2026-10-05,11.2398,11.3301,11.2398,41122894.2,M0024_2560,บริษัทหลักทรัพย์จัดการกองทุน ไทยพาณิชย์ จำกัด
SCBUSSM,2026-10-05,13.0903,13.3005,13.0903,293264464.07,M0641_2558,บริษัทหลักทรัพย์จัดการกองทุน ไทยพาณิชย์ จำกัด
SCBUSSMP,2026-10-05,13.0903,13.0904,13.0903,0,M0641_2558,บริษัทหลักทรัพย์จัดการกองทุน ไทยพาณิชย์ จำกัด
SCBVALUEA,2026-10-07,13.4141,13.4932,13.4069,24320909.64,M0538_2562,บริษัทหลักทรัพย์จัดการกองทุน ไทยพาณิชย์ จำกัด
SCBVALUEE,2026-10-07,14.1164,14.1241,14.0937,7201679.72,M0538_2562,บริษัทหลักทรัพย์จัดการกองทุน ไทยพาณิชย์ จำกัด
SCBVALUEP,2026-10-07,13.5683,13.5757,13.561,0,M0538_2562,บริษัทหลักทรัพย์จัดการกองทุน ไทยพาณิชย์ จำกัด
SCBVIET(A),2026-10-07,7.7082,7.8239,7.7082,1717815708.83,M0539_2564,บริษัทหลักทรัพย์จัดการกองทุน ไทยพาณิชย์ จำกัด
SCBVIET(E),2026-10-07,8.2971,8.2972,8.2882,103712200.16,M0539_2564,บริษัทหลักทรัพย์จัดการกองทุน ไทยพาณิชย์ จำกัด
SCBVIET(SSF),2026-10-07,7.709,0.0,7.709,476371585.35,M0539_2564,บริษัทหลักทรัพย์จัดการกองทุน ไทยพาณิชย์ จำกัด
SCBVIET(SSFA),2026-10-07,7.7114,0.0,7.7114,173773509.64,M0539_2564,บริษัทหลักทรัพย์จัดการกองทุน ไทยพาณิชย์ จำกัด
SCBVIET(SSFE),2026-10-07,8.2632,0.0,8.2632,105013567.38,M0539_2564,บริษัทหลักทรัพย์จัดการกองทุน ไทยพาณิชย์ จำกัด
SCBVNALPHA,2026-10-07,12.0033,12.0034,12.0033,9360396427.84,M0035_2567,บริษัทหลักทรัพย์จัดการกองทุน ไทยพาณิชย์ จำกัด
SCBWEQ(A),2026-10-06,13.1343,13.3314,13.1343,1298446647.16,M0625_2567,บริษัทหลักทรัพย์จัดการกองทุน ไทยพาณิชย์ จำกัด
SCBWEQ(P),2026-10-06,13.3215,13.3216,13.3215,30478791.83,M0625_2567,บริษัทหลักทรัพย์จัดการกองทุน ไทยพาณิชย์ จำกัด
SCBWINA,2026-10-06,11.7096,11.8976,11.7096,239227676.93,M0298_2560,บริษัทหลักทรัพย์จัดการกองทุน ไทยพาณิชย์ จำกัด
SCBWINR,2026-10-06,11.7088,11.8968,11.7088,364633657.96,M0298_2560,บริษัทหลักทรัพย์จัดการกองทุน ไทยพาณิชย์ จำกัด
SCBWIPA,2026-10-05,9.5076,9.6094,9.5076,86610544.86,M0259_2563,บริษัทหลักทรัพย์จัดการกองทุน ไทยพาณิชย์ จำกัด
SCBWIPD,2026-10-05,9.3419,9.442,9.3419,3649368.03,M0259_2563,บริษัทหลักทรัพย์จัดการกองทุน ไทยพาณิชย์ จำกัด
SCBWIPR,2026-10-05,9.5078,9.6096,9.5078,137651.65,M0259_2563,บริษัทหลักทรัพย์จัดการกองทุน ไทยพาณิชย์ จำกัด
SCBWORLD(A),2026-10-06,14.1643,14.2394,14.1601,9764229923.39,M0465_2564,บริษัทหลักทรัพย์จัดการกองทุน ไทยพาณิชย์ จำกัด
SCBWORLD(E),2026-10-06,14.804,14.8085,14.7838,747944320.52,M0465_2564,บริษัทหลักทรัพย์จัดการกองทุน ไทยพาณิชย์ จำกัด
SCBWORLD(P),2026-10-06,14.8453,14.8499,14.8408,1488554224.82,M0465_2564,บริษัทหลักทรัพย์จัดการกองทุน ไทยพาณิชย์ จำกัด
SCBWORLD(SSF),2026-10-06,13.2942,0.0,13.2902,420436236.93,M0465_2564,บริษัทหลักทรัพย์จัดการกองทุน ไทยพาณิชย์ จำกัด
SCBWORLD(SSFE),2026-10-06,13.8437,0.0,13.8395,92272643.59,M0465_2564,บริษัทหลักทรัพย์จัดการกองทุน ไทยพาณิชย์ จำกัด
SCDF,2026-10-07,0.7491,0.7529,0.7491,4172361.83,M0022_2537,บริษัทหลักทรัพย์จัดการกองทุน เอ็มเอฟซี จำกัด (มหาชน)
SCIF,2026-10-07,3.0665,3.0666,3.0665,100189484.88,M0031_2536,บริษัทหลักทรัพย์จัดการกองทุน เอ็มเอฟซี จำกัด (มหาชน)
SCIF2,2026-10-07,1.8163,1.8164,1.8163,20957431.2,M0032_2536,บริษัทหลักทรัพย์จัดการกองทุน เอ็มเอฟซี จำกัด (มหาชน)
SF4,2026-10-07,17.5138,17.6015,17.5138,31674193.35,M0002_2530,บริษัทหลักทรัพย์จัดการกองทุน เอ็มเอฟซี จำกัด (มหาชน)
SF5,2026-10-07,48.9027,49.1473,48.9027,146997053.0,M0001_2530,บริษัทหลักทรัพย์จัดการกองทุน เอ็มเอฟซี จำกัด (มหาชน)
SF7,2026-10-07,4.7059,4.7295,4.7059,143765723.68,M0026_2537,บริษัทหลักทรัพย์จัดการกองทุน เอ็มเอฟซี จำกัด (มหาชน)
SF8,2026-10-07,2.1641,2.175,2.1641,65411229.88,M0025_2537,บริษัทหลักทรัพย์จัดการกองทุน เอ็มเอฟซี จำกัด (มหาชน)
SI5A4,2026-10-06,7.5759,7.576,7.5759,23399017.9,M0003_2561,บริษัทหลักทรัพย์จัดการกองทุน เอ็มเอฟซี จำกัด (มหาชน)
SIGNATURE GINCOME-R,2026-10-06,10.6498,10.7031,10.6498,849130731.25,M0554_2567,บริษัทหลักทรัพย์จัดการกองทุน พรินซิเพิล จำกัด
SIGNATURE GINCOME-USD-R,2026-10-06,0.3166,0.3183,0.3166,1825810.01,M0554_2567,บริษัทหลักทรัพย์จัดการกองทุน พรินซิเพิล จำกัด
SIGNATURE GINGRO-R,2026-10-06,11.195,11.363,11.195,1230356823.54,M1148_2568,บริษัทหลักทรัพย์จัดการกองทุน พรินซิเพิล จำกัด
SIGNATURE GINGRO-USD-R,2026-10-06,0.333,0.3381,0.333,1589177.76,M1148_2568,บริษัทหลักทรัพย์จัดการกองทุน พรินซิเพิล จำกัด
SMART-PLUS,2026-10-06,9.8795,9.8796,9.8795,32507983.32,M0622_2562,บริษัทหลักทรัพย์จัดการกองทุน เอ็มเอฟซี จำกัด (มหาชน)
SMARTA,2026-10-07,10.3269,10.327,10.3269,47730334.04,M0204_2542,บริษัทหลักทรัพย์จัดการกองทุน เอ็มเอฟซี จำกัด (มหาชน)
SMARTMF,2026-10-07,9.9892,9.9893,9.9892,632402830.94,M0204_2542,บริษัทหลักทรัพย์จัดการกองทุน เอ็มเอฟซี จำกัด (มหาชน)
SMARTSSF,2026-10-07,10.9186,10.9187,10.9186,10433511.29,M0204_2542,บริษัทหลักทรัพย์จัดการกองทุน เอ็มเอฟซี จำกัด (มหาชน)
SMO5A1,2026-10-07,8.901,8.9011,8.901,33420161.01,M0583_2560,บริษัทหลักทรัพย์จัดการกองทุน เอ็มเอฟซี จำกัด (มหาชน)
SPOT33S10,2026-10-07,8.9065,8.9066,8.9065,41239720.19,M0115_2556,บริษัทหลักทรัพย์จัดการกองทุน เอ็มเอฟซี จำกัด (มหาชน)
SPOT33S11,2026-10-07,8.0269,8.027,8.0269,32449659.27,M0118_2556,บริษัทหลักทรัพย์จัดการกองทุน เอ็มเอฟซี จำกัด (มหาชน)
SPOT33S14,2026-10-07,7.0615,7.0616,7.0615,28879434.19,M0198_2556,บริษัทหลักทรัพย์จัดการกองทุน เอ็มเอฟซี จำกัด (มหาชน)
SPOT33S15,2026-10-07,8.7511,8.7512,8.7511,40747221.14,M0203_2556,บริษัทหลักทรัพย์จัดการกองทุน เอ็มเอฟซี จำกัด (มหาชน)
SPOT33S7,2026-10-07,7.8621,7.8622,7.8621,49634553.64,M0089_2556,บริษัทหลักทรัพย์จัดการกองทุน เอ็มเอฟซี จำกัด (มหาชน)
SPOT33S8,2026-10-07,8.0739,8.074,8.0739,54075347.85,M0090_2556,บริษัทหลักทรัพย์จัดการกองทุน เอ็มเอฟซี จำกัด (มหาชน)
SSB,2026-10-07,121.6167,121.6168,121.6167,19825933.74,M0001_2524,บริษัทหลักทรัพย์จัดการกองทุน เอ็มเอฟซี จำกัด (มหาชน)
STD,2026-10-07,4.0245,4.0447,4.0245,84886461.48,M0039_2536,บริษัทหลักทรัพย์จัดการกองทุน เอ็มเอฟซี จำกัด (มหาชน)
STD2,2026-10-07,4.4036,4.4257,4.4036,48994302.47,M0040_2536,บริษัทหลักทรัพย์จัดการกองทุน เอ็มเอฟซี จำกัด (มหาชน)
SVRMF,2026-10-07,14.1364,14.1365,14.1364,508107322.87,M0766_2547,บริษัทหลักทรัพย์จัดการกองทุน ยูโอบี (ประเทศไทย) จำกัด
SW-SW-A,2026-10-07,10.054,10.0541,10.0271,22533355.93,M0105_2566,บริษัทหลักทรัพย์จัดการกองทุน ซาวาคามิ (ประเทศไทย) จำกัด
SW-SW-SSF,2026-10-07,10.0542,10.0543,10.0273,881979.6,M0105_2566,บริษัทหลักทรัพย์จัดการกองทุน ซาวาคามิ (ประเทศไทย) จำกัด
SYRUS-M,2026-10-07,9.6983,9.8022,9.6724,29282452.03,M0050_2536,บริษัทหลักทรัพย์จัดการกองทุน วรรณ จำกัด
T-ThaiESG-A,2026-10-07,12.6664,12.6665,12.6664,261425588.86,M0793_2566,บริษัทหลักทรัพย์จัดการกองทุน ทิสโก้
T-ThaiESG-D,2026-10-07,12.2736,12.2737,12.2736,119546416.33,M0793_2566,บริษัทหลักทรัพย์จัดการกองทุน ทิสโก้
TAIRMF-A,2026-10-06,16.5554,16.5555,16.5554,74911387.35,M0549_2567,บริษัทหลักทรัพย์จัดการกองทุน ทิสโก้
TAPRMF,2026-10-06,15.5477,15.5478,15.5477,64723772.01,M0648_2552,บริษัทหลักทรัพย์จัดการกองทุน ทิสโก้
TAREIT,2026-10-05,9.2249,9.3403,9.2249,17687535.38,M0247_2562,บริษัทหลักทรัพย์จัดการกองทุน ทิสโก้
TASIA,2026-10-05,16.6924,16.9012,16.6924,630384017.98,M0930_2567,บริษัทหลักทรัพย์จัดการกองทุน ทิสโก้
TBF,2026-10-07,8.3437,8.4272,8.3437,286207656.68,M0032_2540,บริษัทหลักทรัพย์จัดการกองทุน ยูโอบี (ประเทศไทย) จำกัด
TBIOTECH,2026-10-05,26.4627,26.7936,26.4627,700507569.23,M0030_2563,บริษัทหลักทรัพย์จัดการกองทุน ทิสโก้
TBOND1Y,2026-10-07,12.5008,12.5009,12.5008,178481543.21,M0906_2554,บริษัทหลักทรัพย์จัดการกองทุน ทิสโก้
TBONDPVD,2026-10-07,10.938,10.9381,10.938,1788096823.04,M0449_2562,บริษัทหลักทรัพย์จัดการกองทุน ทิสโก้
TBRAND,2026-10-05,11.8095,11.9867,11.8095,480078217.22,M0533_2564,บริษัทหลักทรัพย์จัดการกองทุน ทิสโก้
TCHARMF-A,2026-10-07,7.7088,7.7089,7.7088,90513207.94,M0505_2563,บริษัทหลักทรัพย์จัดการกองทุน ทิสโก้
TCHCON,2026-10-06,3.1454,3.177,3.1454,912317792.29,M0568_2563,บริษัทหลักทรัพย์จัดการกองทุน ทิสโก้
TCHNEWENGY,2026-10-07,7.1552,7.2269,7.1552,66797349.08,M0080_2566,บริษัทหลักทรัพย์จัดการกองทุน ทิสโก้
TCHRMF,2026-10-07,6.8719,6.872,6.8719,119783531.19,M0004_2556,บริษัทหลักทรัพย์จัดการกองทุน ทิสโก้
TCHSTARP,2026-10-05,5.8731,5.9466,5.8731,74670543.66,M1151_2557,บริษัทหลักทรัพย์จัดการกองทุน ทิสโก้
TCHSTRATEGY,2026-10-07,8.8998,9.0111,8.8998,30670558.91,M0042_2565,บริษัทหลักทรัพย์จัดการกองทุน ทิสโก้
TCHT5M2,2026-10-07,6.0445,6.105,6.0445,35493693.74,M0624_2560,บริษัทหลักทรัพย์จัดการกองทุน ทิสโก้
TCHT5M4,2026-10-07,7.6497,7.7263,7.6497,94762100.53,M0514_2562,บริษัทหลักทรัพย์จัดการกองทุน ทิสโก้
TCHTECH-A,2026-10-06,6.2211,6.2834,6.2211,2244771428.15,M0033_2563,บริษัทหลักทรัพย์จัดการกองทุน ทิสโก้
TCHTECH-SSF,2026-10-06,6.2085,0.0,6.2085,55977249.81,M0033_2563,บริษัทหลักทรัพย์จัดการกองทุน ทิสโก้
TCHTECHRMF-A,2026-10-06,4.5873,4.5874,4.5873,112970228.23,M0552_2563,บริษัทหลักทรัพย์จัดการกองทุน ทิสโก้
TCIEZERO,2026-10-07,10.656,10.7094,10.656,56673414.91,M0554_2562,บริษัทหลักทรัพย์จัดการกองทุน ทิสโก้
TCIRMF,2026-10-06,6.3389,6.339,6.3389,91937342.18,M0512_2550,บริษัทหลักทรัพย์จัดการกองทุน ทิสโก้
TCLOUD,2026-10-06,10.7997,10.9078,10.7997,376870686.79,M0304_2563,บริษัทหลักทรัพย์จัดการกองทุน ทิสโก้
TCMF,2026-10-07,16.2455,16.2456,16.2455,23487093604.01,M0035_2543,บริษัทหลักทรัพย์จัดการกองทุน ยูโอบี (ประเทศไทย) จำกัด
TCMF-I,2026-10-07,16.4089,16.409,16.4089,12332718887.31,M0035_2543,บริษัทหลักทรัพย์จัดการกองทุน ยูโอบี (ประเทศไทย) จำกัด
TCMFENJOY,2026-10-07,12.5561,12.5562,12.5561,366235883.09,M0222_2555,บริษัทหลักทรัพย์จัดการกองทุน ยูโอบี (ประเทศไทย) จำกัด
TCMFPVD,2026-10-07,10.7484,10.7485,10.7484,2103058320.27,M0465_2562,บริษัทหลักทรัพย์จัดการกองทุน ยูโอบี (ประเทศไทย) จำกัด
TCYBER,2026-10-05,13.3637,13.5308,13.3637,61303333.67,M0484_2564,บริษัทหลักทรัพย์จัดการกองทุน ทิสโก้
TDEFENSE,2026-10-06,8.9126,9.0018,8.9126,32556515.02,M0189_2569,บริษัทหลักทรัพย์จัดการกองทุน ทิสโก้
TDEQFOCUS-A,2026-10-07,20.1548,0.0,20.1548,170405712.4,M0226_2550,บริษัทหลักทรัพย์จัดการกองทุน ทิสโก้
TDEQFOCUS-N,2026-10-07,19.9864,20.1864,19.9864,667796.25,M0226_2550,บริษัทหลักทรัพย์จัดการกองทุน ทิสโก้
TDEX,2026-10-07,10.4852,0.0,0.0,4015852046.85,M0259_2550,บริษัทหลักทรัพย์จัดการกองทุน วรรณ จำกัด
TDF,2026-10-07,4.2685,4.3326,4.2685,46077753.8,M0048_2536,บริษัทหลักทรัพย์จัดการกองทุน ยูโอบี (ประเทศไทย) จำกัด
TDSFOCUS-A,2026-10-07,14.992,0.0,14.992,69634813.89,M0448_2559,บริษัทหลักทรัพย์จัดการกองทุน ทิสโก้
TDSFOCUS-B,2026-10-07,15.9109,0.0,15.9109,904321.16,M0448_2559,บริษัทหลักทรัพย์จัดการกองทุน ทิสโก้
TDSFOCUS-N,2026-10-07,16.2159,16.3782,16.2159,3165538.68,M0448_2559,บริษัทหลักทรัพย์จัดการกองทุน ทิสโก้
TDSThaiESG-A,2026-10-07,14.7274,14.7275,14.7274,585139484.38,M0793_2567,บริษัทหลักทรัพย์จัดการกองทุน ทิสโก้
TDSThaiESG-D,2026-10-07,14.3821,14.3822,14.3821,128671453.73,M0793_2567,บริษัทหลักทรัพย์จัดการกองทุน ทิสโก้
TEF,2026-10-07,78.6134,79.3996,78.6134,1812532473.45,M0035_2542,บริษัทหลักทรัพย์จัดการกองทุน ยูโอบี (ประเทศไทย) จำกัด
TEF-DIV,2026-10-07,7.4491,7.5237,7.4491,142823670.6,M0028_2547,บริษัทหลักทรัพย์จัดการกองทุน ยูโอบี (ประเทศไทย) จำกัด
TEG-SSF,2026-10-07,13.3064,0.0,13.3064,69073654.4,M0132_2563,บริษัทหลักทรัพย์จัดการกองทุน ทิสโก้
TEG-SSFX,2026-10-07,13.3061,0.0,13.3061,105456203.59,M0132_2563,บริษัทหลักทรัพย์จัดการกองทุน ทิสโก้
TEGRMF-A,2026-10-07,74.9665,74.9666,74.9665,426836592.95,M0096_2545,บริษัทหลักทรัพย์จัดการกองทุน ทิสโก้
TEGRMF-B,2026-10-07,80.037,80.0371,80.037,77418998.06,M0096_2545,บริษัทหลักทรัพย์จัดการกองทุน ทิสโก้
TEMxCH,2026-10-06,17.1646,17.3793,17.1646,1422101014.58,M0248_2567,บริษัทหลักทรัพย์จัดการกองทุน ทิสโก้
TEQFOCUS-A,2026-10-07,40.0675,0.0,40.0675,877707704.54,M0703_2547,บริษัทหลักทรัพย์จัดการกองทุน ทิสโก้
TEQFOCUS-B,2026-10-07,42.7774,0.0,42.7774,13086679.21,M0703_2547,บริษัทหลักทรัพย์จัดการกองทุน ทิสโก้
TEQFOCUS-N,2026-10-07,40.2116,40.6138,40.2116,111008.78,M0703_2547,บริษัทหลักทรัพย์จัดการกองทุน ทิสโก้
TEURMF-A,2026-10-06,19.841,19.8411,19.841,23519367.02,M0468_2558,บริษัทหลักทรัพย์จัดการกองทุน ทิสโก้
TFIF,2026-10-07,14.6272,14.6273,14.6272,587351881.89,M0034_2543,บริษัทหลักทรัพย์จัดการกองทุน ยูโอบี (ประเทศไทย) จำกัด
TFIFPVD,2026-10-07,10.1977,10.1978,10.1977,1495563279.61,M0483_2562,บริษัทหลักทรัพย์จัดการกองทุน ยูโอบี (ประเทศไทย) จำกัด
TFINTECH,2026-10-05,6.0277,6.1031,6.0277,111195399.97,M0332_2564,บริษัทหลักทรัพย์จัดการกองทุน ทิสโก้
TFIRMF-A,2026-10-07,16.2719,16.272,16.2719,390727136.63,M0095_2545,บริษัทหลักทรัพย์จัดการกองทุน ทิสโก้
TFIRMF-B,2026-10-07,16.5662,16.5663,16.5662,39165301.59,M0095_2545,บริษัทหลักทรัพย์จัดการกองทุน ทิสโก้
TFIXPVD,2026-10-07,11.129,11.1291,11.129,6853658599.92,M0446_2562,บริษัทหลักทรัพย์จัดการกองทุน ทิสโก้
TFPRMF-A,2026-10-07,66.5511,66.5512,66.5511,810422807.87,M0074_2545,บริษัทหลักทรัพย์จัดการกองทุน ทิสโก้
TGBOND-A,2026-10-05,9.9203,9.9948,9.9203,132438749.74,M0703_2566,บริษัทหลักทรัพย์จัดการกองทุน ทิสโก้
TGBOND-R,2026-10-05,9.916,9.9905,9.916,1748496.53,M0703_2566,บริษัทหลักทรัพย์จัดการกองทุน ทิสโก้
TGENOME,2026-10-06,3.9651,4.0148,3.9651,1469422329.6,M0463_2563,บริษัทหลักทรัพย์จัดการกองทุน ทิสโก้
TGHDIGI,2026-10-05,9.8782,10.0018,9.8782,750841108.79,M0010_2562,บริษัทหลักทรัพย์จัดการกองทุน ทิสโก้
TGHIDIV,2026-10-05,12.678,12.8366,12.678,486043063.33,M0488_2565,บริษัทหลักทรัพย์จัดการกองทุน ทิสโก้
TGHRMF-A,2026-10-06,14.949,14.9491,14.949,124324267.06,M0445_2558,บริษัทหลักทรัพย์จัดการกองทุน ทิสโก้
TGHRMF-B,2026-10-06,15.0436,15.0437,15.0436,2196646.77,M0445_2558,บริษัทหลักทรัพย์จัดการกองทุน ทิสโก้
TGHSTARP,2026-10-05,12.3395,12.4938,12.3395,143804323.77,M0090_2558,บริษัทหลักทรัพย์จัดการกองทุน ทิสโก้
TGINC-A,2026-10-05,13.0835,13.2144,13.0835,745856395.75,M0025_2561,บริษัทหลักทรัพย์จัดการกองทุน ทิสโก้
TGINC-R,2026-10-05,13.0679,13.1987,13.0679,370821217.86,M0025_2561,บริษัทหลักทรัพย์จัดการกองทุน ทิสโก้
TGOLD,2026-10-07,25.7721,25.9011,25.7721,2068591921.76,M0128_2552,บริษัทหลักทรัพย์จัดการกองทุน ทิสโก้
TGOLD-UH,2026-10-07,8.6618,8.7052,8.6618,41491191.03,M1149_2568,บริษัทหลักทรัพย์จัดการกองทุน ทิสโก้
TGOLD5M2,2026-10-06,8.7318,8.8192,8.7318,97085710.44,M1072_2568,บริษัทหลักทรัพย์จัดการกองทุน ทิสโก้
TGOLDRMF-A,2026-10-07,16.54,16.5401,16.54,220846324.22,M0819_2554,บริษัทหลักทรัพย์จัดการกองทุน ทิสโก้
TGQUALITY-A,2026-10-06,12.748,12.8756,12.748,1053545055.86,M0759_2566,บริษัทหลักทรัพย์จัดการกองทุน ทิสโก้
TGQUALITY-SSF,2026-10-06,12.7372,0.0,12.7372,13105561.11,M0759_2566,บริษัทหลักทรัพย์จัดการกองทุน ทิสโก้
TGQUALITY-UH,2026-10-06,12.1819,12.3038,12.1819,164712841.19,M0604_2567,บริษัทหลักทรัพย์จัดการกองทุน ทิสโก้
TGQUALITYRMF-A,2026-10-06,12.271,12.2711,12.271,59783205.08,M0152_2567,บริษัทหลักทรัพย์จัดการกองทุน ทิสโก้
TGQUALITYRMF-B,2026-10-06,12.363,12.3631,12.363,6223884.07,M0152_2567,บริษัทหลักทรัพย์จัดการกองทุน ทิสโก้
TGREIT,2026-10-05,7.7913,7.8888,7.7913,61512101.42,M0503_2562,บริษัทหลักทรัพย์จัดการกองทุน ทิสโก้
TGSMART-A,2026-10-06,11.1486,11.2602,11.1486,6624702700.5,M0660_2568,บริษัทหลักทรัพย์จัดการกองทุน ทิสโก้
TGSMART-D,2026-10-06,10.8379,10.9464,10.8379,1244949640.71,M0660_2568,บริษัทหลักทรัพย์จัดการกองทุน ทิสโก้
TGSMARTRMF-A,2026-10-06,11.0977,11.0978,11.0977,213037832.97,M0714_2568,บริษัทหลักทรัพย์จัดการกองทุน ทิสโก้
TGSMARTRMF-B,2026-10-06,11.1327,11.1328,11.1327,5366173.5,M0714_2568,บริษัทหลักทรัพย์จัดการกองทุน ทิสโก้
THANA1,2026-10-07,8.2191,8.3071,8.2191,77039861.06,M0021_2536,บริษัทหลักทรัพย์จัดการกองทุน วรรณ จำกัด
THDRMF-A,2026-10-07,27.3291,27.3292,27.3291,616685672.26,M0796_2555,บริษัทหลักทรัพย์จัดการกองทุน ทิสโก้
TINC-A,2026-10-07,12.7615,12.8254,12.7615,297039425.73,M0095_2559,บริษัทหลักทรัพย์จัดการกองทุน ทิสโก้
TINC-R,2026-10-07,12.6639,0.0,0.0,212548237.74,M0095_2559,บริษัทหลักทรัพย์จัดการกองทุน ทิสโก้
TINC-SSF,2026-10-07,12.7443,0.0,12.7443,30454538.75,M0095_2559,บริษัทหลักทรัพย์จัดการกองทุน ทิสโก้
TINRMF-A,2026-10-07,11.218,11.2181,11.218,109694719.56,M0237_2561,บริษัทหลักทรัพย์จัดการกองทุน ทิสโก้
TINRMF-B,2026-10-07,11.299,11.2991,11.299,552775.69,M0237_2561,บริษัทหลักทรัพย์จัดการกองทุน ทิสโก้
TISCOAGF,2026-10-07,100.6571,101.6638,100.6571,95029097.47,M0006_2543,บริษัทหลักทรัพย์จัดการกองทุน ทิสโก้
TISCOAI,2026-10-06,16.8496,17.0182,16.8496,347861937.69,M0052_2567,บริษัทหลักทรัพย์จัดการกองทุน ทิสโก้
TISCOAP,2026-10-06,20.8048,21.0129,20.8048,55116480.54,M0190_2552,บริษัทหลักทรัพย์จัดการกองทุน ทิสโก้
TISCOBIG,2026-10-07,12.5877,12.7137,12.5877,79921823.98,M0203_2560,บริษัทหลักทรัพย์จัดการกองทุน ทิสโก้
TISCOC19,2026-10-07,5.6348,5.6912,5.6348,63945637.18,M0152_2558,บริษัทหลักทรัพย์จัดการกองทุน ทิสโก้
TISCOC20,2026-10-07,5.5056,5.5608,5.5056,52281322.53,M0291_2558,บริษัทหลักทรัพย์จัดการกองทุน ทิสโก้
TISCOC21,2026-10-07,5.6956,5.7527,5.6956,30592314.6,M0324_2558,บริษัทหลักทรัพย์จัดการกองทุน ทิสโก้
TISCOCH,2026-10-07,6.6202,6.6865,6.6202,943157749.75,M0737_2553,บริษัทหลักทรัพย์จัดการกองทุน ทิสโก้
TISCOCHA-A,2026-10-07,10.1293,10.2307,10.1293,438524498.5,M0258_2562,บริษัทหลักทรัพย์จัดการกองทุน ทิสโก้
TISCOCHA-SSF,2026-10-07,10.1248,0.0,10.1248,62780190.64,M0258_2562,บริษัทหลักทรัพย์จัดการกองทุน ทิสโก้
TISCOCID,2026-10-06,3.3148,3.3563,3.3148,72032055.63,M0889_2550,บริษัทหลักทรัพย์จัดการกองทุน ทิสโก้
TISCODS-A,2026-10-07,10.715,10.8223,10.715,6260583.24,M0499_2559,บริษัทหลักทรัพย์จัดการกองทุน ทิสโก้
TISCODS-D,2026-10-07,10.7146,10.8218,10.7146,81309167.37,M0499_2559,บริษัทหลักทรัพย์จัดการกองทุน ทิสโก้
TISCOEDF,2026-10-07,1.4244,1.4387,1.4244,82888663.31,M0035_2537,บริษัทหลักทรัพย์จัดการกองทุน ทิสโก้
TISCOEGF,2026-10-07,51.2765,51.7894,51.2765,363662606.22,M0005_2535,บริษัทหลักทรัพย์จัดการกองทุน ทิสโก้
TISCOEQF,2026-10-07,1.9992,2.0193,1.9992,56125233.65,M0004_2535,บริษัทหลักทรัพย์จัดการกองทุน ทิสโก้
TISCOEU-A,2026-10-06,22.1776,22.3995,22.1776,252973904.26,M0901_2556,บริษัทหลักทรัพย์จัดการกองทุน ทิสโก้
TISCOEU-SSF,2026-10-06,22.1647,0.0,22.1647,11519025.56,M0901_2556,บริษัทหลักทรัพย์จัดการกองทุน ทิสโก้
TISCOFIX-A,2026-10-07,11.4715,11.4716,11.4715,1272628957.94,M0390_2559,บริษัทหลักทรัพย์จัดการกองทุน ทิสโก้
TISCOFIX-SSF,2026-10-07,11.4719,0.0,11.4719,38150896.33,M0390_2559,บริษัทหลักทรัพย์จัดการกองทุน ทิสโก้
TISCOFLEX,2026-10-07,41.1035,41.5146,41.1035,35679866.48,M0200_2542,บริษัทหลักทรัพย์จัดการกองทุน ทิสโก้
TISCOFLEXP,2026-10-07,48.8767,49.3656,48.8767,216211900.26,M0005_2539,บริษัทหลักทรัพย์จัดการกองทุน ทิสโก้
TISCOGC,2026-10-06,13.142,13.2735,13.142,18098434.8,M0536_2559,บริษัทหลักทรัพย์จัดการกองทุน ทิสโก้
TISCOGEM,2026-10-06,13.1974,13.3295,13.1974,30549181.14,M0091_2560,บริษัทหลักทรัพย์จัดการกองทุน ทิสโก้
TISCOGIF-R,2026-10-05,12.0844,12.2356,12.0844,101148748.87,M0376_2560,บริษัทหลักทรัพย์จัดการกองทุน ทิสโก้
TISCOHD-A,2026-10-07,30.8307,31.1391,30.8307,2376187890.32,M0081_2555,บริษัทหลักทรัพย์จัดการกองทุน ทิสโก้
TISCOHD-D,2026-10-07,30.8307,31.1391,30.8307,20566175.77,M0081_2555,บริษัทหลักทรัพย์จัดการกองทุน ทิสโก้
TISCOHD-SSF,2026-10-07,30.8167,0.0,30.8167,30818716.08,M0081_2555,บริษัทหลักทรัพย์จัดการกองทุน ทิสโก้
TISCOIN,2026-10-06,16.7374,16.9049,16.7374,125701049.86,M0698_2558,บริษัทหลักทรัพย์จัดการกองทุน ทิสโก้
TISCOINA-A,2026-10-05,14.9774,15.1647,14.9774,349448721.91,M0010_2561,บริษัทหลักทรัพย์จัดการกองทุน ทิสโก้
TISCOJP,2026-10-07,46.43,46.8944,46.43,994262218.68,M0367_2556,บริษัทหลักทรัพย์จัดการกองทุน ทิสโก้
TISCOMS-A,2026-10-07,14.73,14.8774,14.73,352263629.47,M0219_2556,บริษัทหลักทรัพย์จัดการกองทุน ทิสโก้
TISCOMS-SSF,2026-10-07,14.724,0.0,14.724,27427517.01,M0219_2556,บริษัทหลักทรัพย์จัดการกองทุน ทิสโก้
TISCONA,2026-10-07,21.6423,21.9129,21.6423,84376545.43,M0952_2556,บริษัทหลักทรัพย์จัดการกองทุน ทิสโก้
TISCOOIL,2026-10-06,8.0005,8.0806,8.0005,26773781.91,M0043_2552,บริษัทหลักทรัพย์จัดการกองทุน ทิสโก้
TISCOSTF,2026-10-07,13.6727,13.6728,13.6727,3760357769.96,M0447_2547,บริษัทหลักทรัพย์จัดการกองทุน ทิสโก้
TISCOUS-A,2026-10-06,60.4976,61.1027,60.4976,1221473130.89,M0309_2552,บริษัทหลักทรัพย์จัดการกองทุน ทิสโก้
TISCOUS-SSF,2026-10-06,60.5143,0.0,60.5143,33984727.07,M0309_2552,บริษัทหลักทรัพย์จัดการกองทุน ทิสโก้
TISCOWB-A,2026-10-07,8.2896,8.3726,8.2896,101221273.92,M0196_2562,บริษัทหลักทรัพย์จัดการกองทุน ทิสโก้
TISCOWB-SSF,2026-10-07,8.2861,0.0,8.2861,37469245.19,M0196_2562,บริษัทหลักทรัพย์จัดการกองทุน ทิสโก้
TISESG-NONTAX-A,2026-10-07,15.5897,15.7457,15.5897,3991984.87,M0489_2558,บริษัทหลักทรัพย์จัดการกองทุน ทิสโก้
TISESG-NONTAX-D,2026-10-07,11.5519,11.6675,11.5519,57941569.81,M0489_2558,บริษัทหลักทรัพย์จัดการกองทุน ทิสโก้
TISTECH-A,2026-10-05,29.7422,30.1141,29.7422,517678050.16,M0377_2560,บริษัทหลักทรัพย์จัดการกองทุน ทิสโก้
TJPRMF-A,2026-10-07,40.4538,40.4539,40.4538,113662553.8,M0690_2556,บริษัทหลักทรัพย์จัดการกองทุน ทิสโก้
TJPT5M3,2026-10-07,10.1446,0.0,0.0,89147047.47,M0122_2569,บริษัทหลักทรัพย์จัดการกองทุน ทิสโก้
TJREIT,2026-10-07,11.4442,11.5587,11.4442,39929703.91,M1183_2557,บริษัทหลักทรัพย์จัดการกองทุน ทิสโก้
TLA-GEQ,2026-10-06,13.2906,13.4236,13.2906,3310470776.25,M0563_2568,บริษัทหลักทรัพย์จัดการกองทุน ทาลิส จำกัด
TLA-GFIX,2026-10-06,10.2344,10.2857,10.2344,1337760741.68,M0070_2569,บริษัทหลักทรัพย์จัดการกองทุน ทาลิส จำกัด
TLAWSRMF,2026-10-06,13.0683,13.0684,13.0683,387448933.16,M0948_2568,บริษัทหลักทรัพย์จัดการกองทุน ทาลิส จำกัด
TLCHINAROBOT,2026-09-30,8.0458,8.1264,8.0458,57110796.02,M0641_2569,บริษัทหลักทรัพย์จัดการกองทุน ทาลิส จำกัด
TLCHINASTAR50-X,2026-09-30,9.5551,9.6119,9.5551,13668178.06,M0886_2569,บริษัทหลักทรัพย์จัดการกองทุน ทาลิส จำกัด
TLCNTECH100-X,2026-10-06,9.0769,9.1309,9.0769,30356558.37,M0752_2569,บริษัทหลักทรัพย์จัดการกองทุน ทาลิส จำกัด
TLCOREWEALTH-H-X,2026-10-06,10.0276,10.0377,9.9975,171160785.22,M0726_2569,บริษัทหลักทรัพย์จัดการกองทุน ทาลิส จำกัด
TLCOREWEALTH-UH-X,2026-10-06,10.0415,10.0516,10.0114,259206241.01,M0728_2569,บริษัทหลักทรัพย์จัดการกองทุน ทาลิส จำกัด
TLCOREWEALTHRMF,2026-10-06,10.009,10.0091,10.009,8455512.05,M0729_2569,บริษัทหลักทรัพย์จัดการกองทุน ทาลิส จำกัด
TLDEFENSE,2026-10-06,8.8017,8.9118,8.8017,124067550.03,M0074_2569,บริษัทหลักทรัพย์จัดการกองทุน ทาลิส จำกัด
TLDEFENSERMF,2026-10-06,8.7228,8.7229,8.7228,7534280.52,M0093_2569,บริษัทหลักทรัพย์จัดการกองทุน ทาลิส จำกัด
TLDIVEQ-D,2026-10-07,10.775,10.8829,10.775,11560565.92,M0071_2561,บริษัทหลักทรัพย์จัดการกองทุน ทาลิส จำกัด
TLDIVFOCUS,2026-10-07,11.0388,11.0389,11.0388,13971590.67,M0614_2560,บริษัทหลักทรัพย์จัดการกองทุน ทาลิส จำกัด
TLDIVRMF,2026-10-07,11.6605,11.6606,11.6605,21914701.82,M0616_2560,บริษัทหลักทรัพย์จัดการกองทุน ทาลิส จำกัด
TLDRAM,2026-10-06,10.4758,10.5807,10.4758,19282801.02,M0792_2569,บริษัทหลักทรัพย์จัดการกองทุน ทาลิส จำกัด
TLEQ-SELECT,2026-10-07,8.5851,8.5852,8.5851,48643864.95,M0585_2559,บริษัทหลักทรัพย์จัดการกองทุน ทาลิส จำกัด
TLEQ-THAICG,2026-10-07,9.003,9.0931,9.003,11207886.77,M0485_2560,บริษัทหลักทรัพย์จัดการกองทุน ทาลิส จำกัด
TLEQRMF,2026-10-07,8.5944,8.5945,8.5944,17865957.22,M0598_2559,บริษัทหลักทรัพย์จัดการกองทุน ทาลิส จำกัด
TLFLEX,2026-10-07,8.0896,8.1706,8.0896,43318606.41,M0532_2559,บริษัทหลักทรัพย์จัดการกองทุน ทาลิส จำกัด
TLFLEXRMF,2026-10-07,7.7904,7.7905,7.7904,43077126.69,M0596_2559,บริษัทหลักทรัพย์จัดการกองทุน ทาลิส จำกัด
TLFVMR-ASIAX,2026-10-06,15.8747,16.0335,15.8747,3936479626.27,M0096_2567,บริษัทหลักทรัพย์จัดการกองทุน ทาลิส จำกัด
TLGOLDPLUS,2026-10-06,9.9727,10.0725,9.9727,28572666.36,M0018_2569,บริษัทหลักทรัพย์จัดการกองทุน ทาลิส จำกัด
TLGSELECT,2026-10-06,10.6136,10.7464,10.6136,225155194.76,M0976_2567,บริษัทหลักทรัพย์จัดการกองทุน ทาลิส จำกัด
TLMMF-A,2026-10-07,11.094,11.0941,11.094,1066330004.9,M0669_2559,บริษัทหลักทรัพย์จัดการกองทุน ทาลิส จำกัด
TLMMF-SSF,2026-10-07,11.077,11.0771,11.077,24106640.2,M0669_2559,บริษัทหลักทรัพย์จัดการกองทุน ทาลิส จำกัด
TLMMRMF,2026-10-07,10.9485,10.9486,10.9485,107820124.65,M0628_2559,บริษัทหลักทรัพย์จัดการกองทุน ทาลิส จำกัด
TLMSEQ-A,2026-10-07,11.9442,12.0637,11.9442,47726942.74,M0683_2559,บริษัทหลักทรัพย์จัดการกองทุน ทาลิส จำกัด
TLMSEQ-SSF,2026-10-07,11.932,11.9321,11.932,2714180.38,M0683_2559,บริษัทหลักทรัพย์จัดการกองทุน ทาลิส จำกัด
TLMSEQRMF,2026-10-07,6.5215,6.5216,6.5215,15333044.39,M0457_2564,บริษัทหลักทรัพย์จัดการกองทุน ทาลิส จำกัด
TLNDQINCOME-H-X,2026-10-06,11.2177,11.2537,11.2177,51180082.84,M0271_2569,บริษัทหลักทรัพย์จัดการกองทุน ทาลิส จำกัด
TLNDQINCOME-UH-X,2026-10-06,11.8719,11.91,11.8719,361666242.81,M0231_2569,บริษัทหลักทรัพย์จัดการกองทุน ทาลิส จำกัด
TLQUANT-GROW-A,2026-10-06,10.1771,10.3299,10.1771,76969879.58,M0292_2569,บริษัทหลักทรัพย์จัดการกองทุน ทาลิส จำกัด
TLSEMICON-H,2026-10-06,24.5849,24.7079,24.5849,244998321.64,M0569_2568,บริษัทหลักทรัพย์จัดการกองทุน ทาลิส จำกัด
TLSEMICON-UH,2026-10-06,26.6253,26.7585,26.6253,327843069.75,M0396_2568,บริษัทหลักทรัพย์จัดการกองทุน ทาลิส จำกัด
TLSPACE-X,2026-10-06,8.4716,8.5388,8.4716,56137300.31,M0610_2569,บริษัทหลักทรัพย์จัดการกองทุน ทาลิส จำกัด
TLTECH-H,2026-10-06,17.4466,17.4467,17.4466,15535814580.91,M0358_2568,บริษัทหลักทรัพย์จัดการกองทุน ทาลิส จำกัด
TLTECH-UH,2026-10-06,18.3075,18.3076,18.3075,3327979507.24,M0242_2568,บริษัทหลักทรัพย์จัดการกองทุน ทาลิส จำกัด
TLUS500-H,2026-10-06,13.6544,13.7228,13.6544,165823349.88,M0209_2568,บริษัทหลักทรัพย์จัดการกองทุน ทาลิส จำกัด
TLUS500-UH-A,2026-10-06,14.2688,14.3402,14.2688,267423546.82,M0140_2568,บริษัทหลักทรัพย์จัดการกองทุน ทาลิส จำกัด
TLUS500-UH-X,2026-10-06,14.2812,14.2956,14.2384,771785614.19,M0140_2568,บริษัทหลักทรัพย์จัดการกองทุน ทาลิส จำกัด
TLUS500RMF,2026-10-06,12.0014,12.0015,12.0014,83671768.64,M1027_2568,บริษัทหลักทรัพย์จัดการกองทุน ทาลิส จำกัด
TLUSGOV,2026-10-06,10.2161,10.2162,10.2161,702745605.22,M0853_2569,บริษัทหลักทรัพย์จัดการกองทุน ทาลิส จำกัด
TLUSGOVRMF,2026-10-06,10.2068,10.2069,10.2068,14960852.89,M0880_2569,บริษัทหลักทรัพย์จัดการกองทุน ทาลิส จำกัด
TLUSHD-H,2026-10-06,10.3628,10.4665,10.3628,102376028.23,M0478_2569,บริษัทหลักทรัพย์จัดการกองทุน ทาลิส จำกัด
TLUSHD-UH,2026-10-06,10.7453,10.8529,10.7453,239011301.04,M0474_2569,บริษัทหลักทรัพย์จัดการกองทุน ทาลิส จำกัด
TLUSHDRMF,2026-10-06,10.7322,10.7323,10.7322,49507986.21,M0411_2569,บริษัทหลักทรัพย์จัดการกองทุน ทาลิส จำกัด
TLUSHG-H-X,2026-10-06,10.5094,10.5927,10.5094,32302369.16,M0553_2569,บริษัทหลักทรัพย์จัดการกองทุน ทาลิส จำกัด
TLUSHG-UH-X,2026-10-06,10.9386,11.0253,10.9386,155703432.78,M0552_2569,บริษัทหลักทรัพย์จัดการกองทุน ทาลิส จำกัด
TLUSHGRMF,2026-10-06,10.9211,10.9212,10.9211,42319231.64,M0530_2569,บริษัทหลักทรัพย์จัดการกองทุน ทาลิส จำกัด
TLUSNDQ-H-A,2026-10-06,16.2632,16.2633,16.2632,2059060410.63,M0344_2564,บริษัทหลักทรัพย์จัดการกองทุน ทาลิส จำกัด
TLUSNDQ-H-SSF,2026-10-06,16.2874,16.2875,16.2874,35787084.02,M0344_2564,บริษัทหลักทรัพย์จัดการกองทุน ทาลิส จำกัด
TLUSNDQ-UH-A,2026-10-06,13.8405,13.8406,13.8405,397911966.48,M0055_2568,บริษัทหลักทรัพย์จัดการกองทุน ทาลิส จำกัด
TLUSNDQ-UH-X,2026-10-06,13.8486,13.8625,13.8071,268740278.56,M0055_2568,บริษัทหลักทรัพย์จัดการกองทุน ทาลิส จำกัด
TLUSNDQRMF,2026-10-06,12.6884,12.6885,12.6884,68507190.44,M1087_2568,บริษัทหลักทรัพย์จัดการกองทุน ทาลิส จำกัด
TLWORLD-X,2026-10-06,11.7943,11.8062,11.7589,1428356655.79,M0051_2569,บริษัทหลักทรัพย์จัดการกองทุน ทาลิส จำกัด
TLWORLDHD,2026-10-06,10.0188,10.1154,10.0188,154520486.15,M0948_2569,บริษัทหลักทรัพย์จัดการกองทุน ทาลิส จำกัด
TLWORLDHDRMF,2026-10-06,10.017,10.0171,10.017,9508049.2,M0950_2569,บริษัทหลักทรัพย์จัดการกองทุน ทาลิส จำกัด
TLWORLDRMF,2026-10-06,11.7263,11.7264,11.7263,136966329.5,M0153_2569,บริษัทหลักทรัพย์จัดการกองทุน ทาลิส จำกัด
TLWORLDXUS-X,2026-10-06,10.0728,10.1327,10.0728,87046276.54,M0689_2569,บริษัทหลักทรัพย์จัดการกองทุน ทาลิส จำกัด
TLWORLDXUSRMF,2026-10-06,10.0457,10.0458,10.0457,11323413.0,M0700_2569,บริษัทหลักทรัพย์จัดการกองทุน ทาลิส จำกัด
TMSFOCUS-A,2026-10-07,11.5438,0.0,11.5438,83826247.8,M0420_2559,บริษัทหลักทรัพย์จัดการกองทุน ทิสโก้
TMSFOCUS-B,2026-10-07,12.254,0.0,12.254,1716994.92,M0420_2559,บริษัทหลักทรัพย์จัดการกองทุน ทิสโก้
TMSFOCUS-N,2026-10-07,11.5596,11.6753,11.5596,421024.26,M0420_2559,บริษัทหลักทรัพย์จัดการกองทุน ทิสโก้
TMSRMF-A,2026-10-07,11.4468,11.4469,11.4468,133435341.91,M0561_2557,บริษัทหลักทรัพย์จัดการกองทุน ทิสโก้
TMSRMF-B,2026-10-07,12.189,12.1891,12.189,18868045.41,M0561_2557,บริษัทหลักทรัพย์จัดการกองทุน ทิสโก้
TNASDAQ-A,2026-10-06,19.4853,19.6803,19.4853,879878318.61,M0135_2566,บริษัทหลักทรัพย์จัดการกองทุน ทิสโก้
TNASDAQ-SSF,2026-10-06,19.368,0.0,19.368,40468971.64,M0135_2566,บริษัทหลักทรัพย์จัดการกองทุน ทิสโก้
TNASDAQRMF-A,2026-10-06,17.8906,17.8907,17.8906,92311200.2,M0439_2566,บริษัทหลักทรัพย์จัดการกองทุน ทิสโก้
TNASDAQRMF-B,2026-10-06,18.0001,18.0002,18.0001,10632023.14,M0439_2566,บริษัทหลักทรัพย์จัดการกองทุน ทิสโก้
TNEWENGY,2026-10-06,2.6056,2.6318,2.6056,92943651.16,M0049_2564,บริษัทหลักทรัพย์จัดการกองทุน ทิสโก้
TNEXTGEN-A,2026-10-06,11.2388,11.3794,11.2388,1635106254.19,M0403_2563,บริษัทหลักทรัพย์จัดการกองทุน ทิสโก้
TNEXTGEN-SSF,2026-10-06,11.2682,0.0,11.2682,41009542.46,M0403_2563,บริษัทหลักทรัพย์จัดการกองทุน ทิสโก้
TNEXTGENRMF-A,2026-10-06,11.4958,11.4959,11.4958,75865215.4,M0459_2564,บริษัทหลักทรัพย์จัดการกองทุน ทิสโก้
TNP,2026-10-07,44.9451,45.1699,44.9451,137633679.94,M0001_2531,บริษัทหลักทรัพย์จัดการกองทุน เอ็มเอฟซี จำกัด (มหาชน)
TOF,2026-10-07,10.2813,10.2814,10.2813,638100408.49,M0004_2545,บริษัทหลักทรัพย์จัดการกองทุน กรุงไทย จำกัด (มหาชน)
TOP11JPN,2026-10-07,10.7981,10.9715,10.7981,279576665.47,M0412_2569,บริษัทหลักทรัพย์จัดการกองทุน ดาโอ จำกัด
TOP11USA,2026-10-06,10.7887,10.8967,10.7887,426881605.11,M0286_2569,บริษัทหลักทรัพย์จัดการกองทุน ดาโอ จำกัด
TOP11VNM,2026-10-06,10.6725,10.8439,10.6725,188674423.21,M1040_2568,บริษัทหลักทรัพย์จัดการกองทุน ดาโอ จำกัด
TRAREEARTH,2026-10-06,5.7626,5.8347,5.7626,259389300.39,M0546_2564,บริษัทหลักทรัพย์จัดการกองทุน ทิสโก้
TROBOTICS,2026-10-06,13.0523,13.2156,13.0523,49273250.21,M1112_2568,บริษัทหลักทรัพย์จัดการกองทุน ทิสโก้
TS,2026-10-07,1.6418,1.6501,1.6418,13620189.3,M0019_2537,บริษัทหลักทรัพย์จัดการกองทุน เอ็มเอฟซี จำกัด (มหาชน)
TSEMICON,2026-10-06,10.444,10.5485,10.444,120158772.92,M0666_2569,บริษัทหลักทรัพย์จัดการกองทุน ทิสโก้
TSF-A,2026-10-07,73.0913,73.8589,73.0913,1619469278.69,M0011_2547,บริษัทหลักทรัพย์จัดการกองทุน ทิสโก้
TSF-SSF,2026-10-07,73.0808,0.0,73.0808,168359135.51,M0011_2547,บริษัทหลักทรัพย์จัดการกองทุน ทิสโก้
TSFIRMF,2026-10-07,14.9716,14.9717,14.9716,470007593.69,M0059_2544,บริษัทหลักทรัพย์จัดการกองทุน ทิสโก้
TSFRMF-A,2026-10-07,8.4808,8.4809,8.4808,211281854.45,M0426_2564,บริษัทหลักทรัพย์จัดการกองทุน ทิสโก้
TSILVER,2026-10-06,9.4576,9.5523,9.4576,196853648.36,M0154_2569,บริษัทหลักทรัพย์จัดการกองทุน ทิสโก้
TSIThaiESG,2026-10-07,10.3088,10.3089,10.3088,293705238.1,M0559_2567,บริษัทหลักทรัพย์จัดการกองทุน ทิสโก้
TSTAR-UH,2026-10-05,25.5249,25.8441,25.5249,22602680.13,M0608_2558,บริษัทหลักทรัพย์จัดการกองทุน ทิสโก้
TSTARP,2026-10-05,21.6137,21.884,21.6137,1881550994.05,M0745_2555,บริษัทหลักทรัพย์จัดการกองทุน ทิสโก้
TTECHRMF-A,2026-10-06,26.2044,26.2045,26.2044,311622476.89,M0409_2563,บริษัทหลักทรัพย์จัดการกองทุน ทิสโก้
TTHREIT,2026-10-07,9.0072,9.0749,9.0072,343539794.85,M0012_2563,บริษัทหลักทรัพย์จัดการกองทุน ทิสโก้
TThai70ESGX-A,2026-10-07,12.4843,12.4844,12.4843,1834299.63,M0446_2568,บริษัทหลักทรัพย์จัดการกองทุน ทิสโก้
TThai70ESGX-L,2026-10-07,12.4838,0.0,12.4838,185801654.45,M0446_2568,บริษัทหลักทรัพย์จัดการกองทุน ทิสโก้
TThai70ESGX-S,2026-10-07,12.4838,0.0,12.4838,259249146.88,M0446_2568,บริษัทหลักทรัพย์จัดการกองทุน ทิสโก้
TThaiESGX-A,2026-10-07,13.8149,13.815,13.8149,521115.63,M0439_2568,บริษัทหลักทรัพย์จัดการกองทุน ทิสโก้
TThaiESGX-L,2026-10-07,13.8144,0.0,13.8144,105796301.18,M0439_2568,บริษัทหลักทรัพย์จัดการกองทุน ทิสโก้
TThaiESGX-S,2026-10-07,13.8143,0.0,13.8143,66144659.32,M0439_2568,บริษัทหลักทรัพย์จัดการกองทุน ทิสโก้
TUSBOND-A,2026-10-06,9.6193,9.6915,9.6193,193556401.96,M0716_2565,บริษัทหลักทรัพย์จัดการกองทุน ทิสโก้
TUSBOND-SSF,2026-10-06,9.6187,0.0,9.6187,15999060.6,M0716_2565,บริษัทหลักทรัพย์จัดการกองทุน ทิสโก้
TUSENGY,2026-10-06,13.4779,13.6128,13.4779,502943865.46,M1030_2567,บริษัทหลักทรัพย์จัดการกองทุน ทิสโก้
TUSEQ-UH,2026-10-06,38.6525,39.0391,38.6525,144584208.39,M0604_2558,บริษัทหลักทรัพย์จัดการกองทุน ทิสโก้
TUSFIN-A,2026-10-06,15.7222,15.8795,15.7222,535964328.93,M0597_2560,บริษัทหลักทรัพย์จัดการกองทุน ทิสโก้
TUSFIX,2026-10-06,11.2046,11.2607,11.2046,348224701.87,M0029_2559,บริษัทหลักทรัพย์จัดการกองทุน ทิสโก้
TUSHEALTH-A,2026-10-06,10.068,10.1688,10.068,406156744.52,M0740_2566,บริษัทหลักทรัพย์จัดการกองทุน ทิสโก้
TUSHEALTH-SSF,2026-10-06,10.0623,0.0,10.0623,4577016.21,M0740_2566,บริษัทหลักทรัพย์จัดการกองทุน ทิสโก้
TUSMS,2026-10-06,6.0917,6.1527,6.0917,44120211.54,M0159_2564,บริษัทหลักทรัพย์จัดการกองทุน ทิสโก้
TUSREIT,2026-10-06,14.6342,14.7806,14.6342,214685814.01,M0163_2556,บริษัทหลักทรัพย์จัดการกองทุน ทิสโก้
TUSRMF-A,2026-10-06,33.1053,33.1054,33.1053,230816724.42,M0696_2556,บริษัทหลักทรัพย์จัดการกองทุน ทิสโก้
TUSRMF-B,2026-10-06,33.3408,33.3409,33.3408,6439010.81,M0696_2556,บริษัทหลักทรัพย์จัดการกองทุน ทิสโก้
TUSTECH-A,2026-10-06,25.8515,26.1101,25.8515,581036131.98,M0444_2565,บริษัทหลักทรัพย์จัดการกองทุน ทิสโก้
TUSTECH-SSF,2026-10-06,25.7433,0.0,25.7433,30164656.88,M0444_2565,บริษัทหลักทรัพย์จัดการกองทุน ทิสโก้
TUSTREASURY,2026-10-06,8.6916,8.7352,8.6916,591853594.3,M0406_2565,บริษัทหลักทรัพย์จัดการกองทุน ทิสโก้
TUSUTIL,2026-10-06,8.9586,9.0483,8.9586,109013140.89,M0237_2568,บริษัทหลักทรัพย์จัดการกองทุน ทิสโก้
TVIETNAM,2026-10-05,10.3912,10.5212,10.3912,104907065.25,M0086_2565,บริษัทหลักทรัพย์จัดการกองทุน ทิสโก้
TVIETNAMRMF-A,2026-10-05,12.7094,12.7095,12.7094,106854603.01,M0577_2565,บริษัทหลักทรัพย์จัดการกองทุน ทิสโก้
TW-BAL,2026-10-07,33.5656,33.7335,33.5656,35899133.14,M0324_2546,บริษัทหลักทรัพย์จัดการกองทุน ทิสโก้
TW-E20,2026-10-07,15.6779,15.7564,15.6779,60426399.93,M0039_2553,บริษัทหลักทรัพย์จัดการกองทุน ทิสโก้
TWBRMF-A,2026-10-07,8.1452,8.1453,8.1452,10193826.23,M0438_2566,บริษัทหลักทรัพย์จัดการกองทุน ทิสโก้
TWORLD,2026-10-06,11.0422,11.1527,11.0422,8330281440.04,M0988_2568,บริษัทหลักทรัพย์จัดการกองทุน ทิสโก้
TWORLD-UH,2026-10-06,11.7218,11.8391,11.7218,426546453.33,M0991_2568,บริษัทหลักทรัพย์จัดการกองทุน ทิสโก้
U-WXUSFX,2026-10-06,10.4601,10.6171,10.4601,73282443.76,M0289_2569,บริษัทหลักทรัพย์จัดการกองทุน ยูโอบี (ประเทศไทย) จำกัด
UAI,2026-10-06,12.1632,12.3457,12.1632,17826160.75,M0212_2558,บริษัทหลักทรัพย์จัดการกองทุน ยูโอบี (ประเทศไทย) จำกัด
UAIPOWER-USD,2026-10-06,10.521,10.7315,10.521,18273704.99,M0833_2569,บริษัทหลักทรัพย์จัดการกองทุน ยูโอบี (ประเทศไทย) จำกัด
UBIG CAP-DIV-LD,2026-10-07,17.8874,17.8875,17.8874,325177122.92,M0860_2548,บริษัทหลักทรัพย์จัดการกองทุน ยูโอบี (ประเทศไทย) จำกัด
UBOT,2026-10-06,13.7962,14.0032,13.7962,34616944.83,M0064_2565,บริษัทหลักทรัพย์จัดการกองทุน ยูโอบี (ประเทศไทย) จำกัด
UCHI,2026-09-30,4.4861,4.5535,4.4861,915332934.81,M0628_2563,บริษัทหลักทรัพย์จัดการกองทุน ยูโอบี (ประเทศไทย) จำกัด
UCHINA,2026-09-30,6.8694,6.9725,6.8694,3113642133.39,M0533_2561,บริษัทหลักทรัพย์จัดการกองทุน ยูโอบี (ประเทศไทย) จำกัด
UCHINA-SSF,2026-09-30,6.8484,6.8485,6.8484,199384751.25,M0533_2561,บริษัทหลักทรัพย์จัดการกองทุน ยูโอบี (ประเทศไทย) จำกัด
UCHINARMF,2026-09-30,6.9208,6.9209,6.9208,628869844.73,M0280_2562,บริษัทหลักทรัพย์จัดการกองทุน ยูโอบี (ประเทศไทย) จำกัด
UCI,2026-09-30,7.5698,7.6834,7.5698,2812317329.59,M0457_2563,บริษัทหลักทรัพย์จัดการกองทุน ยูโอบี (ประเทศไทย) จำกัด
UCI-M-UCI-SSF,2026-09-30,7.5551,7.5552,7.5551,22148217.86,M0457_2563,บริษัทหลักทรัพย์จัดการกองทุน ยูโอบี (ประเทศไทย) จำกัด
UDAILY,2026-10-07,10.8788,10.8789,10.8788,150511726.76,M0095_2562,บริษัทหลักทรัพย์จัดการกองทุน ยูโอบี (ประเทศไทย) จำกัด
UDB-A,2026-10-06,10.0816,10.1825,10.0816,27053118.59,M0611_2560,บริษัทหลักทรัพย์จัดการกองทุน ยูโอบี (ประเทศไทย) จำกัด
UDB-N,2026-10-06,10.082,10.1829,10.082,63463148.4,M0611_2560,บริษัทหลักทรัพย์จัดการกองทุน ยูโอบี (ประเทศไทย) จำกัด
UDB-SSF,2026-10-06,10.0849,10.085,10.0849,3395709.73,M0611_2560,บริษัทหลักทรัพย์จัดการกองทุน ยูโอบี (ประเทศไทย) จำกัด
UEMIF-A,2026-10-06,13.4443,13.6461,13.4443,34582690.8,M0227_2560,บริษัทหลักทรัพย์จัดการกองทุน ยูโอบี (ประเทศไทย) จำกัด
UEMIF-N,2026-10-06,13.4403,13.642,13.4403,314547423.03,M0227_2560,บริษัทหลักทรัพย์จัดการกองทุน ยูโอบี (ประเทศไทย) จำกัด
UEQ-TESGX-D,2026-10-07,12.8358,12.8359,12.8358,2245824.29,M0454_2568,บริษัทหลักทรัพย์จัดการกองทุน ยูโอบี (ประเทศไทย) จำกัด
UEQ-TESGX-D68,2026-10-07,12.8353,12.8354,12.8353,30752744.51,M0454_2568,บริษัทหลักทรัพย์จัดการกองทุน ยูโอบี (ประเทศไทย) จำกัด
UEQ-TESGX-D68L,2026-10-07,12.8353,12.8354,12.8353,403167416.73,M0454_2568,บริษัทหลักทรัพย์จัดการกองทุน ยูโอบี (ประเทศไทย) จำกัด
UEQ-TESGX-N,2026-10-07,12.8354,12.8355,12.8354,1707133.14,M0454_2568,บริษัทหลักทรัพย์จัดการกองทุน ยูโอบี (ประเทศไทย) จำกัด
UEQ-TESGX-N68,2026-10-07,12.8353,12.8354,12.8353,50148479.18,M0454_2568,บริษัทหลักทรัพย์จัดการกองทุน ยูโอบี (ประเทศไทย) จำกัด
UEQ-TESGX-N68L,2026-10-07,12.8353,12.8354,12.8353,410951248.34,M0454_2568,บริษัทหลักทรัพย์จัดการกองทุน ยูโอบี (ประเทศไทย) จำกัด
UES,2026-10-06,12.8178,13.0102,12.8178,160579303.95,M0598_2558,บริษัทหลักทรัพย์จัดการกองทุน ยูโอบี (ประเทศไทย) จำกัด
UEV,2026-10-06,10.8285,10.991,10.8285,517109945.01,M0014_2564,บริษัทหลักทรัพย์จัดการกองทุน ยูโอบี (ประเทศไทย) จำกัด
UEV-M-UEV-SSF,2026-10-06,10.8335,10.8336,10.8335,78764307.84,M0014_2564,บริษัทหลักทรัพย์จัดการกองทุน ยูโอบี (ประเทศไทย) จำกัด
UFFF,2026-10-06,10.3808,10.3809,10.3808,164490607.96,M0473_2562,บริษัทหลักทรัพย์จัดการกองทุน ยูโอบี (ประเทศไทย) จำกัด
UFFF-I,2026-10-06,10.5394,10.5395,10.5394,75951440.41,M0473_2562,บริษัทหลักทรัพย์จัดการกองทุน ยูโอบี (ประเทศไทย) จำกัด
UFGOV1Y2,2026-10-07,10.0855,10.0856,10.0855,1564367234.83,M0728_2568,บริษัทหลักทรัพย์จัดการกองทุน ยูโอบี (ประเทศไทย) จำกัด
UFIN-A,2026-10-05,10.8768,10.9857,10.8768,131516839.72,M0368_2559,บริษัทหลักทรัพย์จัดการกองทุน ยูโอบี (ประเทศไทย) จำกัด
UFIN-N,2026-10-05,10.877,10.9859,10.877,670689477.91,M0368_2559,บริษัทหลักทรัพย์จัดการกองทุน ยูโอบี (ประเทศไทย) จำกัด
UGBF-A,2026-10-06,12.0444,12.2252,12.0444,197632230.53,M0741_2558,บริษัทหลักทรัพย์จัดการกองทุน ยูโอบี (ประเทศไทย) จำกัด
UGBF-N,2026-10-06,12.046,12.2268,12.046,1003284772.2,M0741_2558,บริษัทหลักทรัพย์จัดการกองทุน ยูโอบี (ประเทศไทย) จำกัด
UGBF-SSF,2026-10-06,12.0406,12.0407,12.0406,23193007.59,M0741_2558,บริษัทหลักทรัพย์จัดการกองทุน ยูโอบี (ประเทศไทย) จำกัด
UGBFRMF,2026-10-06,11.2338,11.2339,11.2338,138356487.39,M0460_2559,บริษัทหลักทรัพย์จัดการกองทุน ยูโอบี (ประเทศไทย) จำกัด
UGD,2026-10-06,14.7735,14.9952,14.7735,995995509.54,M0630_2558,บริษัทหลักทรัพย์จัดการกองทุน ยูโอบี (ประเทศไทย) จำกัด
UGDIVP,2026-10-06,9.9474,10.0967,9.9474,551040370.69,M1115_2568,บริษัทหลักทรัพย์จัดการกองทุน ยูโอบี (ประเทศไทย) จำกัด
UGDIVP-USD,2026-10-06,10.0702,10.2214,10.0702,8768791.63,M1058_2568,บริษัทหลักทรัพย์จัดการกองทุน ยูโอบี (ประเทศไทย) จำกัด
UGEAR,2026-10-06,13.2129,13.4112,13.2129,431893868.37,M0167_2561,บริษัทหลักทรัพย์จัดการกองทุน ยูโอบี (ประเทศไทย) จำกัด
UGEAR-NN,2026-10-06,13.2197,13.4181,13.2197,521365470.47,M0167_2561,บริษัทหลักทรัพย์จัดการกองทุน ยูโอบี (ประเทศไทย) จำกัด
UGFO-USD,2026-10-06,10.2441,10.3979,10.2441,1534865.81,M0805_2568,บริษัทหลักทรัพย์จัดการกองทุน ยูโอบี (ประเทศไทย) จำกัด
UGFT,2026-10-06,10.4065,10.5627,10.4065,7989580193.18,M0375_2564,บริษัทหลักทรัพย์จัดการกองทุน ยูโอบี (ประเทศไทย) จำกัด
UGFT-SSF,2026-10-06,10.406,10.4061,10.406,54750146.44,M0375_2564,บริษัทหลักทรัพย์จัดการกองทุน ยูโอบี (ประเทศไทย) จำกัด
UGFT-USD,2026-10-06,10.9363,11.1004,10.9363,13577959.53,M0116_2569,บริษัทหลักทรัพย์จัดการกองทุน ยูโอบี (ประเทศไทย) จำกัด
UGFTRMF,2026-10-06,11.284,11.2841,11.284,315289024.07,M0380_2568,บริษัทหลักทรัพย์จัดการกองทุน ยูโอบี (ประเทศไทย) จำกัด
UGH,2026-10-06,14.8671,15.0902,14.8671,173187822.16,M0644_2557,บริษัทหลักทรัพย์จัดการกองทุน ยูโอบี (ประเทศไทย) จำกัด
UGH-M-UGH-SSF,2026-10-06,14.8634,14.8635,14.8634,37997796.64,M0644_2557,บริษัทหลักทรัพย์จัดการกองทุน ยูโอบี (ประเทศไทย) จำกัด
UGIS-A,2026-10-06,11.176,11.2879,11.176,911937142.14,M0002_2560,บริษัทหลักทรัพย์จัดการกองทุน ยูโอบี (ประเทศไทย) จำกัด
UGIS-N,2026-10-06,11.1761,11.288,11.1761,9726885260.33,M0002_2560,บริษัทหลักทรัพย์จัดการกองทุน ยูโอบี (ประเทศไทย) จำกัด
UGIS-SSF,2026-10-06,11.1743,11.1744,11.1743,427147154.72,M0002_2560,บริษัทหลักทรัพย์จัดการกองทุน ยูโอบี (ประเทศไทย) จำกัด
UGIS-USD,2026-10-06,9.9986,10.0987,9.9986,16753587.66,M0683_2568,บริษัทหลักทรัพย์จัดการกองทุน ยูโอบี (ประเทศไทย) จำกัด
UGISFX-N,2026-10-06,10.011,10.1112,10.011,2374086437.73,M0337_2567,บริษัทหลักทรัพย์จัดการกองทุน ยูโอบี (ประเทศไทย) จำกัด
UGISFX-SSF,2026-10-06,10.0086,10.0087,10.0086,11081808.23,M0337_2567,บริษัทหลักทรัพย์จัดการกองทุน ยูโอบี (ประเทศไทย) จำกัด
UGISRMF,2026-10-06,10.5611,10.5612,10.5611,1236577910.08,M0510_2560,บริษัทหลักทรัพย์จัดการกองทุน ยูโอบี (ประเทศไทย) จำกัด
UGMAC,2026-10-06,11.1584,11.3259,11.1584,32382593.85,M0273_2559,บริษัทหลักทรัพย์จัดการกองทุน ยูโอบี (ประเทศไทย) จำกัด
UGOLD-USD,2026-10-07,9.4654,9.5507,9.4512,541519.74,M0456_2569,บริษัทหลักทรัพย์จัดการกองทุน ยูโอบี (ประเทศไทย) จำกัด
UGOV6M44,2026-10-07,10.0432,10.0433,10.0432,610572546.41,M1090_2568,บริษัทหลักทรัพย์จัดการกองทุน ยูโอบี (ประเทศไทย) จำกัด
UGOV6M45,2026-10-07,10.037,10.0371,10.037,49691706.91,M0276_2569,บริษัทหลักทรัพย์จัดการกองทุน ยูโอบี (ประเทศไทย) จำกัด
UGOV6M46,2026-10-07,10.0283,10.0284,10.0283,26366032.57,M0278_2569,บริษัทหลักทรัพย์จัดการกองทุน ยูโอบี (ประเทศไทย) จำกัด
UGOV6M47,2026-10-07,10.0215,10.0216,10.0215,239304441.53,M0445_2569,บริษัทหลักทรัพย์จัดการกองทุน ยูโอบี (ประเทศไทย) จำกัด
UGOV6M48,2026-10-07,10.0149,10.015,10.0149,181636291.88,M0446_2569,บริษัทหลักทรัพย์จัดการกองทุน ยูโอบี (ประเทศไทย) จำกัด
UGOV6M49,2026-10-07,10.0117,10.0118,10.0117,157388605.96,M0447_2569,บริษัทหลักทรัพย์จัดการกองทุน ยูโอบี (ประเทศไทย) จำกัด
UGQG,2026-10-06,12.7639,12.9555,12.7639,958496608.79,M0276_2561,บริษัทหลักทรัพย์จัดการกองทุน ยูโอบี (ประเทศไทย) จำกัด
UGQG-SSF,2026-10-06,12.7614,12.7615,12.7614,444916422.91,M0276_2561,บริษัทหลักทรัพย์จัดการกองทุน ยูโอบี (ประเทศไทย) จำกัด
UGQGRMF,2026-10-06,13.5439,13.544,13.5439,952495175.43,M0398_2561,บริษัทหลักทรัพย์จัดการกองทุน ยูโอบี (ประเทศไทย) จำกัด
UGSE,2026-10-05,18.5665,18.8451,18.5665,43027935.38,M0688_2558,บริษัทหลักทรัพย์จัดการกองทุน ยูโอบี (ประเทศไทย) จำกัด
UGSTAR,2026-10-06,18.8397,19.1224,18.8397,1386587292.56,M0232_2563,บริษัทหลักทรัพย์จัดการกองทุน ยูโอบี (ประเทศไทย) จำกัด
UGSTAR-D,2026-10-06,17.0034,17.2586,17.0034,11417985.02,M0232_2563,บริษัทหลักทรัพย์จัดการกองทุน ยูโอบี (ประเทศไทย) จำกัด
UGSTAR-SSF,2026-10-06,18.8395,18.8396,18.8395,38167506.63,M0232_2563,บริษัทหลักทรัพย์จัดการกองทุน ยูโอบี (ประเทศไทย) จำกัด
UGSTAR-SSF-D,2026-10-06,17.3768,17.3769,17.3768,14912341.92,M0232_2563,บริษัทหลักทรัพย์จัดการกองทุน ยูโอบี (ประเทศไทย) จำกัด
UGTECH-USD,2026-10-06,13.0305,13.2912,13.0305,16781375.02,M0793_2568,บริษัทหลักทรัพย์จัดการกองทุน ยูโอบี (ประเทศไทย) จำกัด
UGUSD6M13,2026-10-07,10.1689,10.169,10.1689,7774493.98,M0096_2569,บริษัทหลักทรัพย์จัดการกองทุน ยูโอบี (ประเทศไทย) จำกัด
UGUSD6M14,2026-10-07,10.1406,10.1407,10.1406,10241119.18,M0297_2569,บริษัทหลักทรัพย์จัดการกองทุน ยูโอบี (ประเทศไทย) จำกัด
UGUSD6M15,2026-10-07,10.1286,10.1287,10.1286,4480235.58,M0298_2569,บริษัทหลักทรัพย์จัดการกองทุน ยูโอบี (ประเทศไทย) จำกัด
UGUSD6M16,2026-10-07,10.1164,10.1165,10.1164,4808017.58,M0299_2569,บริษัทหลักทรัพย์จัดการกองทุน ยูโอบี (ประเทศไทย) จำกัด
UGUSD6M17,2026-10-07,10.0899,10.09,10.0899,19813364.48,M0551_2569,บริษัทหลักทรัพย์จัดการกองทุน ยูโอบี (ประเทศไทย) จำกัด
UGUSD6M18,2026-10-07,10.0801,10.0802,10.0801,1156223.75,M0570_2569,บริษัทหลักทรัพย์จัดการกองทุน ยูโอบี (ประเทศไทย) จำกัด
UGUSD6M19,2026-10-07,10.0746,10.0747,10.0746,13298003.67,M0571_2569,บริษัทหลักทรัพย์จัดการกองทุน ยูโอบี (ประเทศไทย) จำกัด
UGUSD6M20,2026-10-07,10.0616,10.0617,10.0616,3275912.74,M0572_2569,บริษัทหลักทรัพย์จัดการกองทุน ยูโอบี (ประเทศไทย) จำกัด
UHCRMF,2026-10-06,12.4013,12.4014,12.4013,547331058.71,M0475_2558,บริษัทหลักทรัพย์จัดการกองทุน ยูโอบี (ประเทศไทย) จำกัด
UHERO,2026-10-06,8.7914,8.9234,8.7914,206501658.95,M0353_2564,บริษัทหลักทรัพย์จัดการกองทุน ยูโอบี (ประเทศไทย) จำกัด
UIDPLUS,2026-10-07,10.8275,10.8276,10.8275,9592798522.73,M0127_2559,บริษัทหลักทรัพย์จัดการกองทุน ยูโอบี (ประเทศไทย) จำกัด
UIFT-N,2026-10-06,12.0765,12.1974,12.0765,4141249260.73,M0283_2566,บริษัทหลักทรัพย์จัดการกองทุน ยูโอบี (ประเทศไทย) จำกัด
UIFT-SSF,2026-10-06,12.0826,12.0827,12.0826,22695198.98,M0283_2566,บริษัทหลักทรัพย์จัดการกองทุน ยูโอบี (ประเทศไทย) จำกัด
UIFT-USD,2026-10-06,10.3967,10.5008,10.3967,7807493.71,M0144_2569,บริษัทหลักทรัพย์จัดการกองทุน ยูโอบี (ประเทศไทย) จำกัด
UIFTRMF,2026-10-06,10.5803,10.5804,10.5803,119933610.03,M0365_2568,บริษัทหลักทรัพย์จัดการกองทุน ยูโอบี (ประเทศไทย) จำกัด
UINC-A,2026-10-06,9.4752,9.5701,9.4752,4375638.65,M0005_2563,บริษัทหลักทรัพย์จัดการกองทุน ยูโอบี (ประเทศไทย) จำกัด
UINC-N,2026-10-06,9.475,9.5699,9.475,133212703.5,M0005_2563,บริษัทหลักทรัพย์จัดการกองทุน ยูโอบี (ประเทศไทย) จำกัด
UINFRA-N,2026-10-06,11.2315,11.3439,11.2315,681825790.92,M0502_2564,บริษัทหลักทรัพย์จัดการกองทุน ยูโอบี (ประเทศไทย) จำกัด
UINFRA-SSF,2026-10-06,11.2324,11.2325,11.2324,6028257.88,M0502_2564,บริษัทหลักทรัพย์จัดการกองทุน ยูโอบี (ประเทศไทย) จำกัด
UJAZZ,2026-09-30,10.4245,10.5549,10.4245,219524406.7,M0523_2562,บริษัทหลักทรัพย์จัดการกองทุน ยูโอบี (ประเทศไทย) จำกัด
UJAZZ-SSF,2026-09-30,10.4243,10.4244,10.4243,8877496.46,M0523_2562,บริษัทหลักทรัพย์จัดการกองทุน ยูโอบี (ประเทศไทย) จำกัด
UJSMRMF,2026-10-06,18.1825,18.1826,18.1825,87998296.58,M0165_2562,บริษัทหลักทรัพย์จัดการกองทุน ยูโอบี (ประเทศไทย) จำกัด
ULGG-UI-N,2026-10-06,10.1061,10.2578,10.1061,111184961.9,M0546_2569,บริษัทหลักทรัพย์จัดการกองทุน ยูโอบี (ประเทศไทย) จำกัด
UMIX-DIV-LD,2026-10-07,15.4085,15.4086,15.4085,226121129.66,M0242_2550,บริษัทหลักทรัพย์จัดการกองทุน ยูโอบี (ประเทศไทย) จำกัด
UMIX-TESGX-D,2026-10-07,11.5238,11.5239,11.5238,4137500.94,M0461_2568,บริษัทหลักทรัพย์จัดการกองทุน ยูโอบี (ประเทศไทย) จำกัด
UMIX-TESGX-D68,2026-10-07,11.5237,11.5238,11.5237,91767561.36,M0461_2568,บริษัทหลักทรัพย์จัดการกองทุน ยูโอบี (ประเทศไทย) จำกัด
UMIX-TESGX-D68L,2026-10-07,11.5236,11.5237,11.5236,852340989.86,M0461_2568,บริษัทหลักทรัพย์จัดการกองทุน ยูโอบี (ประเทศไทย) จำกัด
UMIX-TESGX-N,2026-10-07,11.5238,11.5239,11.5238,3223658.15,M0461_2568,บริษัทหลักทรัพย์จัดการกองทุน ยูโอบี (ประเทศไทย) จำกัด
UMIX-TESGX-N68,2026-10-07,11.5237,11.5238,11.5237,123205579.82,M0461_2568,บริษัทหลักทรัพย์จัดการกองทุน ยูโอบี (ประเทศไทย) จำกัด
UMIX-TESGX-N68L,2026-10-07,11.5236,11.5237,11.5236,853401591.28,M0461_2568,บริษัทหลักทรัพย์จัดการกองทุน ยูโอบี (ประเทศไทย) จำกัด
UNF,2026-10-07,13.4699,13.5373,13.4699,37136401.48,M0024_2536,บริษัทหลักทรัพย์จัดการกองทุน เอ็มเอฟซี จำกัด (มหาชน)
UNI,2026-10-06,17.7705,18.0372,17.7705,1138000829.32,M0345_2561,บริษัทหลักทรัพย์จัดการกองทุน ยูโอบี (ประเทศไทย) จำกัด
UNI-M-UNI-SSF,2026-10-06,17.7769,17.777,17.7769,82573035.19,M0345_2561,บริษัทหลักทรัพย์จัดการกองทุน ยูโอบี (ประเทศไทย) จำกัด
UNIRMF,2026-10-06,9.6969,9.697,9.6969,86438592.39,M0169_2564,บริษัทหลักทรัพย์จัดการกองทุน ยูโอบี (ประเทศไทย) จำกัด
UOBEQ-SSF,2026-10-07,11.783,11.7831,11.783,384435174.79,M0165_2563,บริษัทหลักทรัพย์จัดการกองทุน ยูโอบี (ประเทศไทย) จำกัด
UOBEQ-SSFX,2026-10-07,11.7828,11.7829,11.7828,650025308.55,M0165_2563,บริษัทหลักทรัพย์จัดการกองทุน ยูโอบี (ประเทศไทย) จำกัด
UOBEQRMF,2026-10-07,87.8331,87.8332,87.8331,1471034157.69,M0089_2545,บริษัทหลักทรัพย์จัดการกองทุน ยูโอบี (ประเทศไทย) จำกัด
UOBGARMF,2026-10-06,14.4879,14.488,14.4879,173450828.36,M0021_2558,บริษัทหลักทรัพย์จัดการกองทุน ยูโอบี (ประเทศไทย) จำกัด
UOBGBRMF,2026-10-07,16.2126,16.2127,16.2126,1529702732.59,M0083_2545,บริษัทหลักทรัพย์จัดการกองทุน ยูโอบี (ประเทศไทย) จำกัด
UOBGRMF-H,2026-10-07,17.8685,17.8686,17.8685,405388351.44,M0815_2554,บริษัทหลักทรัพย์จัดการกองทุน ยูโอบี (ประเทศไทย) จำกัด
UOBID,2026-10-07,12.5458,12.5459,12.5458,1156112496.07,M0021_2554,บริษัทหลักทรัพย์จัดการกองทุน ยูโอบี (ประเทศไทย) จำกัด
UOBSA,2026-10-06,16.3649,16.6105,16.3649,2843508456.46,M0233_2550,บริษัทหลักทรัพย์จัดการกองทุน ยูโอบี (ประเทศไทย) จำกัด
UOBSA-SSF,2026-10-06,16.3595,16.3596,16.3595,10046250.29,M0233_2550,บริษัทหลักทรัพย์จัดการกองทุน ยูโอบี (ประเทศไทย) จำกัด
UOBSAI,2026-10-06,12.3369,12.5221,12.3369,83250122.71,M0243_2558,บริษัทหลักทรัพย์จัดการกองทุน ยูโอบี (ประเทศไทย) จำกัด
UOBSAS100,2026-10-07,37.6325,37.8208,37.4443,185401014.29,M0300_2548,บริษัทหลักทรัพย์จัดการกองทุน ยูโอบี (ประเทศไทย) จำกัด
UOBSAS100D,2026-10-07,8.9541,8.999,8.9317,158001267.28,M0228_2551,บริษัทหลักทรัพย์จัดการกองทุน ยูโอบี (ประเทศไทย) จำกัด
UOBSC,2026-10-05,3.9489,4.0082,3.9489,31293501.14,M0336_2551,บริษัทหลักทรัพย์จัดการกองทุน ยูโอบี (ประเทศไทย) จำกัด
UOBSCI-D,2026-09-30,10.5171,10.675,10.5171,29880711.89,M0573_2553,บริษัทหลักทรัพย์จัดการกองทุน ยูโอบี (ประเทศไทย) จำกัด
UOBSCI-N,2026-09-30,19.7871,20.084,19.7871,94391604.33,M0573_2553,บริษัทหลักทรัพย์จัดการกองทุน ยูโอบี (ประเทศไทย) จำกัด
UOBSD,2026-10-07,13.7146,13.7147,13.7146,12156724408.88,M0116_2549,บริษัทหลักทรัพย์จัดการกองทุน ยูโอบี (ประเทศไทย) จำกัด
UOBSD-SSF,2026-10-07,13.7146,13.7147,13.7146,319906444.09,M0116_2549,บริษัทหลักทรัพย์จัดการกองทุน ยูโอบี (ประเทศไทย) จำกัด
UOBSDF,2026-10-07,25.3424,25.4692,25.2157,222300211.39,M0644_2553,บริษัทหลักทรัพย์จัดการกองทุน ยูโอบี (ประเทศไทย) จำกัด
UOBSG - H,2026-10-07,17.2056,17.3089,17.1884,1108993272.04,M0862_2554,บริษัทหลักทรัพย์จัดการกองทุน ยูโอบี (ประเทศไทย) จำกัด
UOBSG-D,2026-10-06,23.1508,23.3014,23.1161,115005269.07,M0232_2553,บริษัทหลักทรัพย์จัดการกองทุน ยูโอบี (ประเทศไทย) จำกัด
UOBSG-N,2026-10-06,27.6594,27.8393,27.6179,1452566863.67,M0232_2553,บริษัทหลักทรัพย์จัดการกองทุน ยูโอบี (ประเทศไทย) จำกัด
UOBSGA,2026-10-06,14.7714,14.9931,14.7714,137807669.87,M1199_2557,บริษัทหลักทรัพย์จัดการกองทุน ยูโอบี (ประเทศไทย) จำกัด
UOBSGA-N,2026-10-06,14.7711,14.9928,14.7711,660413667.88,M1199_2557,บริษัทหลักทรัพย์จัดการกองทุน ยูโอบี (ประเทศไทย) จำกัด
UOBSGC,2026-09-30,19.8146,20.1119,19.8146,1385266253.23,M0423_2550,บริษัทหลักทรัพย์จัดการกองทุน ยูโอบี (ประเทศไทย) จำกัด
UOBSHC,2026-10-06,15.2276,15.4561,15.2276,1186295155.28,M0654_2557,บริษัทหลักทรัพย์จัดการกองทุน ยูโอบี (ประเทศไทย) จำกัด
UOBSHC-SSF,2026-10-06,15.2227,15.2228,15.2227,145406769.82,M0654_2557,บริษัทหลักทรัพย์จัดการกองทุน ยูโอบี (ประเทศไทย) จำกัด
UOBSHY,2026-10-06,12.2863,12.3478,12.2863,258206407.65,M0238_2557,บริษัทหลักทรัพย์จัดการกองทุน ยูโอบี (ประเทศไทย) จำกัด
UOBSHY-A,2026-10-06,12.2866,12.3481,12.2866,3394335.78,M0238_2557,บริษัทหลักทรัพย์จัดการกองทุน ยูโอบี (ประเทศไทย) จำกัด
UOBSJSM,2026-10-06,35.5777,36.1115,35.5777,1165610314.39,M0930_2556,บริษัทหลักทรัพย์จัดการกองทุน ยูโอบี (ประเทศไทย) จำกัด
UOBSMG,2026-10-07,75.0853,75.8363,75.0853,411114470.25,M0220_2542,บริษัทหลักทรัพย์จัดการกองทุน ยูโอบี (ประเทศไทย) จำกัด
UOBSVRMF,2026-10-07,13.4571,13.4572,13.4571,347264112.77,M0088_2545,บริษัทหลักทรัพย์จัดการกองทุน ยูโอบี (ประเทศไทย) จำกัด
UPINCM,2026-10-05,11.6871,11.8041,11.6871,41922409.64,M0287_2559,บริษัทหลักทรัพย์จัดการกองทุน ยูโอบี (ประเทศไทย) จำกัด
UPINCM-N,2026-10-05,11.704,11.8211,11.704,13251675.97,M0287_2559,บริษัทหลักทรัพย์จัดการกองทุน ยูโอบี (ประเทศไทย) จำกัด
UPOP,2026-09-30,10.9079,11.0444,10.9079,226601486.05,M0524_2562,บริษัทหลักทรัพย์จัดการกองทุน ยูโอบี (ประเทศไทย) จำกัด
UPOP-SSF,2026-09-30,10.9074,10.9075,10.9074,14691597.37,M0524_2562,บริษัทหลักทรัพย์จัดการกองทุน ยูโอบี (ประเทศไทย) จำกัด
UPOST,2026-10-06,9.8273,9.9257,9.8273,117479335.9,M0708_2569,บริษัทหลักทรัพย์จัดการกองทุน ยูโอบี (ประเทศไทย) จำกัด
UPRE,2026-10-06,9.8518,9.9997,9.8518,274453264.38,M0649_2569,บริษัทหลักทรัพย์จัดการกองทุน ยูโอบี (ประเทศไทย) จำกัด
UQI-N,2026-10-06,10.3434,10.3952,10.3434,295085718.78,M0142_2566,บริษัทหลักทรัพย์จัดการกองทุน ยูโอบี (ประเทศไทย) จำกัด
UQI-SSF,2026-10-06,10.3484,10.3485,10.3484,2482618.98,M0142_2566,บริษัทหลักทรัพย์จัดการกองทุน ยูโอบี (ประเทศไทย) จำกัด
UROCK,2026-09-30,11.9798,12.1296,11.9798,781911501.43,M0525_2562,บริษัทหลักทรัพย์จัดการกองทุน ยูโอบี (ประเทศไทย) จำกัด
UROCK-SSF,2026-09-30,11.9767,11.9768,11.9767,122427300.07,M0525_2562,บริษัทหลักทรัพย์จัดการกองทุน ยูโอบี (ประเทศไทย) จำกัด
USDAILY,2026-10-06,10.4531,10.4532,10.4531,108771245.88,M0143_2568,บริษัทหลักทรัพย์จัดการกองทุน ยูโอบี (ประเทศไทย) จำกัด
USDHY-A,2026-10-06,11.0847,11.1402,11.0847,2710573.63,M0706_2559,บริษัทหลักทรัพย์จัดการกองทุน ยูโอบี (ประเทศไทย) จำกัด
USDHY-N,2026-10-06,11.0885,11.144,11.0885,31185327.36,M0706_2559,บริษัทหลักทรัพย์จัดการกองทุน ยูโอบี (ประเทศไทย) จำกัด
USDREADY,2026-10-06,10.1792,10.1793,10.1792,39774305.96,M0143_2569,บริษัทหลักทรัพย์จัดการกองทุน ยูโอบี (ประเทศไทย) จำกัด
USGE-PVD,2026-10-06,14.1249,14.125,14.1249,270805837.35,M0237_2563,บริษัทหลักทรัพย์จัดการกองทุน ยูโอบี (ประเทศไทย) จำกัด
USHY,2026-10-06,12.3799,12.4419,12.3799,14916309.81,M0239_2557,บริษัทหลักทรัพย์จัดการกองทุน ยูโอบี (ประเทศไทย) จำกัด
USHY-A,2026-10-06,12.3799,12.4419,12.3799,23413044.16,M0239_2557,บริษัทหลักทรัพย์จัดการกองทุน ยูโอบี (ประเทศไทย) จำกัด
USI,2026-10-06,9.5407,9.6362,9.5407,235305882.53,M0108_2564,บริษัทหลักทรัพย์จัดการกองทุน ยูโอบี (ประเทศไทย) จำกัด
USOV6M1,2026-10-07,10.009,10.0091,10.009,700326434.03,M0795_2569,บริษัทหลักทรัพย์จัดการกองทุน ยูโอบี (ประเทศไทย) จำกัด
USOV6M2,2026-10-07,10.0009,10.001,10.0009,1121493981.8,M0812_2569,บริษัทหลักทรัพย์จัดการกองทุน ยูโอบี (ประเทศไทย) จำกัด
USOVUSD3M1,2026-10-07,10.0541,10.0542,10.0541,55488234.83,M0790_2569,บริษัทหลักทรัพย์จัดการกองทุน ยูโอบี (ประเทศไทย) จำกัด
USOVUSD3M2,2026-10-07,10.0387,10.0388,10.0387,100411655.22,M0798_2569,บริษัทหลักทรัพย์จัดการกองทุน ยูโอบี (ประเทศไทย) จำกัด
USOVUSD3M3,2026-10-07,10.0103,10.0104,10.0103,51800046.73,M0799_2569,บริษัทหลักทรัพย์จัดการกองทุน ยูโอบี (ประเทศไทย) จำกัด
USOVUSD6M1,2026-10-07,10.0336,10.0337,10.0336,8278879.54,M0806_2569,บริษัทหลักทรัพย์จัดการกองทุน ยูโอบี (ประเทศไทย) จำกัด
USOVUSD6M2,2026-10-07,10.0222,10.0223,10.0222,5217668.41,M0816_2569,บริษัทหลักทรัพย์จัดการกองทุน ยูโอบี (ประเทศไทย) จำกัด
USOVUSD6M3,2026-10-07,10.0169,10.017,10.0169,7302830.1,M0817_2569,บริษัทหลักทรัพย์จัดการกองทุน ยูโอบี (ประเทศไทย) จำกัด
UST-N,2026-10-05,11.0801,11.2464,11.0801,28051519.55,M0040_2565,บริษัทหลักทรัพย์จัดการกองทุน ยูโอบี (ประเทศไทย) จำกัด
UST-SSF,2026-10-05,11.0814,11.0815,11.0814,4081756.06,M0040_2565,บริษัทหลักทรัพย์จัดการกองทุน ยูโอบี (ประเทศไทย) จำกัด
USUS,2026-10-06,11.9143,12.0931,11.9143,746463170.08,M0465_2563,บริษัทหลักทรัพย์จัดการกองทุน ยูโอบี (ประเทศไทย) จำกัด
USUS-SSF,2026-10-06,11.9151,11.9152,11.9151,72227423.73,M0465_2563,บริษัทหลักทรัพย์จัดการกองทุน ยูโอบี (ประเทศไทย) จำกัด
USUSRMF,2026-10-06,10.225,10.2251,10.225,145987816.86,M0154_2564,บริษัทหลักทรัพย์จัดการกองทุน ยูโอบี (ประเทศไทย) จำกัด
UTACTIVE-D,2026-10-07,27.2026,27.4747,27.2026,31093.45,M0614_2547,บริษัทหลักทรัพย์จัดการกองทุน ยูโอบี (ประเทศไทย) จำกัด
UTACTIVE-LD,2026-10-07,37.5642,37.5643,37.5642,16297688.69,M0614_2547,บริษัทหลักทรัพย์จัดการกองทุน ยูโอบี (ประเทศไทย) จำกัด
UTACTIVE-LN,2026-10-07,37.806,37.8061,37.806,1752991204.4,M0614_2547,บริษัทหลักทรัพย์จัดการกองทุน ยูโอบี (ประเทศไทย) จำกัด
UTCG-LN,2026-10-07,58.9175,59.5068,58.9175,3084596985.2,M0492_2547,บริษัทหลักทรัพย์จัดการกองทุน ยูโอบี (ประเทศไทย) จำกัด
UTHAICG,2026-10-07,10.3814,10.4853,10.3814,200828229.85,M0494_2560,บริษัทหลักทรัพย์จัดการกองทุน ยูโอบี (ประเทศไทย) จำกัด
UTHAISME-LN,2026-10-07,9.9679,9.968,9.9679,77026966.55,M0582_2559,บริษัทหลักทรัพย์จัดการกองทุน ยูโอบี (ประเทศไทย) จำกัด
UTSB-THAIESG,2026-10-07,10.0408,10.0409,10.0408,1231309437.4,M0779_2567,บริษัทหลักทรัพย์จัดการกองทุน ยูโอบี (ประเทศไทย) จำกัด
UTSEQ-THAIESG,2026-10-07,11.4744,11.4745,11.4744,818020166.44,M0853_2566,บริษัทหลักทรัพย์จัดการกองทุน ยูโอบี (ประเทศไทย) จำกัด
UTSME,2026-10-07,15.131,15.2824,15.131,43906828.46,M0395_2558,บริษัทหลักทรัพย์จัดการกองทุน ยูโอบี (ประเทศไทย) จำกัด
UUSA,2026-10-06,11.7876,11.9645,11.7876,715146995.26,M0670_2567,บริษัทหลักทรัพย์จัดการกองทุน ยูโอบี (ประเทศไทย) จำกัด
UUSA-SSF,2026-10-06,11.7702,11.7703,11.7702,8813347.56,M0670_2567,บริษัทหลักทรัพย์จัดการกองทุน ยูโอบี (ประเทศไทย) จำกัด
UUSL-USD,2026-10-06,10.229,10.4337,10.229,11146103.29,M0709_2569,บริษัทหลักทรัพย์จัดการกองทุน ยูโอบี (ประเทศไทย) จำกัด
UUSTECH,2026-10-06,12.0446,12.2254,12.0446,1067989130.76,M0745_2568,บริษัทหลักทรัพย์จัดการกองทุน ยูโอบี (ประเทศไทย) จำกัด
UUSTECH-USD,2026-10-06,12.2307,12.4143,12.2307,3280243.82,M0800_2568,บริษัทหลักทรัพย์จัดการกองทุน ยูโอบี (ประเทศไทย) จำกัด
UVALUE-DIV-LD,2026-10-07,23.2412,23.2413,23.2412,1642174812.15,M0245_2550,บริษัทหลักทรัพย์จัดการกองทุน ยูโอบี (ประเทศไทย) จำกัด
UVO,2026-10-06,9.0062,9.1414,9.0062,78976770.35,M0102_2561,บริษัทหลักทรัพย์จัดการกองทุน ยูโอบี (ประเทศไทย) จำกัด
UWEQP,2026-10-06,10.2392,10.3417,10.2392,350859484.25,M0357_2569,บริษัทหลักทรัพย์จัดการกองทุน ยูโอบี (ประเทศไทย) จำกัด
V-RMF-A,2026-10-07,93.515,93.5151,93.515,640253548.49,M0070_2544,บริษัทหลักทรัพย์จัดการกองทุน วรรณ จำกัด
V-RMF-P,2026-10-07,93.5151,93.5152,93.5151,11785770.99,M0070_2544,บริษัทหลักทรัพย์จัดการกองทุน วรรณ จำกัด
VAYUA,2026-10-07,10.5416,10.5416,10.5416,158124164383.56,M0681_2546,บริษัทหลักทรัพย์จัดการกองทุน กรุงไทย จำกัด (มหาชน)
VAYUB,2026-10-07,63.6176,63.6176,63.6176,432241021891.23,M0681_2546,บริษัทหลักทรัพย์จัดการกองทุน กรุงไทย จำกัด (มหาชน)
VFOCUS-D,2026-10-07,4.5621,4.6078,4.5621,545301182.17,M0615_2555,บริษัทหลักทรัพย์จัดการกองทุน ยูโอบี (ประเทศไทย) จำกัด
X-DAILY,2026-10-07,10.0101,10.0102,10.0101,89855660.54,M0115_2569,บริษัทหลักทรัพย์จัดการกองทุน เอ็กซ์สปริง จำกัด
X-DATACENEQ,2026-10-06,13.5832,13.8013,13.5832,109466452.0,M1026_2568,บริษัทหลักทรัพย์จัดการกองทุน เอ็กซ์สปริง จำกัด
X-EMBOND,2026-10-05,10.5241,10.6087,10.5241,108684613.54,M0544_2568,บริษัทหลักทรัพย์จัดการกองทุน เอ็กซ์สปริง จำกัด
X-EQPRO,2026-10-07,18.9902,18.9903,18.9427,8949137.68,M0257_2550,บริษัทหลักทรัพย์จัดการกองทุน เอ็กซ์สปริง จำกัด
X-EQRMF,2026-10-07,17.6169,17.617,17.6169,4123760.1,M0359_2552,บริษัทหลักทรัพย์จัดการกองทุน เอ็กซ์สปริง จำกัด
X-FIXED6M1R,2026-10-07,10.4038,10.4039,10.4038,283054138.25,M0105_2568,บริษัทหลักทรัพย์จัดการกองทุน เอ็กซ์สปริง จำกัด
X-FIXED6M2R,2026-10-07,10.1689,10.169,10.1689,502607226.96,M0309_2568,บริษัทหลักทรัพย์จัดการกองทุน เอ็กซ์สปริง จำกัด
X-JPTOPTECH,2026-10-07,14.0116,14.2366,14.0116,132667169.88,M0274_2569,บริษัทหลักทรัพย์จัดการกองทุน เอ็กซ์สปริง จำกัด
X-NUCTECH,2026-10-06,10.8563,11.0306,10.8563,408895229.73,M0347_2568,บริษัทหลักทรัพย์จัดการกองทุน เอ็กซ์สปริง จำกัด
X-PEGINFRA-UI,2026-09-29,11.1696,11.349,11.1696,244243027.55,M0626_2567,บริษัทหลักทรัพย์จัดการกองทุน เอ็กซ์สปริง จำกัด
X-Plus,2026-10-07,10.4664,10.4665,10.4664,574903856.69,M0073_2567,บริษัทหลักทรัพย์จัดการกองทุน เอ็กซ์สปริง จำกัด
X-QUANTUM,2026-10-06,11.5603,11.7459,11.5603,22773823.09,M0961_2568,บริษัทหลักทรัพย์จัดการกองทุน เอ็กซ์สปริง จำกัด
X-SEQS-ASSF,2026-10-07,11.7348,11.7349,11.7348,538551.79,M0095_2563,บริษัทหลักทรัพย์จัดการกองทุน เอ็กซ์สปริง จำกัด
X-SEQS-DSSF,2026-10-07,11.253,11.2531,11.253,484342.21,M0095_2563,บริษัทหลักทรัพย์จัดการกองทุน เอ็กซ์สปริง จำกัด
X-SEQS-IA,2026-10-07,12.7218,12.7219,12.7218,13267540.69,M0095_2563,บริษัทหลักทรัพย์จัดการกองทุน เอ็กซ์สปริง จำกัด
X-SEQS-ID,2026-10-07,12.2381,12.2382,12.2381,4958815.15,M0095_2563,บริษัทหลักทรัพย์จัดการกองทุน เอ็กซ์สปริง จำกัด
X-SEQS-RA,2026-10-07,11.1678,11.2874,11.1678,58079.71,M0095_2563,บริษัทหลักทรัพย์จัดการกองทุน เอ็กซ์สปริง จำกัด
X-SEQS-RD,2026-10-07,11.8259,11.9525,11.8259,2104498.56,M0095_2563,บริษัทหลักทรัพย์จัดการกองทุน เอ็กซ์สปริง จำกัด
X-SPACE,2026-10-06,7.6314,7.754,7.6314,222296237.89,M0599_2569,บริษัทหลักทรัพย์จัดการกองทุน เอ็กซ์สปริง จำกัด
X-VOLT,2026-10-06,9.62,9.7745,9.62,54498528.35,M0482_2569,บริษัทหลักทรัพย์จัดการกองทุน เอ็กซ์สปริง จำกัด
tsp1-preserver,2026-10-06,10.1178,10.1179,10.0166,286811545.26,M0197_2564,บริษัทหลักทรัพย์จัดการกองทุน อีสท์สปริง (ประเทศไทย) จำกัด
tsp1-preserver-SSF,2026-10-06,9.7847,9.7848,9.7847,20126482.15,M0446_2564,บริษัทหลักทรัพย์จัดการกองทุน อีสท์สปริง (ประเทศไทย) จำกัด
tsp2-nurturer,2026-10-06,11.0047,11.0048,10.8947,783975120.85,M0199_2564,บริษัทหลักทรัพย์จัดการกองทุน อีสท์สปริง (ประเทศไทย) จำกัด
tsp2-nurturer-SSF,2026-10-06,10.5737,10.5738,10.5737,13584494.61,M0447_2564,บริษัทหลักทรัพย์จัดการกองทุน อีสท์สปริง (ประเทศไทย) จำกัด
tsp3-balancer,2026-10-06,12.4818,12.4819,12.357,1249738469.37,M0200_2564,บริษัทหลักทรัพย์จัดการกองทุน อีสท์สปริง (ประเทศไทย) จำกัด
tsp3-balancer-SSF,2026-10-06,11.9705,11.9706,11.9705,46374548.31,M0448_2564,บริษัทหลักทรัพย์จัดการกองทุน อีสท์สปริง (ประเทศไทย) จำกัด
tsp4-explorer,2026-10-06,12.321,12.3211,12.1978,522350111.55,M0201_2564,บริษัทหลักทรัพย์จัดการกองทุน อีสท์สปริง (ประเทศไทย) จำกัด
tsp4-explorer-SSF,2026-10-06,11.7044,11.7045,11.7044,35676021.74,M0444_2564,บริษัทหลักทรัพย์จัดการกองทุน อีสท์สปริง (ประเทศไทย) จำกัด
tsp5-gogetter,2026-10-06,13.0128,13.0129,12.8827,1165018553.22,M0198_2564,บริษัทหลักทรัพย์จัดการกองทุน อีสท์สปริง (ประเทศไทย) จำกัด
tsp5-gogetter-SSF,2026-10-06,12.2258,12.2259,12.2258,111651202.72,M0449_2564,บริษัทหลักทรัพย์จัดการกองทุน อีสท์สปริง (ประเทศไทย) จำกัด
